<?xml version="1.0" encoding="UTF-8"?>
<kml xmlns="http://www.opengis.net/kml/2.2"><Document>
<name>AeroNode EKF drift - stationary unit</name>
<description>ArduPilot EKF3 position estimate, board stationary on a bench.
6040 samples over 150 s. GPS 3D fix, 21 sats, eph 0.73 m.
EKF was in CONST_POS_MODE: GPS was NOT being fused horizontally.</description>
<Style id="t"><LineStyle><color>ff00a5ff</color><width>3</width></LineStyle>
<PolyStyle><color>4000a5ff</color></PolyStyle></Style>
<Placemark><name>drift track</name><styleUrl>#t</styleUrl>
<LineString><extrude>1</extrude><altitudeMode>absolute</altitudeMode>
<coordinates>24.836077000,-34.196658400,0.590 24.836077000,-34.196658400,0.590 24.836077000,-34.196658100,0.580 24.836077000,-34.196658100,0.580 24.836077000,-34.196658100,0.580 24.836077000,-34.196658100,0.580 24.836076900,-34.196658100,0.630 24.836076900,-34.196658000,0.630 24.836076900,-34.196658000,0.630 24.836076900,-34.196658000,0.630 24.836076900,-34.196658000,0.550 24.836076900,-34.196657900,0.550 24.836076900,-34.196657800,0.550 24.836076900,-34.196657800,0.550 24.836076900,-34.196657800,0.590 24.836076900,-34.196657800,0.590 24.836076900,-34.196657800,0.590 24.836076900,-34.196657700,0.590 24.836076900,-34.196657700,0.510 24.836076900,-34.196657700,0.510 24.836076900,-34.196657700,0.510 24.836076900,-34.196657600,0.510 24.836077000,-34.196657600,-0.430 24.836077000,-34.196657600,-0.430 24.836077000,-34.196657600,-0.430 24.836077000,-34.196657600,-0.430 24.836077000,-34.196657600,-0.320 24.836077100,-34.196657600,-0.320 24.836077100,-34.196657600,-0.320 24.836077100,-34.196657600,-0.320 24.836077100,-34.196657600,-0.230 24.836077100,-34.196657600,-0.230 24.836077100,-34.196657700,-0.230 24.836077200,-34.196657700,-0.230 24.836077000,-34.196657500,-0.290 24.836077000,-34.196657500,-0.290 24.836077000,-34.196657500,-0.290 24.836077000,-34.196657400,-0.290 24.836077000,-34.196657400,-0.290 24.836077000,-34.196657000,-0.320 24.836077000,-34.196657000,-0.320 24.836077000,-34.196657000,-0.340 24.836077000,-34.196656900,-0.340 24.836077000,-34.196656900,-0.340 24.836077000,-34.196656900,-0.340 24.836077100,-34.196656900,-0.360 24.836077100,-34.196656900,-0.360 24.836077100,-34.196656900,-0.360 24.836077100,-34.196656900,-0.360 24.836077100,-34.196656900,-0.300 24.836077100,-34.196656900,-0.300 24.836077100,-34.196656900,-0.300 24.836077100,-34.196656900,-0.300 24.836077100,-34.196656900,-0.300 24.836077000,-34.196656800,-0.300 24.836077000,-34.196656800,-0.300 24.836077000,-34.196656800,-0.300 24.836076900,-34.196656800,-0.330 24.836076900,-34.196656800,-0.330 24.836076900,-34.196656800,-0.330 24.836076900,-34.196656800,-0.330 24.836077100,-34.196656700,-0.250 24.836077100,-34.196656700,-0.250 24.836077100,-34.196656700,-0.250 24.836077100,-34.196656700,-0.250 24.836077100,-34.196656700,-0.260 24.836077100,-34.196656700,-0.260 24.836077100,-34.196656700,-0.260 24.836077200,-34.196656700,-0.260 24.836077200,-34.196656500,-0.260 24.836077200,-34.196656500,-0.260 24.836077200,-34.196656500,-0.260 24.836077200,-34.196656500,-0.260 24.836077200,-34.196656500,-0.210 24.836077200,-34.196656500,-0.210 24.836077200,-34.196656500,-0.210 24.836077200,-34.196656500,-0.210 24.836077200,-34.196656400,-0.280 24.836077200,-34.196656400,-0.280 24.836077200,-34.196656400,-0.280 24.836077200,-34.196656400,-0.280 24.836077200,-34.196656500,-0.350 24.836077200,-34.196656500,-0.350 24.836077200,-34.196656500,-0.350 24.836077200,-34.196656500,-0.350 24.836077100,-34.196656400,-0.310 24.836077100,-34.196656500,-0.310 24.836077100,-34.196656500,-0.310 24.836077000,-34.196656500,-0.310 24.836077000,-34.196656500,-0.270 24.836077000,-34.196656500,-0.270 24.836077000,-34.196656500,-0.270 24.836077000,-34.196656600,-0.270 24.836077000,-34.196656600,-0.340 24.836077100,-34.196656300,-0.340 24.836077100,-34.196656300,-0.340 24.836077100,-34.196656300,-0.340 24.836077000,-34.196656300,-0.230 24.836077000,-34.196656300,-0.230 24.836077000,-34.196656300,-0.230 24.836077000,-34.196656400,-0.230 24.836077100,-34.196656200,-0.290 24.836077200,-34.196656200,-0.290 24.836077200,-34.196656200,-0.290 24.836077200,-34.196656100,-0.290 24.836077200,-34.196656100,-0.320 24.836077200,-34.196656100,-0.320 24.836077300,-34.196656100,-0.320 24.836077300,-34.196656100,-0.320 24.836077200,-34.196656100,-0.330 24.836077200,-34.196656100,-0.330 24.836077200,-34.196656100,-0.330 24.836077200,-34.196656100,-0.330 24.836077200,-34.196656200,-0.350 24.836077200,-34.196656200,-0.350 24.836077200,-34.196656200,-0.350 24.836077100,-34.196656200,-0.350 24.836077100,-34.196656100,-0.330 24.836077100,-34.196656100,-0.330 24.836077100,-34.196656200,-0.330 24.836077100,-34.196656200,-0.330 24.836077000,-34.196656200,-0.320 24.836077000,-34.196656200,-0.320 24.836077000,-34.196656200,-0.320 24.836077000,-34.196656300,-0.320 24.836077200,-34.196656000,-0.300 24.836077200,-34.196656000,-0.300 24.836077200,-34.196656000,-0.300 24.836077300,-34.196656000,-0.300 24.836077300,-34.196656000,-0.340 24.836077300,-34.196656000,-0.340 24.836077300,-34.196656000,-0.340 24.836077300,-34.196656000,-0.340 24.836077300,-34.196656000,-0.310 24.836077300,-34.196656000,-0.310 24.836077300,-34.196656000,-0.310 24.836077300,-34.196656000,-0.310 24.836077300,-34.196656100,-0.290 24.836077300,-34.196656100,-0.290 24.836077300,-34.196656100,-0.290 24.836077300,-34.196656100,-0.290 24.836077400,-34.196655900,-0.250 24.836077400,-34.196655900,-0.250 24.836077400,-34.196655900,-0.250 24.836077400,-34.196655900,-0.250 24.836077400,-34.196655900,-0.290 24.836077400,-34.196655800,-0.290 24.836077400,-34.196655800,-0.290 24.836077400,-34.196655800,-0.290 24.836077500,-34.196655600,-0.280 24.836077500,-34.196655600,-0.280 24.836077500,-34.196655600,-0.280 24.836077600,-34.196655500,-0.280 24.836077600,-34.196655500,-0.210 24.836077600,-34.196655500,-0.210 24.836077600,-34.196655500,-0.210 24.836077600,-34.196655400,-0.210 24.836077500,-34.196655500,-0.260 24.836077400,-34.196655500,-0.260 24.836077400,-34.196655500,-0.260 24.836077400,-34.196655500,-0.260 24.836077400,-34.196655500,-0.330 24.836077400,-34.196655500,-0.330 24.836077300,-34.196655500,-0.330 24.836077300,-34.196655500,-0.330 24.836077600,-34.196655100,-0.260 24.836077600,-34.196655100,-0.260 24.836077700,-34.196655100,-0.260 24.836077700,-34.196655000,-0.260 24.836077800,-34.196655000,-0.270 24.836077800,-34.196654900,-0.270 24.836077800,-34.196654900,-0.270 24.836077900,-34.196654800,-0.270 24.836077900,-34.196654800,-0.330 24.836077600,-34.196654900,-0.330 24.836077600,-34.196654900,-0.330 24.836077600,-34.196654800,-0.330 24.836077600,-34.196654800,-0.400 24.836077600,-34.196654800,-0.400 24.836077600,-34.196654800,-0.400 24.836077600,-34.196654800,-0.400 24.836077400,-34.196654700,-0.360 24.836077400,-34.196654700,-0.360 24.836077400,-34.196654700,-0.360 24.836077400,-34.196654700,-0.360 24.836077400,-34.196654700,-0.320 24.836077300,-34.196654700,-0.320 24.836077300,-34.196654700,-0.320 24.836077300,-34.196654600,-0.320 24.836077400,-34.196654600,-0.240 24.836077400,-34.196654600,-0.240 24.836077400,-34.196654600,-0.240 24.836077400,-34.196654600,-0.240 24.836077400,-34.196654600,-0.320 24.836077400,-34.196654700,-0.320 24.836077400,-34.196654700,-0.320 24.836077400,-34.196654700,-0.320 24.836077300,-34.196654400,-0.320 24.836077300,-34.196654400,-0.320 24.836077300,-34.196654400,-0.320 24.836077300,-34.196654400,-0.320 24.836077300,-34.196654400,-0.320 24.836077300,-34.196654400,-0.320 24.836077300,-34.196654400,-0.320 24.836077300,-34.196654400,-0.320 24.836077300,-34.196654300,-0.330 24.836077300,-34.196654300,-0.330 24.836077300,-34.196654300,-0.330 24.836077300,-34.196654300,-0.330 24.836077300,-34.196654400,-0.360 24.836077300,-34.196654400,-0.360 24.836077300,-34.196654400,-0.360 24.836077300,-34.196654400,-0.360 24.836077300,-34.196654400,-0.290 24.836077300,-34.196654400,-0.290 24.836077300,-34.196654200,-0.290 24.836077300,-34.196654200,-0.290 24.836077300,-34.196654200,-0.350 24.836077300,-34.196654200,-0.350 24.836077300,-34.196654200,-0.350 24.836077300,-34.196654200,-0.350 24.836077200,-34.196654300,-0.260 24.836077200,-34.196654300,-0.260 24.836077200,-34.196654300,-0.260 24.836077100,-34.196654400,-0.260 24.836077100,-34.196654400,-1.010 24.836077100,-34.196654400,-1.010 24.836077100,-34.196654400,-1.010 24.836077100,-34.196654400,-1.010 24.836077200,-34.196654100,-1.090 24.836077200,-34.196654100,-1.090 24.836077200,-34.196654100,-1.090 24.836077200,-34.196654100,-1.090 24.836077200,-34.196654100,-1.110 24.836077200,-34.196654100,-1.110 24.836077200,-34.196654100,-1.110 24.836077200,-34.196654000,-1.110 24.836077300,-34.196653900,-1.070 24.836077300,-34.196653900,-1.070 24.836077300,-34.196653900,-1.070 24.836077300,-34.196653900,-1.070 24.836077300,-34.196653900,-1.070 24.836077300,-34.196653900,-1.070 24.836077300,-34.196653900,-1.070 24.836077400,-34.196653900,-1.070 24.836077400,-34.196653700,-1.060 24.836077400,-34.196653700,-1.060 24.836077400,-34.196653700,-1.060 24.836077400,-34.196653700,-1.060 24.836077400,-34.196653700,-1.060 24.836077400,-34.196653600,-1.060 24.836077400,-34.196653600,-1.060 24.836077400,-34.196653600,-1.060 24.836077400,-34.196653600,-1.060 24.836077500,-34.196653600,-1.060 24.836077500,-34.196653600,-1.060 24.836077600,-34.196653600,-1.060 24.836077600,-34.196653600,-1.100 24.836077600,-34.196653600,-1.100 24.836077600,-34.196653600,-1.100 24.836077600,-34.196653600,-1.100 24.836077500,-34.196653400,-1.020 24.836077500,-34.196653400,-1.020 24.836077500,-34.196653400,-1.020 24.836077500,-34.196653400,-1.020 24.836077500,-34.196653400,-1.040 24.836077500,-34.196653400,-1.040 24.836077500,-34.196653400,-1.040 24.836077500,-34.196653400,-1.040 24.836077500,-34.196653400,-0.980 24.836077500,-34.196653400,-0.980 24.836077500,-34.196653400,-0.980 24.836077500,-34.196653500,-0.980 24.836077500,-34.196653500,-1.120 24.836077500,-34.196653500,-1.120 24.836077500,-34.196653500,-1.120 24.836077500,-34.196653500,-1.120 24.836077500,-34.196653200,-1.150 24.836077500,-34.196653200,-1.150 24.836077500,-34.196653200,-1.150 24.836077500,-34.196653100,-1.150 24.836077500,-34.196653100,-1.110 24.836077500,-34.196653100,-1.110 24.836077500,-34.196653100,-1.110 24.836077500,-34.196653000,-1.110 24.836077400,-34.196653200,-1.150 24.836077400,-34.196653200,-1.150 24.836077400,-34.196653200,-1.150 24.836077300,-34.196653200,-1.150 24.836077300,-34.196653200,-1.160 24.836077300,-34.196653200,-1.160 24.836077300,-34.196653200,-1.160 24.836077300,-34.196653200,-1.160 24.836077300,-34.196653300,-1.060 24.836077300,-34.196653300,-1.060 24.836077300,-34.196652900,-1.060 24.836077300,-34.196652900,-1.060 24.836077300,-34.196652900,-1.110 24.836077300,-34.196652800,-1.110 24.836077300,-34.196652800,-1.110 24.836077300,-34.196652800,-1.110 24.836077300,-34.196652700,-1.130 24.836077300,-34.196652700,-1.130 24.836077300,-34.196652600,-1.130 24.836077300,-34.196652600,-1.130 24.836077300,-34.196652600,-1.100 24.836077300,-34.196652600,-1.100 24.836077300,-34.196652600,-1.100 24.836077300,-34.196652600,-1.100 24.836077200,-34.196652500,-1.140 24.836077200,-34.196652500,-1.140 24.836077200,-34.196652500,-1.140 24.836077200,-34.196652500,-1.140 24.836077200,-34.196652500,-1.040 24.836077200,-34.196652500,-1.040 24.836077200,-34.196652400,-1.040 24.836077200,-34.196652400,-1.040 24.836077200,-34.196652300,-1.100 24.836077200,-34.196652300,-1.100 24.836077200,-34.196652300,-1.100 24.836077200,-34.196652300,-1.100 24.836077200,-34.196652300,-1.040 24.836077200,-34.196652300,-1.040 24.836077200,-34.196652300,-1.040 24.836077200,-34.196652300,-1.040 24.836077200,-34.196652000,-1.010 24.836077200,-34.196652000,-1.010 24.836077300,-34.196652000,-1.010 24.836077300,-34.196651900,-1.010 24.836077300,-34.196651900,-1.060 24.836077300,-34.196651900,-1.060 24.836077300,-34.196651900,-1.060 24.836077400,-34.196651800,-1.060 24.836077400,-34.196651800,-1.140 24.836077200,-34.196651700,-1.140 24.836077200,-34.196651700,-1.140 24.836077200,-34.196651600,-1.140 24.836077200,-34.196651600,-1.130 24.836077200,-34.196651600,-1.130 24.836077200,-34.196651600,-1.130 24.836077200,-34.196651500,-1.130 24.836077200,-34.196651700,-1.060 24.836077200,-34.196651700,-1.060 24.836077200,-34.196651700,-1.060 24.836077200,-34.196651700,-1.060 24.836077200,-34.196651800,-1.050 24.836077200,-34.196651800,-1.050 24.836077200,-34.196651800,-1.050 24.836077300,-34.196651800,-1.050 24.836077400,-34.196651600,-0.960 24.836077500,-34.196651600,-0.960 24.836077500,-34.196651600,-0.960 24.836077500,-34.196651500,-0.960 24.836077500,-34.196651500,-1.030 24.836077500,-34.196651500,-1.030 24.836077600,-34.196651400,-1.030 24.836077600,-34.196651400,-1.030 24.836077400,-34.196651500,-1.050 24.836077400,-34.196651500,-1.050 24.836077300,-34.196651500,-1.050 24.836077300,-34.196651500,-1.050 24.836077300,-34.196651500,-1.170 24.836077300,-34.196651500,-1.170 24.836077300,-34.196651500,-1.170 24.836077200,-34.196651500,-1.170 24.836077300,-34.196651500,-1.180 24.836077300,-34.196651500,-1.180 24.836077300,-34.196651500,-1.180 24.836077300,-34.196651500,-1.180 24.836077400,-34.196651400,-1.170 24.836077400,-34.196651400,-1.170 24.836077400,-34.196651400,-1.170 24.836077400,-34.196651400,-1.170 24.836077400,-34.196651400,-1.080 24.836077400,-34.196651300,-1.080 24.836077400,-34.196651300,-1.080 24.836077400,-34.196651300,-1.080 24.836077400,-34.196651300,-1.070 24.836077400,-34.196651300,-1.070 24.836077400,-34.196651300,-1.070 24.836077400,-34.196651300,-1.070 24.836077500,-34.196651100,-1.160 24.836077500,-34.196651100,-1.160 24.836077500,-34.196651100,-1.160 24.836077500,-34.196651000,-1.160 24.836077500,-34.196651000,-1.190 24.836077500,-34.196651000,-1.190 24.836077500,-34.196651000,-1.190 24.836077500,-34.196650900,-1.190 24.836077500,-34.196650900,-1.080 24.836077500,-34.196650900,-1.080 24.836077500,-34.196650900,-1.080 24.836077500,-34.196651000,-1.080 24.836077500,-34.196651000,-1.110 24.836077500,-34.196651000,-1.110 24.836077500,-34.196651000,-1.110 24.836077600,-34.196651000,-1.110 24.836077500,-34.196650900,-1.090 24.836077500,-34.196650900,-1.090 24.836077500,-34.196650900,-1.090 24.836077400,-34.196650900,-1.090 24.836077400,-34.196650900,-1.110 24.836077400,-34.196650900,-1.110 24.836077400,-34.196650900,-1.110 24.836077400,-34.196650900,-1.110 24.836077400,-34.196650800,-1.100 24.836077400,-34.196650800,-1.100 24.836077400,-34.196650800,-1.100 24.836077300,-34.196650800,-1.100 24.836077300,-34.196650800,-1.100 24.836077300,-34.196650800,-1.100 24.836077300,-34.196650800,-1.100 24.836077300,-34.196650800,-1.100 24.836077300,-34.196650800,-1.110 24.836077400,-34.196650700,-1.110 24.836077400,-34.196650600,-1.110 24.836077500,-34.196650600,-1.110 24.836077500,-34.196650600,-1.090 24.836077500,-34.196650600,-1.090 24.836077500,-34.196650600,-1.090 24.836077500,-34.196650500,-1.090 24.836077400,-34.196650800,-1.130 24.836077400,-34.196650800,-1.130 24.836077300,-34.196650800,-1.130 24.836077300,-34.196650900,-1.130 24.836077300,-34.196650900,-1.050 24.836077300,-34.196650900,-1.050 24.836077300,-34.196651000,-1.050 24.836077300,-34.196651000,-1.050 24.836077300,-34.196650800,-1.080 24.836077300,-34.196650800,-1.080 24.836077300,-34.196650800,-1.080 24.836077300,-34.196650800,-1.080 24.836077300,-34.196650800,-1.130 24.836077300,-34.196650800,-1.130 24.836077300,-34.196650800,-1.130 24.836077300,-34.196650800,-1.130 24.836077400,-34.196650700,-1.170 24.836077400,-34.196650700,-1.170 24.836077400,-34.196650700,-1.170 24.836077500,-34.196650700,-1.170 24.836077500,-34.196650700,-1.110 24.836077500,-34.196650700,-1.110 24.836077500,-34.196650700,-1.110 24.836077500,-34.196650700,-1.110 24.836077600,-34.196650700,-1.130 24.836077600,-34.196650700,-1.130 24.836077600,-34.196650700,-1.130 24.836077600,-34.196650700,-1.130 24.836077700,-34.196650700,-1.090 24.836077700,-34.196650700,-1.090 24.836077700,-34.196650700,-1.090 24.836077700,-34.196650700,-1.090 24.836077800,-34.196650700,-1.030 24.836077500,-34.196650600,-1.030 24.836077500,-34.196650600,-1.030 24.836077500,-34.196650600,-1.030 24.836077500,-34.196650600,-1.100 24.836077500,-34.196650600,-1.100 24.836077500,-34.196650600,-1.100 24.836077500,-34.196650500,-1.100 24.836077500,-34.196650600,-1.150 24.836077500,-34.196650600,-1.150 24.836077500,-34.196650600,-1.150 24.836077500,-34.196650600,-1.150 24.836077500,-34.196650600,-1.500 24.836077500,-34.196650600,-1.500 24.836077500,-34.196650700,-1.500 24.836077500,-34.196650700,-1.500 24.836077400,-34.196650600,-1.430 24.836077400,-34.196650600,-1.430 24.836077400,-34.196650600,-1.430 24.836077400,-34.196650600,-1.430 24.836077400,-34.196650600,-1.430 24.836077400,-34.196650600,-1.430 24.836077300,-34.196650600,-1.430 24.836077300,-34.196650600,-1.430 24.836077300,-34.196650600,-1.530 24.836077300,-34.196650600,-1.530 24.836077300,-34.196650600,-1.530 24.836077300,-34.196650600,-1.530 24.836077300,-34.196650600,-1.420 24.836077300,-34.196650600,-1.420 24.836077300,-34.196650600,-1.420 24.836077300,-34.196650700,-1.420 24.836077200,-34.196650600,-1.480 24.836077200,-34.196650600,-1.480 24.836077200,-34.196650600,-1.480 24.836077200,-34.196650600,-1.480 24.836077200,-34.196650600,-1.460 24.836077200,-34.196650600,-1.460 24.836077200,-34.196650600,-1.460 24.836077300,-34.196650600,-1.460 24.836077300,-34.196650600,-1.510 24.836077200,-34.196650300,-1.510 24.836077300,-34.196650200,-1.510 24.836077300,-34.196650200,-1.510 24.836077300,-34.196650200,-1.450 24.836077300,-34.196650200,-1.450 24.836077300,-34.196650200,-1.450 24.836077400,-34.196650100,-1.450 24.836077400,-34.196650000,-1.410 24.836077400,-34.196650000,-1.410 24.836077400,-34.196650000,-1.410 24.836077500,-34.196649900,-1.410 24.836077500,-34.196649900,-1.390 24.836077500,-34.196649900,-1.390 24.836077500,-34.196649900,-1.390 24.836077600,-34.196649900,-1.390 24.836077300,-34.196649900,-1.450 24.836077300,-34.196649900,-1.450 24.836077300,-34.196649900,-1.450 24.836077300,-34.196649900,-1.450 24.836077300,-34.196649900,-1.450 24.836077300,-34.196649900,-1.450 24.836077300,-34.196649900,-1.450 24.836077300,-34.196649900,-1.450 24.836077100,-34.196649900,-1.480 24.836077100,-34.196649900,-1.480 24.836077000,-34.196649900,-1.480 24.836077000,-34.196649900,-1.480 24.836077000,-34.196649900,-1.360 24.836077000,-34.196650000,-1.360 24.836077000,-34.196650000,-1.360 24.836076900,-34.196650000,-1.360 24.836077000,-34.196649800,-1.420 24.836077000,-34.196649800,-1.420 24.836077000,-34.196649900,-1.420 24.836077000,-34.196649900,-1.420 24.836077000,-34.196649900,-1.470 24.836077000,-34.196649900,-1.470 24.836077000,-34.196649900,-1.470 24.836077000,-34.196649900,-1.470 24.836077000,-34.196650000,-1.370 24.836077000,-34.196649800,-1.370 24.836077000,-34.196649800,-1.370 24.836077000,-34.196649800,-1.370 24.836077000,-34.196649800,-1.340 24.836077000,-34.196649800,-1.340 24.836077000,-34.196649800,-1.340 24.836077000,-34.196649800,-1.340 24.836076900,-34.196649700,-1.350 24.836076900,-34.196649700,-1.350 24.836076900,-34.196649700,-1.350 24.836076900,-34.196649700,-1.350 24.836076800,-34.196649700,-1.390 24.836076800,-34.196649700,-1.390 24.836076800,-34.196649700,-1.390 24.836076800,-34.196649700,-1.390 24.836077000,-34.196649700,-1.340 24.836077000,-34.196649700,-1.340 24.836077000,-34.196649700,-1.340 24.836077000,-34.196649600,-1.340 24.836077000,-34.196649600,-1.380 24.836077100,-34.196649600,-1.380 24.836077100,-34.196649600,-1.380 24.836077100,-34.196649600,-1.380 24.836076900,-34.196649600,-1.370 24.836076900,-34.196649600,-1.370 24.836076900,-34.196649600,-1.370 24.836076900,-34.196649600,-1.370 24.836076900,-34.196649600,-1.410 24.836076900,-34.196649600,-1.410 24.836076900,-34.196649600,-1.410 24.836076900,-34.196649600,-1.410 24.836076900,-34.196649600,-1.410 24.836076900,-34.196649600,-1.410 24.836076900,-34.196649600,-1.410 24.836076900,-34.196649600,-1.410 24.836076900,-34.196649600,-1.310 24.836076900,-34.196649600,-1.310 24.836076900,-34.196649600,-1.310 24.836076900,-34.196649600,-1.310 24.836076900,-34.196649600,-1.440 24.836076800,-34.196649700,-1.440 24.836076800,-34.196649700,-1.440 24.836076800,-34.196649700,-1.440 24.836076800,-34.196649700,-1.400 24.836076800,-34.196649700,-1.400 24.836076800,-34.196649700,-1.400 24.836076800,-34.196649700,-1.400 24.836076800,-34.196649700,-1.360 24.836076800,-34.196649600,-1.360 24.836076800,-34.196649600,-1.360 24.836076800,-34.196649600,-1.360 24.836076800,-34.196649600,-1.390 24.836076800,-34.196649600,-1.390 24.836076800,-34.196649600,-1.390 24.836076800,-34.196649500,-1.390 24.836076800,-34.196649400,-1.420 24.836076900,-34.196649400,-1.420 24.836076900,-34.196649400,-1.420 24.836076900,-34.196649300,-1.420 24.836076900,-34.196649300,-1.400 24.836076900,-34.196649300,-1.400 24.836077000,-34.196649300,-1.400 24.836077000,-34.196649200,-1.400 24.836076900,-34.196649400,-1.410 24.836076900,-34.196649400,-1.410 24.836076900,-34.196649400,-1.410 24.836076900,-34.196649300,-1.410 24.836076900,-34.196649300,-1.360 24.836076900,-34.196649300,-1.360 24.836076900,-34.196649300,-1.360 24.836076900,-34.196649300,-1.360 24.836076800,-34.196649400,-1.320 24.836076800,-34.196649400,-1.320 24.836076800,-34.196649400,-1.320 24.836076800,-34.196649400,-1.320 24.836076800,-34.196649400,-1.470 24.836076800,-34.196649400,-1.470 24.836076700,-34.196649400,-1.470 24.836076700,-34.196649400,-1.470 24.836076700,-34.196649400,-1.430 24.836076700,-34.196649400,-1.430 24.836076700,-34.196649400,-1.430 24.836076700,-34.196649400,-1.430 24.836076700,-34.196649400,-1.430 24.836076700,-34.196649400,-1.430 24.836076700,-34.196649400,-1.430 24.836076700,-34.196649400,-1.430 24.836076700,-34.196649400,-1.410 24.836076700,-34.196649400,-1.410 24.836076700,-34.196649400,-1.410 24.836076700,-34.196649400,-1.410 24.836076700,-34.196649400,-1.450 24.836076700,-34.196649500,-1.450 24.836076800,-34.196649500,-1.450 24.836076800,-34.196649500,-1.450 24.836076700,-34.196649500,-1.420 24.836076700,-34.196649500,-1.420 24.836076700,-34.196649500,-1.420 24.836076700,-34.196649500,-1.420 24.836076700,-34.196649500,-1.370 24.836076700,-34.196649500,-1.370 24.836076700,-34.196649500,-1.370 24.836076700,-34.196649500,-1.370 24.836076700,-34.196649500,-1.390 24.836076700,-34.196649500,-1.390 24.836076700,-34.196649500,-1.390 24.836076700,-34.196649500,-1.390 24.836076700,-34.196649500,-1.370 24.836076700,-34.196649500,-1.370 24.836076700,-34.196649500,-1.370 24.836076800,-34.196649500,-1.370 24.836076700,-34.196649300,-1.400 24.836076700,-34.196649300,-1.400 24.836076700,-34.196649300,-1.400 24.836076700,-34.196649300,-1.400 24.836076700,-34.196649300,-1.300 24.836076700,-34.196649200,-1.300 24.836076700,-34.196649200,-1.300 24.836076700,-34.196649200,-1.300 24.836076700,-34.196649200,-1.390 24.836076600,-34.196649200,-1.390 24.836076600,-34.196649200,-1.390 24.836076600,-34.196649200,-1.390 24.836076600,-34.196649100,-1.410 24.836076600,-34.196649100,-1.410 24.836076600,-34.196649100,-1.410 24.836076600,-34.196649100,-1.410 24.836076500,-34.196649300,-1.460 24.836076500,-34.196649400,-1.460 24.836076500,-34.196649400,-1.460 24.836076500,-34.196649500,-1.460 24.836076500,-34.196649500,-1.450 24.836076500,-34.196649500,-1.450 24.836076500,-34.196649600,-1.450 24.836076500,-34.196649600,-1.450 24.836076500,-34.196649300,-1.440 24.836076500,-34.196649300,-1.440 24.836076500,-34.196649300,-1.440 24.836076500,-34.196649300,-1.440 24.836076500,-34.196649300,-1.410 24.836076500,-34.196649300,-1.410 24.836076500,-34.196649400,-1.410 24.836076500,-34.196649400,-1.410 24.836076500,-34.196649400,-1.400 24.836076500,-34.196649400,-1.400 24.836076500,-34.196649400,-1.400 24.836076500,-34.196649400,-1.400 24.836076500,-34.196649400,-1.380 24.836076500,-34.196649400,-1.380 24.836076500,-34.196649400,-1.380 24.836076500,-34.196649400,-1.380 24.836076400,-34.196649300,-1.390 24.836076400,-34.196649300,-1.390 24.836076300,-34.196649300,-1.390 24.836076300,-34.196649300,-1.390 24.836076300,-34.196649300,-1.460 24.836076300,-34.196649300,-1.460 24.836076300,-34.196649300,-1.460 24.836076300,-34.196649300,-1.460 24.836076200,-34.196649300,-1.440 24.836076300,-34.196649400,-1.440 24.836076300,-34.196649400,-1.440 24.836076400,-34.196649500,-1.440 24.836076400,-34.196649500,-1.430 24.836076400,-34.196649500,-1.430 24.836076400,-34.196649500,-1.430 24.836076400,-34.196649500,-1.430 24.836076300,-34.196649400,-1.400 24.836076300,-34.196649400,-1.400 24.836076300,-34.196649400,-1.400 24.836076300,-34.196649400,-1.400 24.836076200,-34.196649400,-1.670 24.836076200,-34.196649400,-1.670 24.836076200,-34.196649400,-1.670 24.836076200,-34.196649400,-1.670 24.836076200,-34.196649300,-1.620 24.836076200,-34.196649300,-1.620 24.836076200,-34.196649300,-1.620 24.836076200,-34.196649300,-1.620 24.836076200,-34.196649300,-1.520 24.836076200,-34.196649300,-1.520 24.836076200,-34.196649300,-1.520 24.836076200,-34.196649300,-1.520 24.836076200,-34.196649400,-1.540 24.836076200,-34.196649400,-1.540 24.836076200,-34.196649400,-1.540 24.836076300,-34.196649400,-1.540 24.836076300,-34.196649400,-1.640 24.836076300,-34.196649400,-1.640 24.836076300,-34.196649400,-1.640 24.836076300,-34.196649400,-1.640 24.836076200,-34.196649400,-1.590 24.836076200,-34.196649400,-1.590 24.836076200,-34.196649400,-1.590 24.836076200,-34.196649400,-1.590 24.836076200,-34.196649400,-1.570 24.836076200,-34.196649400,-1.570 24.836076200,-34.196649400,-1.570 24.836076200,-34.196649400,-1.570 24.836076200,-34.196649400,-1.650 24.836076200,-34.196649500,-1.650 24.836076200,-34.196649500,-1.650 24.836076200,-34.196649500,-1.650 24.836076200,-34.196649500,-1.650 24.836076200,-34.196649500,-1.650 24.836076200,-34.196649500,-1.650 24.836076200,-34.196649500,-1.650 24.836076200,-34.196649400,-1.640 24.836076200,-34.196649400,-1.640 24.836076200,-34.196649400,-1.640 24.836076200,-34.196649400,-1.640 24.836076300,-34.196649400,-1.630 24.836076300,-34.196649400,-1.630 24.836076300,-34.196649400,-1.630 24.836076300,-34.196649400,-1.630 24.836076100,-34.196649300,-1.510 24.836076100,-34.196649300,-1.510 24.836076100,-34.196649300,-1.510 24.836076000,-34.196649300,-1.510 24.836076000,-34.196649300,-1.590 24.836076000,-34.196649300,-1.590 24.836076000,-34.196649300,-1.590 24.836076000,-34.196649200,-1.590 24.836076100,-34.196649300,-1.600 24.836076100,-34.196649300,-1.600 24.836076100,-34.196649300,-1.600 24.836076100,-34.196649300,-1.600 24.836076100,-34.196649400,-1.560 24.836076100,-34.196649400,-1.560 24.836076200,-34.196649400,-1.560 24.836076200,-34.196649400,-1.560 24.836076100,-34.196649300,-1.610 24.836076100,-34.196649300,-1.610 24.836076100,-34.196649300,-1.610 24.836076100,-34.196649300,-1.610 24.836076100,-34.196649300,-1.590 24.836076100,-34.196649300,-1.590 24.836076100,-34.196649300,-1.590 24.836076100,-34.196649300,-1.590 24.836076100,-34.196649300,-1.660 24.836076100,-34.196649200,-1.660 24.836076100,-34.196649200,-1.660 24.836076200,-34.196649200,-1.660 24.836076200,-34.196649200,-1.680 24.836076200,-34.196649100,-1.680 24.836076200,-34.196649100,-1.680 24.836076200,-34.196649100,-1.680 24.836076100,-34.196649200,-1.720 24.836076100,-34.196649200,-1.720 24.836076100,-34.196649200,-1.720 24.836076100,-34.196649200,-1.720 24.836076100,-34.196649200,-1.680 24.836076100,-34.196649200,-1.680 24.836076100,-34.196649200,-1.680 24.836076100,-34.196649200,-1.680 24.836076100,-34.196649000,-1.730 24.836076100,-34.196649000,-1.730 24.836076100,-34.196649000,-1.730 24.836076100,-34.196649000,-1.730 24.836076100,-34.196649000,-1.670 24.836076100,-34.196649000,-1.670 24.836076100,-34.196649000,-1.670 24.836076200,-34.196649000,-1.670 24.836075900,-34.196649000,-1.700 24.836075900,-34.196649000,-1.700 24.836075900,-34.196649000,-1.700 24.836075800,-34.196649000,-1.700 24.836075800,-34.196649000,-1.730 24.836075800,-34.196649000,-1.730 24.836075800,-34.196649000,-1.730 24.836075700,-34.196649000,-1.730 24.836076100,-34.196649000,-1.630 24.836076100,-34.196649000,-1.630 24.836076100,-34.196649000,-1.630 24.836076200,-34.196649000,-1.630 24.836076200,-34.196649000,-1.720 24.836076200,-34.196649000,-1.720 24.836076200,-34.196649000,-1.720 24.836076300,-34.196649000,-1.720 24.836076300,-34.196649000,-1.680 24.836076100,-34.196649100,-1.680 24.836076100,-34.196649100,-1.680 24.836076100,-34.196649100,-1.680 24.836076100,-34.196649100,-1.680 24.836076100,-34.196649100,-1.680 24.836076100,-34.196649100,-1.680 24.836076100,-34.196649200,-1.680 24.836076100,-34.196649000,-1.580 24.836076100,-34.196649000,-1.580 24.836076100,-34.196649000,-1.580 24.836076100,-34.196648900,-1.580 24.836076100,-34.196648900,-1.650 24.836076100,-34.196648900,-1.650 24.836076200,-34.196648900,-1.650 24.836076200,-34.196648900,-1.650 24.836076100,-34.196648900,-1.730 24.836076100,-34.196648900,-1.730 24.836076100,-34.196648900,-1.730 24.836076200,-34.196648900,-1.730 24.836076200,-34.196648900,-1.680 24.836076200,-34.196648900,-1.680 24.836076200,-34.196648900,-1.680 24.836076200,-34.196648900,-1.680 24.836076000,-34.196648800,-1.730 24.836075900,-34.196648800,-1.730 24.836075900,-34.196648800,-1.730 24.836075900,-34.196648800,-1.730 24.836075900,-34.196648800,-1.740 24.836075900,-34.196648800,-1.740 24.836075800,-34.196648800,-1.740 24.836075800,-34.196648800,-1.740 24.836076000,-34.196648700,-1.620 24.836076000,-34.196648700,-1.620 24.836076100,-34.196648700,-1.620 24.836076100,-34.196648700,-1.620 24.836076100,-34.196648700,-1.580 24.836076100,-34.196648700,-1.580 24.836076100,-34.196648700,-1.580 24.836076200,-34.196648700,-1.580 24.836076200,-34.196648700,-1.630 24.836076000,-34.196648600,-1.630 24.836076000,-34.196648600,-1.630 24.836076000,-34.196648600,-1.630 24.836076000,-34.196648600,-1.660 24.836076000,-34.196648600,-1.660 24.836076000,-34.196648600,-1.660 24.836076000,-34.196648600,-1.660 24.836075800,-34.196648600,-1.610 24.836075700,-34.196648600,-1.610 24.836075700,-34.196648600,-1.610 24.836075700,-34.196648600,-1.610 24.836075700,-34.196648600,-1.630 24.836075700,-34.196648600,-1.630 24.836075700,-34.196648600,-1.630 24.836075600,-34.196648700,-1.630 24.836075800,-34.196648600,-1.590 24.836075800,-34.196648600,-1.590 24.836075800,-34.196648600,-1.590 24.836075800,-34.196648600,-1.590 24.836075900,-34.196648600,-1.680 24.836075900,-34.196648600,-1.680 24.836075900,-34.196648600,-1.680 24.836075900,-34.196648600,-1.680 24.836076100,-34.196648500,-1.690 24.836076100,-34.196648500,-1.690 24.836076100,-34.196648500,-1.690 24.836076100,-34.196648500,-1.690 24.836076100,-34.196648500,-1.670 24.836076200,-34.196648500,-1.670 24.836076200,-34.196648500,-1.670 24.836076200,-34.196648500,-1.670 24.836076100,-34.196648500,-1.620 24.836076100,-34.196648500,-1.620 24.836076100,-34.196648500,-1.620 24.836076100,-34.196648500,-1.620 24.836076100,-34.196648500,-1.590 24.836076100,-34.196648400,-1.590 24.836076100,-34.196648400,-1.590 24.836076000,-34.196648400,-1.590 24.836076000,-34.196648400,-1.580 24.836076000,-34.196648600,-1.580 24.836076000,-34.196648600,-1.580 24.836076000,-34.196648700,-1.580 24.836075900,-34.196648700,-1.660 24.836075900,-34.196648700,-1.660 24.836075900,-34.196648700,-1.660 24.836075900,-34.196648700,-1.660 24.836075900,-34.196648600,-1.660 24.836075900,-34.196648600,-1.660 24.836075900,-34.196648600,-1.660 24.836075900,-34.196648600,-1.660 24.836075900,-34.196648600,-1.630 24.836075900,-34.196648600,-1.630 24.836075900,-34.196648600,-1.630 24.836075900,-34.196648500,-1.630 24.836076000,-34.196648600,-1.620 24.836076000,-34.196648600,-1.620 24.836076000,-34.196648600,-1.620 24.836076000,-34.196648600,-1.620 24.836076000,-34.196648600,-1.570 24.836076000,-34.196648600,-1.570 24.836076000,-34.196648600,-1.570 24.836076000,-34.196648600,-1.570 24.836076000,-34.196648600,-1.640 24.836076000,-34.196648600,-1.640 24.836076000,-34.196648600,-1.640 24.836076000,-34.196648600,-1.640 24.836076000,-34.196648600,-1.720 24.836076000,-34.196648600,-1.720 24.836076000,-34.196648600,-1.720 24.836076000,-34.196648600,-1.720 24.836076000,-34.196648600,-1.730 24.836076000,-34.196648600,-1.730 24.836076000,-34.196648600,-1.730 24.836076000,-34.196648600,-1.730 24.836076000,-34.196648600,-1.660 24.836076000,-34.196648600,-1.660 24.836076000,-34.196648600,-1.660 24.836076000,-34.196648600,-1.660 24.836076000,-34.196648600,-1.710 24.836076000,-34.196648600,-1.710 24.836076000,-34.196648600,-1.710 24.836076000,-34.196648600,-1.710 24.836076000,-34.196648600,-1.660 24.836076000,-34.196648600,-1.660 24.836076000,-34.196648600,-1.660 24.836076000,-34.196648600,-1.660 24.836076100,-34.196648600,-1.670 24.836076200,-34.196648600,-1.670 24.836076200,-34.196648600,-1.670 24.836076200,-34.196648700,-1.670 24.836076200,-34.196648700,-2.340 24.836076200,-34.196648700,-2.340 24.836076200,-34.196648700,-2.340 24.836076300,-34.196648700,-2.340 24.836076000,-34.196648600,-2.180 24.836076000,-34.196648600,-2.180 24.836076000,-34.196648600,-2.180 24.836076000,-34.196648600,-2.180 24.836076000,-34.196648600,-2.180 24.836075900,-34.196648600,-2.180 24.836075900,-34.196648600,-2.180 24.836075900,-34.196648600,-2.180 24.836076100,-34.196648500,-2.210 24.836076100,-34.196648500,-2.210 24.836076100,-34.196648400,-2.210 24.836076100,-34.196648400,-2.210 24.836076100,-34.196648400,-2.220 24.836076100,-34.196648400,-2.220 24.836076100,-34.196648400,-2.220 24.836076100,-34.196648400,-2.220 24.836076100,-34.196648500,-2.210 24.836076100,-34.196648500,-2.210 24.836076100,-34.196648500,-2.210 24.836076100,-34.196648500,-2.210 24.836076100,-34.196648500,-2.150 24.836076200,-34.196648500,-2.150 24.836076200,-34.196648500,-2.150 24.836076200,-34.196648500,-2.150 24.836076200,-34.196648500,-2.130 24.836076200,-34.196648500,-2.130 24.836076200,-34.196648500,-2.130 24.836076200,-34.196648500,-2.130 24.836076200,-34.196648500,-2.150 24.836076200,-34.196648500,-2.150 24.836076200,-34.196648500,-2.150 24.836076200,-34.196648500,-2.150 24.836076200,-34.196648400,-2.170 24.836076200,-34.196648300,-2.170 24.836076200,-34.196648300,-2.170 24.836076200,-34.196648300,-2.170 24.836076200,-34.196648300,-2.140 24.836076200,-34.196648300,-2.140 24.836076200,-34.196648300,-2.140 24.836076200,-34.196648200,-2.140 24.836076200,-34.196648400,-2.210 24.836076200,-34.196648400,-2.210 24.836076200,-34.196648400,-2.210 24.836076200,-34.196648400,-2.210 24.836076200,-34.196648400,-2.180 24.836076200,-34.196648400,-2.180 24.836076200,-34.196648400,-2.180 24.836076200,-34.196648500,-2.180 24.836076300,-34.196648400,-2.170 24.836076300,-34.196648400,-2.170 24.836076300,-34.196648400,-2.170 24.836076300,-34.196648300,-2.170 24.836076300,-34.196648300,-2.180 24.836076300,-34.196648300,-2.180 24.836076300,-34.196648300,-2.180 24.836076300,-34.196648300,-2.180 24.836076300,-34.196648300,-2.190 24.836076300,-34.196648300,-2.190 24.836076300,-34.196648300,-2.190 24.836076300,-34.196648300,-2.190 24.836076200,-34.196648300,-2.160 24.836076200,-34.196648300,-2.160 24.836076200,-34.196648300,-2.160 24.836076200,-34.196648300,-2.160 24.836076200,-34.196648300,-2.100 24.836076200,-34.196648200,-2.100 24.836076200,-34.196648200,-2.100 24.836076200,-34.196648200,-2.100 24.836076200,-34.196648200,-2.180 24.836076200,-34.196648200,-2.180 24.836076200,-34.196648200,-2.180 24.836076200,-34.196648100,-2.180 24.836076200,-34.196648100,-2.180 24.836076200,-34.196648100,-2.180 24.836076200,-34.196648100,-2.180 24.836076200,-34.196648100,-2.180 24.836076200,-34.196648100,-2.220 24.836076200,-34.196648100,-2.220 24.836076200,-34.196648100,-2.220 24.836076200,-34.196648100,-2.220 24.836076200,-34.196648000,-2.210 24.836076200,-34.196648000,-2.210 24.836076200,-34.196648000,-2.210 24.836076200,-34.196648000,-2.210 24.836076200,-34.196648000,-2.220 24.836076300,-34.196648000,-2.220 24.836076300,-34.196648000,-2.220 24.836076300,-34.196647900,-2.220 24.836076300,-34.196647800,-2.210 24.836076300,-34.196647800,-2.210 24.836076300,-34.196647700,-2.210 24.836076300,-34.196647700,-2.210 24.836076300,-34.196647700,-2.220 24.836076300,-34.196647700,-2.220 24.836076300,-34.196647700,-2.220 24.836076300,-34.196647600,-2.220 24.836076300,-34.196647700,-2.230 24.836076300,-34.196647700,-2.230 24.836076300,-34.196647700,-2.230 24.836076300,-34.196647700,-2.230 24.836076300,-34.196647700,-2.170 24.836076300,-34.196647700,-2.170 24.836076300,-34.196647700,-2.170 24.836076300,-34.196647700,-2.170 24.836076300,-34.196647700,-2.180 24.836076300,-34.196647800,-2.180 24.836076300,-34.196647900,-2.180 24.836076300,-34.196647900,-2.180 24.836076300,-34.196647900,-2.120 24.836076300,-34.196647900,-2.120 24.836076300,-34.196647900,-2.120 24.836076300,-34.196648000,-2.120 24.836076200,-34.196647800,-2.190 24.836076200,-34.196647800,-2.190 24.836076200,-34.196647800,-2.190 24.836076100,-34.196647900,-2.190 24.836076100,-34.196647900,-2.180 24.836076100,-34.196647900,-2.180 24.836076100,-34.196647900,-2.180 24.836076100,-34.196647900,-2.180 24.836076200,-34.196648000,-2.230 24.836076200,-34.196648000,-2.230 24.836076200,-34.196648000,-2.230 24.836076200,-34.196648000,-2.230 24.836076200,-34.196648000,-2.210 24.836076200,-34.196648100,-2.210 24.836076100,-34.196648100,-2.210 24.836076100,-34.196648100,-2.210 24.836076200,-34.196648000,-2.170 24.836076200,-34.196648100,-2.170 24.836076200,-34.196648100,-2.170 24.836076200,-34.196648100,-2.170 24.836076200,-34.196648100,-2.180 24.836076200,-34.196648100,-2.180 24.836076200,-34.196648100,-2.180 24.836076200,-34.196648200,-2.180 24.836076100,-34.196647900,-2.180 24.836076100,-34.196647900,-2.180 24.836076100,-34.196647900,-2.180 24.836076000,-34.196647900,-2.180 24.836076000,-34.196647800,-2.180 24.836076000,-34.196647800,-2.180 24.836076000,-34.196647800,-2.180 24.836076000,-34.196647800,-2.180 24.836076000,-34.196647700,-2.230 24.836076200,-34.196647900,-2.230 24.836076200,-34.196647900,-2.230 24.836076200,-34.196647900,-2.230 24.836076200,-34.196647900,-2.180 24.836076200,-34.196647900,-2.180 24.836076300,-34.196647900,-2.180 24.836076300,-34.196647900,-2.180 24.836076200,-34.196647900,-2.120 24.836076200,-34.196647900,-2.120 24.836076200,-34.196647900,-2.120 24.836076200,-34.196647900,-2.120 24.836076200,-34.196647900,-2.170 24.836076200,-34.196647900,-2.170 24.836076200,-34.196647900,-2.170 24.836076200,-34.196647900,-2.170 24.836076200,-34.196647800,-2.190 24.836076200,-34.196647800,-2.190 24.836076200,-34.196647800,-2.190 24.836076200,-34.196647800,-2.190 24.836076200,-34.196647800,-2.150 24.836076200,-34.196647800,-2.150 24.836076200,-34.196647800,-2.150 24.836076200,-34.196647800,-2.150 24.836076200,-34.196647900,-2.260 24.836076200,-34.196647900,-2.260 24.836076200,-34.196647900,-2.260 24.836076200,-34.196647900,-2.260 24.836076200,-34.196647900,-2.190 24.836076200,-34.196648000,-2.190 24.836076200,-34.196648000,-2.190 24.836076200,-34.196648000,-2.190 24.836076200,-34.196647900,-2.190 24.836076200,-34.196647900,-2.190 24.836076100,-34.196647900,-2.190 24.836076100,-34.196648000,-2.190 24.836076100,-34.196648000,-2.160 24.836076100,-34.196648000,-2.160 24.836076100,-34.196648000,-2.160 24.836076000,-34.196648000,-2.160 24.836076000,-34.196648000,-2.090 24.836076300,-34.196647900,-2.090 24.836076400,-34.196647900,-2.090 24.836076400,-34.196647900,-2.090 24.836076400,-34.196647900,-2.110 24.836076400,-34.196647900,-2.110 24.836076400,-34.196647900,-2.110 24.836076500,-34.196647800,-2.110 24.836076600,-34.196647800,-2.310 24.836076600,-34.196647800,-2.310 24.836076600,-34.196647800,-2.310 24.836076700,-34.196647800,-2.310 24.836076700,-34.196647700,-2.180 24.836076700,-34.196647700,-2.180 24.836076800,-34.196647700,-2.180 24.836076800,-34.196647700,-2.180 24.836076700,-34.196647900,-2.260 24.836076700,-34.196647900,-2.260 24.836076700,-34.196647900,-2.260 24.836076700,-34.196647900,-2.260 24.836076700,-34.196647900,-2.260 24.836076700,-34.196647900,-2.260 24.836076700,-34.196647900,-2.260 24.836076700,-34.196647900,-2.260 24.836076600,-34.196648000,-2.160 24.836076600,-34.196648000,-2.160 24.836076600,-34.196648000,-2.160 24.836076500,-34.196648000,-2.160 24.836076500,-34.196648000,-2.230 24.836076500,-34.196648000,-2.230 24.836076500,-34.196648000,-2.230 24.836076500,-34.196648000,-2.230 24.836076600,-34.196648000,-2.240 24.836076600,-34.196648000,-2.240 24.836076600,-34.196648000,-2.240 24.836076600,-34.196648000,-2.240 24.836076600,-34.196648000,-2.120 24.836076600,-34.196648000,-2.120 24.836076600,-34.196648000,-2.120 24.836076600,-34.196648000,-2.120 24.836076600,-34.196648000,-2.210 24.836076600,-34.196648000,-2.210 24.836076600,-34.196648000,-2.210 24.836076600,-34.196648000,-2.210 24.836076700,-34.196647900,-2.190 24.836076700,-34.196647900,-2.190 24.836076700,-34.196647900,-2.190 24.836076700,-34.196647900,-2.190 24.836076600,-34.196647900,-2.190 24.836076600,-34.196647900,-2.190 24.836076600,-34.196647900,-2.190 24.836076600,-34.196647900,-2.190 24.836076600,-34.196647900,-2.680 24.836076600,-34.196647900,-2.680 24.836076600,-34.196647900,-2.680 24.836076600,-34.196647800,-2.680 24.836076600,-34.196647900,-2.710 24.836076600,-34.196647900,-2.710 24.836076600,-34.196647900,-2.710 24.836076600,-34.196647900,-2.710 24.836076600,-34.196647900,-2.720 24.836076600,-34.196647900,-2.720 24.836076600,-34.196647900,-2.720 24.836076600,-34.196647900,-2.720 24.836076600,-34.196647900,-2.770 24.836076600,-34.196647900,-2.770 24.836076600,-34.196647900,-2.770 24.836076600,-34.196647900,-2.770 24.836076600,-34.196647900,-2.790 24.836076600,-34.196647900,-2.790 24.836076600,-34.196647900,-2.790 24.836076700,-34.196647900,-2.790 24.836076500,-34.196647900,-2.650 24.836076500,-34.196647900,-2.650 24.836076500,-34.196647900,-2.650 24.836076500,-34.196647900,-2.650 24.836076500,-34.196647900,-2.710 24.836076500,-34.196647900,-2.710 24.836076400,-34.196647900,-2.710 24.836076400,-34.196647900,-2.710 24.836076400,-34.196647900,-2.690 24.836076600,-34.196647900,-2.690 24.836076600,-34.196647900,-2.690 24.836076600,-34.196647900,-2.690 24.836076600,-34.196647900,-2.660 24.836076600,-34.196647900,-2.660 24.836076700,-34.196647900,-2.660 24.836076700,-34.196647900,-2.660 24.836076600,-34.196647900,-2.720 24.836076600,-34.196647900,-2.720 24.836076600,-34.196647900,-2.720 24.836076600,-34.196647900,-2.720 24.836076600,-34.196647900,-2.740 24.836076600,-34.196647900,-2.740 24.836076600,-34.196647900,-2.740 24.836076600,-34.196647900,-2.740 24.836076500,-34.196647900,-2.690 24.836076500,-34.196647900,-2.690 24.836076500,-34.196647900,-2.690 24.836076500,-34.196647900,-2.690 24.836076500,-34.196647900,-2.750 24.836076500,-34.196647900,-2.750 24.836076500,-34.196647900,-2.750 24.836076500,-34.196647900,-2.750 24.836076400,-34.196648100,-2.750 24.836076400,-34.196648100,-2.750 24.836076400,-34.196648100,-2.750 24.836076400,-34.196648200,-2.750 24.836076400,-34.196648200,-2.720 24.836076400,-34.196648200,-2.720 24.836076400,-34.196648200,-2.720 24.836076400,-34.196648300,-2.720 24.836076400,-34.196648000,-2.770 24.836076400,-34.196648000,-2.770 24.836076400,-34.196648000,-2.770 24.836076400,-34.196648000,-2.770 24.836076400,-34.196648000,-2.680 24.836076400,-34.196648000,-2.680 24.836076400,-34.196648000,-2.680 24.836076400,-34.196648000,-2.680 24.836076400,-34.196648000,-2.780 24.836076100,-34.196648200,-2.780 24.836076100,-34.196648200,-2.780 24.836076100,-34.196648200,-2.780 24.836076100,-34.196648200,-2.740 24.836076100,-34.196648200,-2.740 24.836076000,-34.196648300,-2.740 24.836076000,-34.196648300,-2.740 24.836076000,-34.196648100,-2.610 24.836076000,-34.196648100,-2.610 24.836076000,-34.196648100,-2.610 24.836076000,-34.196648100,-2.610 24.836076000,-34.196648100,-2.760 24.836076000,-34.196648100,-2.760 24.836076000,-34.196648100,-2.760 24.836076000,-34.196648100,-2.760 24.836075900,-34.196648100,-2.710 24.836075900,-34.196648200,-2.710 24.836075900,-34.196648200,-2.710 24.836076000,-34.196648200,-2.710 24.836076000,-34.196648200,-2.690 24.836076000,-34.196648200,-2.690 24.836076000,-34.196648200,-2.690 24.836076000,-34.196648300,-2.690 24.836075800,-34.196648200,-2.680 24.836075800,-34.196648200,-2.680 24.836075800,-34.196648200,-2.680 24.836075800,-34.196648100,-2.680 24.836075700,-34.196648100,-2.780 24.836075700,-34.196648100,-2.780 24.836075700,-34.196648100,-2.780 24.836075700,-34.196648100,-2.780 24.836075700,-34.196648200,-2.740 24.836075700,-34.196648300,-2.740 24.836075700,-34.196648300,-2.740 24.836075700,-34.196648300,-2.740 24.836075700,-34.196648300,-2.670 24.836075700,-34.196648300,-2.670 24.836075700,-34.196648300,-2.670 24.836075700,-34.196648400,-2.670 24.836075700,-34.196648400,-2.720 24.836075600,-34.196648400,-2.720 24.836075600,-34.196648400,-2.720 24.836075600,-34.196648400,-2.720 24.836075600,-34.196648500,-2.710 24.836075600,-34.196648500,-2.710 24.836075600,-34.196648500,-2.710 24.836075500,-34.196648500,-2.710 24.836075500,-34.196648600,-2.680 24.836075500,-34.196648600,-2.680 24.836075500,-34.196648600,-2.680 24.836075500,-34.196648700,-2.680 24.836075500,-34.196648700,-2.620 24.836075500,-34.196648700,-2.620 24.836075400,-34.196648700,-2.620 24.836075400,-34.196648700,-2.620 24.836075600,-34.196648600,-2.620 24.836075600,-34.196648600,-2.620 24.836075600,-34.196648600,-2.620 24.836075700,-34.196648500,-2.620 24.836075700,-34.196648500,-2.630 24.836075700,-34.196648500,-2.630 24.836075700,-34.196648500,-2.630 24.836075800,-34.196648500,-2.630 24.836075500,-34.196648500,-2.590 24.836075500,-34.196648500,-2.590 24.836075500,-34.196648500,-2.590 24.836075500,-34.196648500,-2.590 24.836075500,-34.196648500,-2.690 24.836075500,-34.196648500,-2.690 24.836075500,-34.196648500,-2.690 24.836075400,-34.196648500,-2.690 24.836075300,-34.196648600,-2.740 24.836075300,-34.196648600,-2.740 24.836075200,-34.196648600,-2.740 24.836075200,-34.196648600,-2.740 24.836075200,-34.196648600,-2.760 24.836075200,-34.196648600,-2.760 24.836075200,-34.196648600,-2.760 24.836075100,-34.196648600,-2.760 24.836075100,-34.196648600,-2.750 24.836075300,-34.196648700,-2.750 24.836075300,-34.196648700,-2.750 24.836075400,-34.196648700,-2.750 24.836075400,-34.196648700,-2.690 24.836075400,-34.196648700,-2.690 24.836075400,-34.196648700,-2.690 24.836075400,-34.196648700,-2.690 24.836075300,-34.196648800,-2.670 24.836075300,-34.196648800,-2.670 24.836075300,-34.196648800,-2.670 24.836075300,-34.196648800,-2.670 24.836075300,-34.196648800,-2.720 24.836075300,-34.196648800,-2.720 24.836075200,-34.196648800,-2.720 24.836075200,-34.196648800,-2.720 24.836075200,-34.196649100,-2.670 24.836075200,-34.196649200,-2.670 24.836075200,-34.196649200,-2.670 24.836075200,-34.196649300,-2.670 24.836075200,-34.196649300,-2.750 24.836075200,-34.196649300,-2.750 24.836075200,-34.196649400,-2.750 24.836075200,-34.196649400,-2.750 24.836075200,-34.196649300,-2.780 24.836075200,-34.196649300,-2.780 24.836075200,-34.196649300,-2.780 24.836075200,-34.196649300,-2.780 24.836075200,-34.196649300,-2.760 24.836075200,-34.196649400,-2.760 24.836075200,-34.196649400,-2.760 24.836075200,-34.196649400,-2.760 24.836075200,-34.196649300,-2.710 24.836075200,-34.196649300,-2.710 24.836075200,-34.196649300,-2.710 24.836075200,-34.196649300,-2.710 24.836075200,-34.196649300,-2.660 24.836075200,-34.196649300,-2.660 24.836075200,-34.196649300,-2.660 24.836075200,-34.196649300,-2.660 24.836075200,-34.196649300,-2.680 24.836075200,-34.196649300,-2.680 24.836075200,-34.196649300,-2.680 24.836075200,-34.196649300,-2.680 24.836075200,-34.196649300,-2.640 24.836075200,-34.196649300,-2.640 24.836075200,-34.196649300,-2.640 24.836075200,-34.196649300,-2.640 24.836075100,-34.196649300,-2.740 24.836075100,-34.196649300,-2.740 24.836075100,-34.196649300,-2.740 24.836075000,-34.196649300,-2.740 24.836075000,-34.196649300,-2.710 24.836075000,-34.196649300,-2.710 24.836075000,-34.196649300,-2.710 24.836075000,-34.196649300,-2.710 24.836075100,-34.196649100,-2.690 24.836075200,-34.196649100,-2.690 24.836075200,-34.196649100,-2.690 24.836075200,-34.196649000,-2.690 24.836075200,-34.196649000,-2.640 24.836075200,-34.196649000,-2.640 24.836075300,-34.196648900,-2.640 24.836075300,-34.196648900,-2.640 24.836075100,-34.196649000,-2.590 24.836075100,-34.196649000,-2.590 24.836075100,-34.196649000,-2.590 24.836075100,-34.196649000,-2.590 24.836075100,-34.196649000,-2.710 24.836075100,-34.196649000,-2.710 24.836075100,-34.196649000,-2.710 24.836075100,-34.196649000,-2.710 24.836075100,-34.196649000,-2.710 24.836075100,-34.196649000,-2.710 24.836075100,-34.196649000,-2.710 24.836075100,-34.196649000,-2.710 24.836075100,-34.196649000,-2.690 24.836075100,-34.196649000,-2.690 24.836075100,-34.196649000,-2.690 24.836075100,-34.196649000,-2.690 24.836075100,-34.196649000,-2.610 24.836075100,-34.196649000,-2.610 24.836075100,-34.196649100,-2.610 24.836075100,-34.196649200,-2.610 24.836075100,-34.196649200,-2.640 24.836075100,-34.196649200,-2.640 24.836075100,-34.196649200,-2.640 24.836075100,-34.196649300,-2.640 24.836075000,-34.196649300,-2.750 24.836075000,-34.196649300,-2.750 24.836075000,-34.196649400,-2.750 24.836075000,-34.196649400,-2.750 24.836075000,-34.196649400,-2.490 24.836075000,-34.196649400,-2.490 24.836075000,-34.196649400,-2.490 24.836075000,-34.196649400,-2.490 24.836075000,-34.196649600,-2.500 24.836075000,-34.196649600,-2.500 24.836075100,-34.196649600,-2.500 24.836075100,-34.196649600,-2.500 24.836075100,-34.196649600,-2.540 24.836075100,-34.196649700,-2.540 24.836075100,-34.196649700,-2.540 24.836075100,-34.196649700,-2.540 24.836075100,-34.196649600,-2.490 24.836075100,-34.196649600,-2.490 24.836075100,-34.196649600,-2.490 24.836075100,-34.196649600,-2.490 24.836075100,-34.196649600,-2.430 24.836075100,-34.196649600,-2.430 24.836075100,-34.196649600,-2.430 24.836075100,-34.196649600,-2.430 24.836075000,-34.196649500,-2.570 24.836075000,-34.196649500,-2.570 24.836075000,-34.196649500,-2.570 24.836075000,-34.196649400,-2.570 24.836075000,-34.196649400,-2.570 24.836075000,-34.196649400,-2.570 24.836075000,-34.196649400,-2.570 24.836075000,-34.196649300,-2.570 24.836075000,-34.196649300,-2.530 24.836074900,-34.196649500,-2.530 24.836074900,-34.196649500,-2.530 24.836074900,-34.196649500,-2.530 24.836074900,-34.196649500,-2.480 24.836074900,-34.196649500,-2.480 24.836074900,-34.196649500,-2.480 24.836074900,-34.196649500,-2.480 24.836074900,-34.196649700,-2.550 24.836074900,-34.196649700,-2.550 24.836074900,-34.196649700,-2.550 24.836074900,-34.196649700,-2.550 24.836074900,-34.196649700,-2.500 24.836074900,-34.196649700,-2.500 24.836074900,-34.196649700,-2.500 24.836074900,-34.196649800,-2.500 24.836074800,-34.196649700,-2.560 24.836074800,-34.196649700,-2.560 24.836074800,-34.196649700,-2.560 24.836074800,-34.196649700,-2.560 24.836074800,-34.196649700,-2.540 24.836074800,-34.196649700,-2.540 24.836074800,-34.196649700,-2.540 24.836074800,-34.196649700,-2.540 24.836074800,-34.196649800,-2.530 24.836074800,-34.196649800,-2.530 24.836074800,-34.196649800,-2.530 24.836074800,-34.196649800,-2.530 24.836074800,-34.196649800,-2.540 24.836074800,-34.196649800,-2.540 24.836074800,-34.196649800,-2.540 24.836074900,-34.196649900,-2.540 24.836074800,-34.196649800,-2.570 24.836074800,-34.196649800,-2.570 24.836074800,-34.196649800,-2.570 24.836074800,-34.196649700,-2.570 24.836074800,-34.196649700,-2.570 24.836074800,-34.196649700,-2.570 24.836074800,-34.196649700,-2.570 24.836074800,-34.196649700,-2.570 24.836074800,-34.196649700,-2.540 24.836074800,-34.196649600,-2.540 24.836074700,-34.196649800,-2.540 24.836074700,-34.196649800,-2.540 24.836074700,-34.196649800,-2.520 24.836074700,-34.196649800,-2.520 24.836074700,-34.196649800,-2.520 24.836074700,-34.196649800,-2.520 24.836074700,-34.196649800,-2.550 24.836074700,-34.196649800,-2.550 24.836074700,-34.196649800,-2.550 24.836074600,-34.196649800,-2.550 24.836074600,-34.196649800,-2.570 24.836074600,-34.196649800,-2.570 24.836074600,-34.196649800,-2.570 24.836074600,-34.196649800,-2.570 24.836074600,-34.196649700,-2.550 24.836074600,-34.196649700,-2.550 24.836074600,-34.196649700,-2.550 24.836074600,-34.196649800,-2.550 24.836074600,-34.196649800,-2.630 24.836074600,-34.196649800,-2.630 24.836074600,-34.196649800,-2.630 24.836074600,-34.196649800,-2.630 24.836074600,-34.196649800,-2.540 24.836074600,-34.196649800,-2.540 24.836074600,-34.196649800,-2.540 24.836074600,-34.196649800,-2.540 24.836074600,-34.196649800,-2.500 24.836074600,-34.196649800,-2.500 24.836074600,-34.196649800,-2.500 24.836074700,-34.196649800,-2.500 24.836074600,-34.196649700,-2.570 24.836074600,-34.196649700,-2.570 24.836074600,-34.196649600,-2.570 24.836074600,-34.196649600,-2.570 24.836074600,-34.196649600,-2.500 24.836074600,-34.196649600,-2.500 24.836074600,-34.196649600,-2.500 24.836074600,-34.196649500,-2.500 24.836074600,-34.196649500,-2.500 24.836074600,-34.196649500,-2.500 24.836074600,-34.196649600,-2.500 24.836074600,-34.196649600,-2.500 24.836074600,-34.196649600,-2.520 24.836074600,-34.196649600,-2.520 24.836074600,-34.196649600,-2.520 24.836074600,-34.196649600,-2.520 24.836074600,-34.196649600,-2.500 24.836074600,-34.196649600,-2.500 24.836074600,-34.196649600,-2.500 24.836074600,-34.196649600,-2.500 24.836074600,-34.196649600,-2.520 24.836074600,-34.196649600,-2.520 24.836074600,-34.196649600,-2.520 24.836074600,-34.196649600,-2.520 24.836074600,-34.196649600,-2.540 24.836074600,-34.196649600,-2.540 24.836074600,-34.196649600,-2.540 24.836074600,-34.196649600,-2.540 24.836074600,-34.196649600,-2.470 24.836074600,-34.196649600,-2.470 24.836074600,-34.196649600,-2.470 24.836074500,-34.196649600,-2.470 24.836074500,-34.196649600,-2.500 24.836074500,-34.196649600,-2.500 24.836074500,-34.196649600,-2.500 24.836074500,-34.196649600,-2.500 24.836074500,-34.196649600,-2.550 24.836074500,-34.196649600,-2.550 24.836074500,-34.196649600,-2.550 24.836074500,-34.196649600,-2.550 24.836074500,-34.196649700,-2.570 24.836074500,-34.196649700,-2.570 24.836074500,-34.196649700,-2.570 24.836074400,-34.196649700,-2.570 24.836074400,-34.196649700,-2.660 24.836074400,-34.196649800,-2.660 24.836074400,-34.196649800,-2.660 24.836074400,-34.196649800,-2.660 24.836074400,-34.196649800,-2.570 24.836074400,-34.196649800,-2.570 24.836074400,-34.196649800,-2.570 24.836074300,-34.196649800,-2.570 24.836074300,-34.196649800,-2.510 24.836074300,-34.196649800,-2.510 24.836074300,-34.196649800,-2.510 24.836074300,-34.196649800,-2.510 24.836074300,-34.196649900,-2.570 24.836074300,-34.196649900,-2.570 24.836074300,-34.196649900,-2.570 24.836074300,-34.196650000,-2.570 24.836074300,-34.196650000,-2.510 24.836074300,-34.196650000,-2.510 24.836074300,-34.196650000,-2.510 24.836074300,-34.196650000,-2.510 24.836074400,-34.196649900,-2.530 24.836074400,-34.196649900,-2.530 24.836074400,-34.196649800,-2.530 24.836074400,-34.196649800,-2.530 24.836074400,-34.196649800,-2.580 24.836074400,-34.196649800,-2.580 24.836074400,-34.196649800,-2.580 24.836074400,-34.196649800,-2.580 24.836074500,-34.196649900,-2.530 24.836074500,-34.196649900,-2.530 24.836074600,-34.196649900,-2.530 24.836074600,-34.196649900,-2.530 24.836074600,-34.196649900,-2.490 24.836074600,-34.196649900,-2.490 24.836074600,-34.196649900,-2.490 24.836074600,-34.196649900,-2.490 24.836074600,-34.196649700,-2.460 24.836074600,-34.196649700,-2.460 24.836074600,-34.196649700,-2.460 24.836074600,-34.196649700,-2.460 24.836074600,-34.196649600,-2.530 24.836074600,-34.196649600,-2.530 24.836074600,-34.196649600,-2.530 24.836074600,-34.196649600,-2.530 24.836074600,-34.196649500,-2.600 24.836074700,-34.196649800,-2.600 24.836074700,-34.196649800,-2.600 24.836074700,-34.196649800,-2.600 24.836074700,-34.196649800,-2.650 24.836074700,-34.196649800,-2.650 24.836074700,-34.196649800,-2.650 24.836074700,-34.196649800,-2.650 24.836074700,-34.196649800,-2.530 24.836074700,-34.196649800,-2.530 24.836074700,-34.196649800,-2.530 24.836074700,-34.196649800,-2.530 24.836074700,-34.196649800,-2.530 24.836074700,-34.196649800,-2.530 24.836074700,-34.196649800,-2.530 24.836074600,-34.196649900,-2.530 24.836074800,-34.196649900,-2.620 24.836074800,-34.196649900,-2.620 24.836074900,-34.196649900,-2.620 24.836074900,-34.196649900,-2.620 24.836074900,-34.196649900,-2.590 24.836074900,-34.196649900,-2.590 24.836074900,-34.196649900,-2.590 24.836074900,-34.196649900,-2.590 24.836074900,-34.196649900,-2.550 24.836074900,-34.196649900,-2.550 24.836074900,-34.196649900,-2.550 24.836074900,-34.196649900,-2.550 24.836074900,-34.196649900,-2.540 24.836074900,-34.196649900,-2.540 24.836074900,-34.196649900,-2.540 24.836074900,-34.196649900,-2.540 24.836075100,-34.196649900,-2.520 24.836075100,-34.196649900,-2.520 24.836075100,-34.196649900,-2.520 24.836075100,-34.196649900,-2.520 24.836075100,-34.196649900,-2.500 24.836075200,-34.196649900,-2.500 24.836075200,-34.196649900,-2.500 24.836075200,-34.196649900,-2.500 24.836075200,-34.196649900,-2.580 24.836075100,-34.196649900,-2.580 24.836075100,-34.196649900,-2.580 24.836075100,-34.196649900,-2.580 24.836075100,-34.196649900,-2.600 24.836075100,-34.196649900,-2.600 24.836075100,-34.196649900,-2.600 24.836075100,-34.196649900,-2.600 24.836075100,-34.196649800,-2.550 24.836075000,-34.196649800,-2.550 24.836075000,-34.196649800,-2.550 24.836075000,-34.196649800,-2.550 24.836075000,-34.196649800,-2.510 24.836075000,-34.196649800,-2.510 24.836074900,-34.196649800,-2.510 24.836074900,-34.196649800,-2.510 24.836075300,-34.196649900,-2.560 24.836075300,-34.196649900,-2.560 24.836075400,-34.196649900,-2.560 24.836075400,-34.196649900,-2.560 24.836075400,-34.196649900,-2.580 24.836075500,-34.196649900,-2.580 24.836075500,-34.196649900,-2.580 24.836075500,-34.196649900,-2.580 24.836075300,-34.196650000,-2.600 24.836075200,-34.196650000,-2.600 24.836075200,-34.196650000,-2.600 24.836075200,-34.196650000,-2.600 24.836075200,-34.196650100,-2.540 24.836075200,-34.196650100,-2.540 24.836075100,-34.196650100,-2.540 24.836075100,-34.196650100,-2.540 24.836075300,-34.196650000,-2.610 24.836075300,-34.196650000,-2.610 24.836075300,-34.196650000,-2.610 24.836075300,-34.196650000,-2.610 24.836075300,-34.196650000,-2.510 24.836075300,-34.196650000,-2.510 24.836075300,-34.196650000,-2.510 24.836075300,-34.196650000,-2.510 24.836075300,-34.196650000,-2.600 24.836075300,-34.196650100,-2.600 24.836075300,-34.196650100,-2.600 24.836075300,-34.196650100,-2.600 24.836075300,-34.196650100,-2.600 24.836075300,-34.196650100,-2.600 24.836075300,-34.196650100,-2.600 24.836075300,-34.196650100,-2.600 24.836075300,-34.196650100,-2.540 24.836075300,-34.196650100,-2.540 24.836075300,-34.196650100,-2.540 24.836075300,-34.196650000,-2.540 24.836075300,-34.196650000,-2.520 24.836075300,-34.196650000,-2.520 24.836075300,-34.196650000,-2.520 24.836075300,-34.196650000,-2.520 24.836075400,-34.196650000,-2.500 24.836075400,-34.196650000,-2.500 24.836075400,-34.196650000,-2.500 24.836075400,-34.196650000,-2.500 24.836075400,-34.196650000,-2.480 24.836075400,-34.196650000,-2.480 24.836075400,-34.196650000,-2.480 24.836075400,-34.196649900,-2.480 24.836075400,-34.196650100,-2.520 24.836075400,-34.196650100,-2.520 24.836075400,-34.196650100,-2.520 24.836075400,-34.196650100,-2.520 24.836075400,-34.196650100,-2.520 24.836075400,-34.196650100,-2.520 24.836075400,-34.196650100,-2.520 24.836075400,-34.196650100,-2.520 24.836075500,-34.196650100,-2.550 24.836075500,-34.196650100,-2.550 24.836075500,-34.196650100,-2.550 24.836075500,-34.196650100,-2.550 24.836075500,-34.196650100,-2.600 24.836075500,-34.196650100,-2.600 24.836075500,-34.196650100,-2.600 24.836075500,-34.196650100,-2.600 24.836075500,-34.196650100,-2.520 24.836075500,-34.196650100,-2.520 24.836075500,-34.196650100,-2.520 24.836075600,-34.196650000,-2.520 24.836075600,-34.196650000,-2.530 24.836075600,-34.196650000,-2.530 24.836075600,-34.196650000,-2.530 24.836075600,-34.196650000,-2.530 24.836075500,-34.196650100,-2.570 24.836075500,-34.196650200,-2.570 24.836075500,-34.196650200,-2.570 24.836075500,-34.196650200,-2.570 24.836075500,-34.196650200,-2.550 24.836075500,-34.196650200,-2.550 24.836075500,-34.196650300,-2.550 24.836075500,-34.196650300,-2.550 24.836075500,-34.196650100,-2.590 24.836075500,-34.196650100,-2.590 24.836075500,-34.196650100,-2.590 24.836075500,-34.196650100,-2.590 24.836075500,-34.196650100,-2.520 24.836075500,-34.196650100,-2.520 24.836075500,-34.196650100,-2.520 24.836075500,-34.196650100,-2.520 24.836075400,-34.196650200,-2.440 24.836075400,-34.196650200,-2.440 24.836075400,-34.196650200,-2.440 24.836075400,-34.196650200,-2.440 24.836075400,-34.196650200,-2.490 24.836075400,-34.196650200,-2.490 24.836075400,-34.196650200,-2.490 24.836075400,-34.196650200,-2.490 24.836075300,-34.196650100,-2.540 24.836075300,-34.196650100,-2.540 24.836075300,-34.196650100,-2.540 24.836075300,-34.196650100,-2.540 24.836075300,-34.196650100,-2.550 24.836075300,-34.196650100,-2.550 24.836075300,-34.196650100,-2.550 24.836075200,-34.196650000,-2.550 24.836075200,-34.196650000,-2.580 24.836075200,-34.196649800,-2.580 24.836075200,-34.196649700,-2.580 24.836075200,-34.196649700,-2.580 24.836075300,-34.196649700,-2.560 24.836075300,-34.196649700,-2.560 24.836075300,-34.196649700,-2.560 24.836075300,-34.196649600,-2.560 24.836075200,-34.196649800,-2.580 24.836075200,-34.196649800,-2.580 24.836075200,-34.196649800,-2.580 24.836075200,-34.196649800,-2.580 24.836075200,-34.196649800,-2.590 24.836075200,-34.196649800,-2.590 24.836075200,-34.196649800,-2.590 24.836075200,-34.196649800,-2.590 24.836075100,-34.196650000,-2.600 24.836075100,-34.196650000,-2.600 24.836075100,-34.196650000,-2.600 24.836075000,-34.196650100,-2.600 24.836075000,-34.196650100,-2.610 24.836075000,-34.196650100,-2.610 24.836075000,-34.196650100,-2.610 24.836075000,-34.196650200,-2.610 24.836075100,-34.196650000,-2.670 24.836075100,-34.196650000,-2.670 24.836075100,-34.196650000,-2.670 24.836075100,-34.196650000,-2.670 24.836075100,-34.196650000,-2.610 24.836075100,-34.196650000,-2.610 24.836075100,-34.196650000,-2.610 24.836075100,-34.196650000,-2.610 24.836075000,-34.196649900,-2.530 24.836075000,-34.196649900,-2.530 24.836075000,-34.196649900,-2.530 24.836074900,-34.196649900,-2.530 24.836074900,-34.196649900,-2.480 24.836074900,-34.196649900,-2.480 24.836074900,-34.196649900,-2.480 24.836074900,-34.196649900,-2.480 24.836074900,-34.196649900,-2.560 24.836074900,-34.196649800,-2.560 24.836074900,-34.196649800,-2.560 24.836074900,-34.196649800,-2.560 24.836074900,-34.196649700,-2.600 24.836074900,-34.196649700,-2.600 24.836074800,-34.196649700,-2.600 24.836074800,-34.196649700,-2.600 24.836074900,-34.196649700,-2.620 24.836074900,-34.196649700,-2.620 24.836074900,-34.196649700,-2.620 24.836074900,-34.196649700,-2.620 24.836074900,-34.196649700,-2.600 24.836074900,-34.196649700,-2.600 24.836074900,-34.196649700,-2.600 24.836074900,-34.196649700,-2.600 24.836074900,-34.196649700,-2.600 24.836074900,-34.196649700,-2.600 24.836074900,-34.196649700,-2.600 24.836074900,-34.196649800,-2.600 24.836074900,-34.196649800,-2.580 24.836074900,-34.196649800,-2.580 24.836074800,-34.196649800,-2.580 24.836074800,-34.196649800,-2.580 24.836074800,-34.196649700,-2.590 24.836074800,-34.196649700,-2.590 24.836074800,-34.196649700,-2.590 24.836074800,-34.196649700,-2.590 24.836074800,-34.196649700,-2.650 24.836074800,-34.196649800,-2.650 24.836074800,-34.196649800,-2.650 24.836074800,-34.196649800,-2.650 24.836074900,-34.196649700,-2.640 24.836074900,-34.196649700,-2.640 24.836074900,-34.196649700,-2.640 24.836075000,-34.196649700,-2.640 24.836075000,-34.196649700,-2.600 24.836075000,-34.196649700,-2.600 24.836075000,-34.196649700,-2.600 24.836075000,-34.196649700,-2.600 24.836075000,-34.196649700,-2.490 24.836075000,-34.196649700,-2.490 24.836075000,-34.196649700,-2.490 24.836075000,-34.196649700,-2.490 24.836075000,-34.196649700,-2.510 24.836075000,-34.196649700,-2.510 24.836075000,-34.196649600,-2.510 24.836075000,-34.196649600,-2.510 24.836075100,-34.196649700,-2.520 24.836075100,-34.196649700,-2.520 24.836075100,-34.196649700,-2.520 24.836075100,-34.196649700,-2.520 24.836075100,-34.196649700,-2.600 24.836075100,-34.196649700,-2.600 24.836075100,-34.196649700,-2.600 24.836075100,-34.196649700,-2.600 24.836075100,-34.196649700,-2.550 24.836075100,-34.196649700,-2.550 24.836075100,-34.196649700,-2.550 24.836075000,-34.196649700,-2.550 24.836075000,-34.196649700,-2.590 24.836075000,-34.196649700,-2.590 24.836075000,-34.196649800,-2.590 24.836075000,-34.196649800,-2.590 24.836075000,-34.196649600,-2.580 24.836075000,-34.196649600,-2.580 24.836075000,-34.196649600,-2.580 24.836075000,-34.196649600,-2.580 24.836075000,-34.196649600,-2.520 24.836075000,-34.196649600,-2.520 24.836075000,-34.196649600,-2.520 24.836075000,-34.196649600,-2.520 24.836074900,-34.196649600,-2.550 24.836074900,-34.196649600,-2.550 24.836074900,-34.196649600,-2.550 24.836074900,-34.196649600,-2.550 24.836074900,-34.196649700,-2.640 24.836074800,-34.196649700,-2.640 24.836074800,-34.196649700,-2.640 24.836074800,-34.196649700,-2.640 24.836074800,-34.196649800,-2.580 24.836074900,-34.196649600,-2.580 24.836074900,-34.196649600,-2.580 24.836074900,-34.196649600,-2.580 24.836074900,-34.196649600,-2.570 24.836074900,-34.196649600,-2.570 24.836074900,-34.196649600,-2.570 24.836074900,-34.196649600,-2.570 24.836074900,-34.196649600,-2.560 24.836074900,-34.196649600,-2.560 24.836074900,-34.196649600,-2.560 24.836074900,-34.196649600,-2.560 24.836074900,-34.196649600,-2.250 24.836074900,-34.196649600,-2.250 24.836074900,-34.196649600,-2.250 24.836074900,-34.196649600,-2.250 24.836074900,-34.196649600,-2.120 24.836074900,-34.196649600,-2.120 24.836074900,-34.196649600,-2.120 24.836074900,-34.196649600,-2.120 24.836074900,-34.196649600,-2.080 24.836074900,-34.196649600,-2.080 24.836074900,-34.196649600,-2.080 24.836074900,-34.196649600,-2.080 24.836075000,-34.196649600,-2.120 24.836075000,-34.196649600,-2.120 24.836075000,-34.196649600,-2.120 24.836075000,-34.196649600,-2.120 24.836075000,-34.196649600,-2.100 24.836075000,-34.196649600,-2.100 24.836075000,-34.196649600,-2.100 24.836075000,-34.196649600,-2.100 24.836075000,-34.196649700,-2.150 24.836075000,-34.196649700,-2.150 24.836075000,-34.196649700,-2.150 24.836075000,-34.196649700,-2.150 24.836075000,-34.196649800,-2.190 24.836075000,-34.196649800,-2.190 24.836075000,-34.196649800,-2.190 24.836075000,-34.196649800,-2.190 24.836075000,-34.196649800,-2.170 24.836075100,-34.196649700,-2.170 24.836075100,-34.196649700,-2.170 24.836075100,-34.196649700,-2.170 24.836075100,-34.196649700,-2.210 24.836075100,-34.196649700,-2.210 24.836075100,-34.196649600,-2.210 24.836075100,-34.196649600,-2.210 24.836075400,-34.196649700,-2.180 24.836075400,-34.196649700,-2.180 24.836075500,-34.196649700,-2.180 24.836075500,-34.196649700,-2.180 24.836075500,-34.196649700,-2.190 24.836075600,-34.196649700,-2.190 24.836075600,-34.196649700,-2.190 24.836075600,-34.196649700,-2.190 24.836075400,-34.196649700,-2.170 24.836075400,-34.196649700,-2.170 24.836075400,-34.196649700,-2.170 24.836075400,-34.196649700,-2.170 24.836075400,-34.196649700,-2.180 24.836075400,-34.196649700,-2.180 24.836075400,-34.196649700,-2.180 24.836075400,-34.196649700,-2.180 24.836075600,-34.196649800,-2.200 24.836075600,-34.196649800,-2.200 24.836075700,-34.196649800,-2.200 24.836075700,-34.196649800,-2.200 24.836075700,-34.196649800,-2.200 24.836075700,-34.196649800,-2.200 24.836075700,-34.196649900,-2.200 24.836075700,-34.196649900,-2.200 24.836075900,-34.196649800,-2.190 24.836075900,-34.196649800,-2.190 24.836075900,-34.196649800,-2.190 24.836075900,-34.196649800,-2.190 24.836076000,-34.196649700,-2.110 24.836076000,-34.196649700,-2.110 24.836076000,-34.196649700,-2.110 24.836076000,-34.196649700,-2.110 24.836076100,-34.196649700,-2.120 24.836075800,-34.196649800,-2.120 24.836075800,-34.196649800,-2.120 24.836075700,-34.196649800,-2.120 24.836075700,-34.196649800,-2.170 24.836075700,-34.196649800,-2.170 24.836075700,-34.196649800,-2.170 24.836075600,-34.196649800,-2.170 24.836075800,-34.196649800,-2.220 24.836075800,-34.196649800,-2.220 24.836075800,-34.196649800,-2.220 24.836075800,-34.196649800,-2.220 24.836075800,-34.196649800,-2.190 24.836075900,-34.196649800,-2.190 24.836075900,-34.196649800,-2.190 24.836075900,-34.196649800,-2.190 24.836076000,-34.196649700,-2.120 24.836076000,-34.196649700,-2.120 24.836076000,-34.196649700,-2.120 24.836076100,-34.196649700,-2.120 24.836076100,-34.196649700,-2.170 24.836076100,-34.196649700,-2.170 24.836076100,-34.196649700,-2.170 24.836076100,-34.196649700,-2.170 24.836076100,-34.196649700,-2.150 24.836076100,-34.196649700,-2.150 24.836076100,-34.196649700,-2.150 24.836076100,-34.196649700,-2.150 24.836076100,-34.196649700,-2.140 24.836076100,-34.196649700,-2.140 24.836076100,-34.196649700,-2.140 24.836076100,-34.196649800,-2.140 24.836076100,-34.196649700,-2.200 24.836076100,-34.196649700,-2.200 24.836076100,-34.196649600,-2.200 24.836076100,-34.196649600,-2.200 24.836076100,-34.196649600,-2.220 24.836076100,-34.196649600,-2.220 24.836076100,-34.196649600,-2.220 24.836076100,-34.196649600,-2.220 24.836076100,-34.196649500,-2.110 24.836076200,-34.196649700,-2.110 24.836076200,-34.196649700,-2.110 24.836076200,-34.196649700,-2.110 24.836076200,-34.196649700,-2.170 24.836076200,-34.196649700,-2.170 24.836076200,-34.196649700,-2.170 24.836076200,-34.196649700,-2.170 24.836076200,-34.196649700,-2.080 24.836076200,-34.196649700,-2.080 24.836076200,-34.196649700,-2.080 24.836076200,-34.196649700,-2.080 24.836076200,-34.196649700,-2.070 24.836076200,-34.196649600,-2.070 24.836076200,-34.196649600,-2.070 24.836076200,-34.196649600,-2.070 24.836076300,-34.196649600,-2.050 24.836076300,-34.196649500,-2.050 24.836076300,-34.196649500,-2.050 24.836076300,-34.196649500,-2.050 24.836076300,-34.196649500,-2.140 24.836076300,-34.196649500,-2.140 24.836076300,-34.196649500,-2.140 24.836076300,-34.196649400,-2.140 24.836076300,-34.196649600,-2.210 24.836076300,-34.196649600,-2.210 24.836076200,-34.196649600,-2.210 24.836076200,-34.196649600,-2.210 24.836076200,-34.196649700,-2.180 24.836076200,-34.196649700,-2.180 24.836076200,-34.196649700,-2.180 24.836076200,-34.196649700,-2.180 24.836076300,-34.196649700,-2.110 24.836076300,-34.196649700,-2.110 24.836076300,-34.196649700,-2.110 24.836076300,-34.196649700,-2.110 24.836076300,-34.196649700,-2.180 24.836076300,-34.196649700,-2.180 24.836076300,-34.196649700,-2.180 24.836076300,-34.196649700,-2.180 24.836076300,-34.196649700,-2.120 24.836076300,-34.196649600,-2.120 24.836076300,-34.196649600,-2.120 24.836076300,-34.196649600,-2.120 24.836076300,-34.196649600,-2.120 24.836076300,-34.196649600,-2.120 24.836076300,-34.196649600,-2.120 24.836076300,-34.196649600,-2.120 24.836076400,-34.196649700,-2.110 24.836076400,-34.196649700,-2.110 24.836076400,-34.196649700,-2.110 24.836076400,-34.196649700,-2.110 24.836076400,-34.196649700,-2.080 24.836076400,-34.196649700,-2.080 24.836076400,-34.196649700,-2.080 24.836076400,-34.196649700,-2.080 24.836076400,-34.196649800,-2.120 24.836076400,-34.196649800,-2.120 24.836076400,-34.196649800,-2.120 24.836076400,-34.196649900,-2.120 24.836076400,-34.196649900,-2.090 24.836076300,-34.196649900,-2.090 24.836076300,-34.196649900,-2.090 24.836076300,-34.196649900,-2.090 24.836076300,-34.196650100,-2.120 24.836076300,-34.196650100,-2.120 24.836076300,-34.196650200,-2.120 24.836076200,-34.196650200,-2.120 24.836076200,-34.196650200,-2.190 24.836076200,-34.196650300,-2.190 24.836076200,-34.196650300,-2.190 24.836076200,-34.196650300,-2.190 24.836076200,-34.196650100,-2.070 24.836076200,-34.196650100,-2.070 24.836076200,-34.196650100,-2.070 24.836076200,-34.196650100,-2.070 24.836076200,-34.196650100,-2.190 24.836076200,-34.196650100,-2.190 24.836076200,-34.196650100,-2.190 24.836076200,-34.196650100,-2.190 24.836076200,-34.196650000,-2.210 24.836076300,-34.196650100,-2.210 24.836076400,-34.196650100,-2.210 24.836076400,-34.196650100,-2.210 24.836076400,-34.196650000,-2.120 24.836076400,-34.196650000,-2.120 24.836076400,-34.196650000,-2.120 24.836076500,-34.196650000,-2.120 24.836076300,-34.196650100,-2.120 24.836076300,-34.196650100,-2.120 24.836076300,-34.196650100,-2.120 24.836076300,-34.196650100,-2.120 24.836076300,-34.196650100,-2.140 24.836076300,-34.196650100,-2.140 24.836076300,-34.196650100,-2.140 24.836076200,-34.196650100,-2.140 24.836076300,-34.196650000,-2.170 24.836076300,-34.196650000,-2.170 24.836076300,-34.196649900,-2.170 24.836076300,-34.196649900,-2.170 24.836076300,-34.196649900,-2.090 24.836076300,-34.196649900,-2.090 24.836076300,-34.196649900,-2.090 24.836076300,-34.196649800,-2.090 24.836076300,-34.196649900,-2.120 24.836076300,-34.196649900,-2.120 24.836076300,-34.196649900,-2.120 24.836076300,-34.196649800,-2.120 24.836076300,-34.196649800,-2.090 24.836076300,-34.196649800,-2.090 24.836076300,-34.196649800,-2.090 24.836076300,-34.196649800,-2.090 24.836076200,-34.196650000,-2.140 24.836076200,-34.196650000,-2.140 24.836076200,-34.196650000,-2.140 24.836076200,-34.196650100,-2.140 24.836076200,-34.196650100,-2.190 24.836076200,-34.196650100,-2.190 24.836076200,-34.196650100,-2.190 24.836076200,-34.196650100,-2.190 24.836076200,-34.196650100,-2.160 24.836076100,-34.196650000,-2.160 24.836076100,-34.196650000,-2.160 24.836076100,-34.196650000,-2.160 24.836076100,-34.196650000,-2.120 24.836076100,-34.196650000,-2.120 24.836076100,-34.196650000,-2.120 24.836076100,-34.196650000,-2.120 24.836076100,-34.196650100,-2.200 24.836076100,-34.196650100,-2.200 24.836076100,-34.196650100,-2.200 24.836076100,-34.196650100,-2.200 24.836076000,-34.196650100,-1.830 24.836076000,-34.196650100,-1.830 24.836076000,-34.196650100,-1.830 24.836076000,-34.196650100,-1.830 24.836076000,-34.196650100,-1.820 24.836076000,-34.196650100,-1.820 24.836076000,-34.196650000,-1.820 24.836076000,-34.196650000,-1.820 24.836076000,-34.196650000,-1.830 24.836076000,-34.196650000,-1.830 24.836076000,-34.196650000,-1.830 24.836076100,-34.196649900,-1.830 24.836076100,-34.196650000,-1.860 24.836076200,-34.196650000,-1.860 24.836076200,-34.196650000,-1.860 24.836076200,-34.196650100,-1.860 24.836076200,-34.196650100,-1.760 24.836076200,-34.196650100,-1.760 24.836076200,-34.196650100,-1.760 24.836076300,-34.196650100,-1.760 24.836076200,-34.196650000,-1.810 24.836076200,-34.196650000,-1.810 24.836076200,-34.196650000,-1.810 24.836076200,-34.196650000,-1.810 24.836076200,-34.196650000,-1.780 24.836076300,-34.196650000,-1.780 24.836076300,-34.196650000,-1.780 24.836076300,-34.196650000,-1.780 24.836076300,-34.196650000,-1.790 24.836076300,-34.196650000,-1.790 24.836076300,-34.196650000,-1.790 24.836076300,-34.196649900,-1.790 24.836076300,-34.196649900,-1.780 24.836076300,-34.196649900,-1.780 24.836076300,-34.196649900,-1.780 24.836076300,-34.196649900,-1.780 24.836076200,-34.196649800,-1.840 24.836076200,-34.196649800,-1.840 24.836076200,-34.196649800,-1.840 24.836076200,-34.196649800,-1.840 24.836076200,-34.196649700,-1.790 24.836076200,-34.196649700,-1.790 24.836076200,-34.196649700,-1.790 24.836076100,-34.196649700,-1.790 24.836076100,-34.196649600,-1.860 24.836076100,-34.196649500,-1.860 24.836076100,-34.196649500,-1.860 24.836076100,-34.196649400,-1.860 24.836076100,-34.196649400,-1.790 24.836076100,-34.196649400,-1.790 24.836076100,-34.196649300,-1.790 24.836076100,-34.196649300,-1.790 24.836076000,-34.196649600,-1.780 24.836076000,-34.196649600,-1.780 24.836076000,-34.196649600,-1.780 24.836076000,-34.196649500,-1.780 24.836076000,-34.196649500,-1.910 24.836076000,-34.196649500,-1.910 24.836076000,-34.196649500,-1.910 24.836076000,-34.196649500,-1.910 24.836076000,-34.196649600,-1.860 24.836076000,-34.196649600,-1.860 24.836076000,-34.196649600,-1.860 24.836076000,-34.196649600,-1.860 24.836076000,-34.196649600,-1.810 24.836076000,-34.196649600,-1.810 24.836076000,-34.196649600,-1.810 24.836076000,-34.196649500,-1.810 24.836076000,-34.196649500,-1.760 24.836076000,-34.196649500,-1.760 24.836075900,-34.196649500,-1.760 24.836075900,-34.196649500,-1.760 24.836075900,-34.196649500,-1.830 24.836075900,-34.196649500,-1.830 24.836075900,-34.196649500,-1.830 24.836075900,-34.196649500,-1.830 24.836075800,-34.196649600,-1.880 24.836075800,-34.196649600,-1.880 24.836075700,-34.196649600,-1.880 24.836075700,-34.196649600,-1.880 24.836075700,-34.196649700,-1.870 24.836075700,-34.196649700,-1.870 24.836075700,-34.196649700,-1.870 24.836075600,-34.196649700,-1.870 24.836075700,-34.196649600,-1.780 24.836075700,-34.196649600,-1.780 24.836075700,-34.196649600,-1.780 24.836075700,-34.196649600,-1.780 24.836075700,-34.196649600,-1.890 24.836075700,-34.196649600,-1.890 24.836075800,-34.196649600,-1.890 24.836075800,-34.196649600,-1.890 24.836075700,-34.196649700,-1.830 24.836075700,-34.196649800,-1.830 24.836075700,-34.196649800,-1.830 24.836075700,-34.196649800,-1.830 24.836075700,-34.196649800,-1.830 24.836075700,-34.196649800,-1.830 24.836075700,-34.196649900,-1.830 24.836075700,-34.196649900,-1.830 24.836075700,-34.196649700,-1.860 24.836075700,-34.196649700,-1.860 24.836075700,-34.196649700,-1.860 24.836075700,-34.196649700,-1.860 24.836075700,-34.196649700,-1.850 24.836075700,-34.196649700,-1.850 24.836075700,-34.196649700,-1.850 24.836075800,-34.196649700,-1.850 24.836075800,-34.196649700,-1.970 24.836075800,-34.196649700,-1.970 24.836075800,-34.196649700,-1.970 24.836075800,-34.196649700,-1.970 24.836075900,-34.196649700,-1.910 24.836075900,-34.196649700,-1.910 24.836075900,-34.196649700,-1.910 24.836075900,-34.196649700,-1.910 24.836075700,-34.196649700,-1.830 24.836075700,-34.196649700,-1.830 24.836075700,-34.196649700,-1.830 24.836075700,-34.196649700,-1.830 24.836075700,-34.196649700,-1.840 24.836075700,-34.196649700,-1.840 24.836075700,-34.196649700,-1.840 24.836075700,-34.196649700,-1.840 24.836075600,-34.196649600,-1.840 24.836075600,-34.196649600,-1.840 24.836075600,-34.196649600,-1.840 24.836075600,-34.196649600,-1.840 24.836075600,-34.196649600,-1.930 24.836075600,-34.196649600,-1.930 24.836075600,-34.196649600,-1.930 24.836075600,-34.196649600,-1.930 24.836075600,-34.196649600,-1.820 24.836075600,-34.196649600,-1.820 24.836075600,-34.196649600,-1.820 24.836075600,-34.196649600,-1.820 24.836075600,-34.196649600,-1.870 24.836075600,-34.196649600,-1.870 24.836075600,-34.196649600,-1.870 24.836075600,-34.196649600,-1.870 24.836075500,-34.196649600,-1.830 24.836075500,-34.196649600,-1.830 24.836075400,-34.196649600,-1.830 24.836075400,-34.196649600,-1.830 24.836075400,-34.196649700,-1.750 24.836075400,-34.196649700,-1.750 24.836075400,-34.196649700,-1.750 24.836075400,-34.196649700,-1.750 24.836075300,-34.196649700,-1.760 24.836075500,-34.196649600,-1.760 24.836075500,-34.196649600,-1.760 24.836075500,-34.196649600,-1.760 24.836075500,-34.196649600,-1.840 24.836075600,-34.196649600,-1.840 24.836075600,-34.196649600,-1.840 24.836075600,-34.196649600,-1.840 24.836075600,-34.196649600,-1.820 24.836075700,-34.196649600,-1.820 24.836075700,-34.196649600,-1.820 24.836075700,-34.196649500,-1.820 24.836075700,-34.196649500,-1.810 24.836075700,-34.196649500,-1.810 24.836075700,-34.196649500,-1.810 24.836075800,-34.196649500,-1.810 24.836075600,-34.196649600,-1.910 24.836075600,-34.196649600,-1.910 24.836075600,-34.196649700,-1.910 24.836075500,-34.196649700,-1.910 24.836075500,-34.196649700,-1.880 24.836075500,-34.196649700,-1.880 24.836075500,-34.196649700,-1.880 24.836075500,-34.196649700,-1.880 24.836075500,-34.196649700,-1.910 24.836075500,-34.196649700,-1.910 24.836075500,-34.196649700,-1.910 24.836075500,-34.196649700,-1.910 24.836075500,-34.196649700,-1.920 24.836075500,-34.196649700,-1.920 24.836075500,-34.196649700,-1.920 24.836075500,-34.196649700,-1.920 24.836075500,-34.196649600,-1.830 24.836075500,-34.196649600,-1.830 24.836075500,-34.196649600,-1.830 24.836075500,-34.196649600,-1.830 24.836075500,-34.196649600,-1.870 24.836075500,-34.196649600,-1.870 24.836075500,-34.196649600,-1.870 24.836075500,-34.196649600,-1.870 24.836075600,-34.196649600,-1.820 24.836075400,-34.196649600,-1.820 24.836075400,-34.196649600,-1.820 24.836075300,-34.196649700,-1.820 24.836075300,-34.196649700,-1.820 24.836075300,-34.196649700,-1.820 24.836075300,-34.196649700,-1.820 24.836075300,-34.196649800,-1.820 24.836075300,-34.196649700,-1.950 24.836075300,-34.196649700,-1.950 24.836075300,-34.196649700,-1.950 24.836075400,-34.196649800,-1.950 24.836075400,-34.196649800,-1.860 24.836075400,-34.196649800,-1.860 24.836075400,-34.196649800,-1.860 24.836075400,-34.196649900,-1.860 24.836075300,-34.196649600,-1.800 24.836075300,-34.196649600,-1.800 24.836075300,-34.196649600,-1.800 24.836075400,-34.196649600,-1.800 24.836075400,-34.196649600,-1.730 24.836075400,-34.196649500,-1.730 24.836075400,-34.196649500,-1.730 24.836075400,-34.196649500,-1.730 24.836075300,-34.196649400,-1.860 24.836075300,-34.196649400,-1.860 24.836075300,-34.196649400,-1.860 24.836075300,-34.196649400,-1.860 24.836075300,-34.196649400,-1.850 24.836075300,-34.196649300,-1.850 24.836075300,-34.196649300,-1.850 24.836075300,-34.196649300,-1.850 24.836075300,-34.196649400,-1.780 24.836075300,-34.196649400,-1.780 24.836075300,-34.196649400,-1.780 24.836075300,-34.196649400,-1.780 24.836075300,-34.196649400,-1.730 24.836075300,-34.196649400,-1.730 24.836075300,-34.196649400,-1.730 24.836075300,-34.196649400,-1.730 24.836075300,-34.196649400,-1.820 24.836075300,-34.196649300,-1.820 24.836075300,-34.196649300,-1.820 24.836075300,-34.196649200,-1.820 24.836075300,-34.196649200,-1.830 24.836075300,-34.196649200,-1.830 24.836075400,-34.196649200,-1.830 24.836075400,-34.196649200,-1.830 24.836075300,-34.196649100,-1.900 24.836075300,-34.196649100,-1.900 24.836075300,-34.196649100,-1.900 24.836075300,-34.196649100,-1.900 24.836075300,-34.196649100,-1.670 24.836075300,-34.196649100,-1.670 24.836075300,-34.196649100,-1.670 24.836075300,-34.196649100,-1.670 24.836075300,-34.196649200,-1.530 24.836075300,-34.196649200,-1.530 24.836075300,-34.196649200,-1.530 24.836075300,-34.196649200,-1.530 24.836075400,-34.196649200,-1.480 24.836075400,-34.196649200,-1.480 24.836075400,-34.196649200,-1.480 24.836075400,-34.196649200,-1.480 24.836075300,-34.196649100,-1.440 24.836075300,-34.196649100,-1.440 24.836075300,-34.196649000,-1.440 24.836075400,-34.196649000,-1.440 24.836075400,-34.196649000,-1.540 24.836075400,-34.196649000,-1.540 24.836075400,-34.196649000,-1.540 24.836075400,-34.196649000,-1.540 24.836075300,-34.196649000,-1.500 24.836075300,-34.196649000,-1.500 24.836075300,-34.196649000,-1.500 24.836075400,-34.196649000,-1.500 24.836075400,-34.196648900,-1.480 24.836075400,-34.196648900,-1.480 24.836075400,-34.196648900,-1.480 24.836075400,-34.196648900,-1.480 24.836075400,-34.196648900,-1.510 24.836075200,-34.196649200,-1.510 24.836075200,-34.196649200,-1.510 24.836075200,-34.196649200,-1.510 24.836075200,-34.196649200,-1.470 24.836075200,-34.196649200,-1.470 24.836075200,-34.196649300,-1.470 24.836075200,-34.196649300,-1.470 24.836075100,-34.196649600,-1.430 24.836075100,-34.196649600,-1.430 24.836075100,-34.196649600,-1.430 24.836075000,-34.196649700,-1.430 24.836075000,-34.196649800,-1.400 24.836075000,-34.196649800,-1.400 24.836075000,-34.196649800,-1.400 24.836075000,-34.196649900,-1.400 24.836074900,-34.196649500,-1.390 24.836074800,-34.196649500,-1.390 24.836074800,-34.196649500,-1.390 24.836074800,-34.196649500,-1.390 24.836074800,-34.196649500,-1.490 24.836074800,-34.196649500,-1.490 24.836074700,-34.196649500,-1.490 24.836074700,-34.196649500,-1.490 24.836074700,-34.196649700,-1.520 24.836074700,-34.196649700,-1.520 24.836074700,-34.196649700,-1.520 24.836074600,-34.196649800,-1.520 24.836074600,-34.196649800,-1.480 24.836074600,-34.196649800,-1.480 24.836074600,-34.196649800,-1.480 24.836074600,-34.196649900,-1.480 24.836074700,-34.196649600,-1.530 24.836074700,-34.196649600,-1.530 24.836074700,-34.196649600,-1.530 24.836074800,-34.196649600,-1.530 24.836074800,-34.196649600,-1.480 24.836074800,-34.196649600,-1.480 24.836074800,-34.196649600,-1.480 24.836074800,-34.196649600,-1.480 24.836074800,-34.196649600,-1.460 24.836074700,-34.196649600,-1.460 24.836074700,-34.196649700,-1.460 24.836074700,-34.196649700,-1.460 24.836074700,-34.196649700,-1.520 24.836074700,-34.196649700,-1.520 24.836074600,-34.196649700,-1.520 24.836074600,-34.196649800,-1.520 24.836074600,-34.196649500,-1.450 24.836074600,-34.196649500,-1.450 24.836074600,-34.196649400,-1.450 24.836074600,-34.196649400,-1.450 24.836074600,-34.196649400,-1.490 24.836074600,-34.196649400,-1.490 24.836074600,-34.196649400,-1.490 24.836074600,-34.196649400,-1.490 24.836074600,-34.196649300,-1.560 24.836074600,-34.196649300,-1.560 24.836074600,-34.196649300,-1.560 24.836074700,-34.196649300,-1.560 24.836074700,-34.196649300,-1.530 24.836074700,-34.196649300,-1.530 24.836074700,-34.196649300,-1.530 24.836074700,-34.196649300,-1.530 24.836074600,-34.196649200,-1.470 24.836074600,-34.196649200,-1.470 24.836074600,-34.196649200,-1.470 24.836074600,-34.196649200,-1.470 24.836074600,-34.196649200,-1.470 24.836074600,-34.196649200,-1.470 24.836074600,-34.196649200,-1.470 24.836074600,-34.196649200,-1.470 24.836074600,-34.196649300,-1.440 24.836074600,-34.196649300,-1.440 24.836074600,-34.196649300,-1.440 24.836074600,-34.196649300,-1.440 24.836074600,-34.196649300,-1.460 24.836074600,-34.196649300,-1.460 24.836074600,-34.196649300,-1.460 24.836074600,-34.196649300,-1.460 24.836074600,-34.196649300,-1.410 24.836074600,-34.196649200,-1.410 24.836074600,-34.196649200,-1.410 24.836074600,-34.196649100,-1.410 24.836074600,-34.196649100,-1.520 24.836074600,-34.196649100,-1.520 24.836074600,-34.196649100,-1.520 24.836074600,-34.196649100,-1.520 24.836074600,-34.196649000,-1.500 24.836074600,-34.196649000,-1.500 24.836074600,-34.196649000,-1.500 24.836074600,-34.196649000,-1.500 24.836074600,-34.196649000,-1.590 24.836074600,-34.196649000,-1.590 24.836074600,-34.196649000,-1.590 24.836074600,-34.196649000,-1.590 24.836074500,-34.196649000,-1.570 24.836074500,-34.196649000,-1.570 24.836074500,-34.196649000,-1.570 24.836074500,-34.196648900,-1.570 24.836074500,-34.196648900,-1.570 24.836074500,-34.196648900,-1.570 24.836074500,-34.196648900,-1.570 24.836074500,-34.196648900,-1.570 24.836074500,-34.196648900,-1.530 24.836074500,-34.196648900,-1.530 24.836074500,-34.196648900,-1.530 24.836074500,-34.196648900,-1.530 24.836074500,-34.196648900,-1.560 24.836074500,-34.196648900,-1.560 24.836074500,-34.196648900,-1.560 24.836074600,-34.196648900,-1.560 24.836074500,-34.196648600,-1.520 24.836074500,-34.196648500,-1.520 24.836074500,-34.196648500,-1.520 24.836074500,-34.196648500,-1.520 24.836074500,-34.196648500,-1.520 24.836074500,-34.196648500,-1.520 24.836074500,-34.196648400,-1.520 24.836074500,-34.196648400,-1.520 24.836074500,-34.196648400,-1.530 24.836074700,-34.196648400,-1.530 24.836074700,-34.196648400,-1.530 24.836074700,-34.196648400,-1.530 24.836074700,-34.196648400,-1.550 24.836074700,-34.196648400,-1.550 24.836074800,-34.196648400,-1.550 24.836074800,-34.196648400,-1.550 24.836074500,-34.196648300,-1.420 24.836074500,-34.196648300,-1.420 24.836074500,-34.196648300,-1.420 24.836074400,-34.196648300,-1.420 24.836074400,-34.196648300,-1.460 24.836074400,-34.196648300,-1.460 24.836074400,-34.196648300,-1.460 24.836074400,-34.196648300,-1.460 24.836074500,-34.196648000,-1.470 24.836074600,-34.196648000,-1.470 24.836074600,-34.196648000,-1.470 24.836074600,-34.196648000,-1.470 24.836074600,-34.196648000,-1.460 24.836074600,-34.196647900,-1.460 24.836074600,-34.196647900,-1.460 24.836074700,-34.196647900,-1.460 24.836074500,-34.196647700,-1.510 24.836074500,-34.196647700,-1.510 24.836074500,-34.196647700,-1.510 24.836074400,-34.196647700,-1.510 24.836074400,-34.196647700,-1.410 24.836074400,-34.196647800,-1.410 24.836074400,-34.196647800,-1.410 24.836074400,-34.196647800,-1.410 24.836074400,-34.196647700,-1.520 24.836074400,-34.196647700,-1.520 24.836074400,-34.196647700,-1.520 24.836074400,-34.196647700,-1.520 24.836074400,-34.196647700,-1.490 24.836074400,-34.196647700,-1.490 24.836074400,-34.196647700,-1.490 24.836074500,-34.196647700,-1.490 24.836074500,-34.196647700,-1.410 24.836074500,-34.196647700,-1.410 24.836074400,-34.196647600,-1.410 24.836074400,-34.196647600,-1.410 24.836074400,-34.196647600,-1.370 24.836074400,-34.196647600,-1.370 24.836074400,-34.196647600,-1.370 24.836074400,-34.196647500,-1.370 24.836074300,-34.196647600,-1.420 24.836074300,-34.196647600,-1.420 24.836074300,-34.196647700,-1.420 24.836074200,-34.196647700,-1.420 24.836074200,-34.196647700,-1.490 24.836074200,-34.196647700,-1.490 24.836074200,-34.196647700,-1.490 24.836074200,-34.196647800,-1.490 24.836074300,-34.196647700,-1.560 24.836074300,-34.196647700,-1.560 24.836074300,-34.196647700,-1.560 24.836074300,-34.196647700,-1.560 24.836074400,-34.196647700,-1.560 24.836074400,-34.196647700,-1.560 24.836074400,-34.196647700,-1.560 24.836074400,-34.196647700,-1.560 24.836074200,-34.196647800,-1.520 24.836074200,-34.196647800,-1.520 24.836074200,-34.196647800,-1.520 24.836074200,-34.196647800,-1.520 24.836074200,-34.196647800,-1.510 24.836074200,-34.196647800,-1.510 24.836074200,-34.196647800,-1.510 24.836074200,-34.196647800,-1.510 24.836074200,-34.196647700,-1.500 24.836074200,-34.196647700,-1.500 24.836074200,-34.196647700,-1.500 24.836074200,-34.196647700,-1.500 24.836074200,-34.196647700,-1.530 24.836074200,-34.196647700,-1.530 24.836074200,-34.196647700,-1.530 24.836074200,-34.196647700,-1.530 24.836074200,-34.196647700,-1.480 24.836074200,-34.196647700,-1.480 24.836074200,-34.196647700,-1.480 24.836074200,-34.196647700,-1.480 24.836074200,-34.196647600,-1.520 24.836074200,-34.196647600,-1.520 24.836074200,-34.196647600,-1.520 24.836074300,-34.196647600,-1.520 24.836074200,-34.196647800,-1.450 24.836074200,-34.196647800,-1.450 24.836074200,-34.196647800,-1.450 24.836074200,-34.196647800,-1.450 24.836074200,-34.196647900,-1.760 24.836074200,-34.196647900,-1.760 24.836074200,-34.196647900,-1.760 24.836074200,-34.196647900,-1.760 24.836074300,-34.196647900,-1.810 24.836074300,-34.196647900,-1.810 24.836074300,-34.196647900,-1.810 24.836074300,-34.196647900,-1.810 24.836074400,-34.196647900,-1.830 24.836074400,-34.196647900,-1.830 24.836074400,-34.196647900,-1.830 24.836074400,-34.196647900,-1.830 24.836074200,-34.196647500,-1.830 24.836074200,-34.196647500,-1.830 24.836074200,-34.196647500,-1.830 24.836074100,-34.196647500,-1.830 24.836074100,-34.196647500,-1.820 24.836074100,-34.196647400,-1.820 24.836074100,-34.196647400,-1.820 24.836074100,-34.196647400,-1.820 24.836074200,-34.196647600,-1.830 24.836074200,-34.196647600,-1.830 24.836074200,-34.196647600,-1.830 24.836074200,-34.196647600,-1.830 24.836074200,-34.196647600,-1.760 24.836074200,-34.196647600,-1.760 24.836074200,-34.196647600,-1.760 24.836074200,-34.196647600,-1.760 24.836074200,-34.196647600,-1.810 24.836074200,-34.196647600,-1.810 24.836074200,-34.196647600,-1.810 24.836074200,-34.196647700,-1.810 24.836074200,-34.196647700,-1.830 24.836074200,-34.196647700,-1.830 24.836074200,-34.196647700,-1.830 24.836074200,-34.196647700,-1.830 24.836074100,-34.196647700,-1.830 24.836074100,-34.196647700,-1.830 24.836074100,-34.196647700,-1.830 24.836074100,-34.196647700,-1.830 24.836074000,-34.196647700,-1.810 24.836074000,-34.196647700,-1.810 24.836074000,-34.196647700,-1.810 24.836074000,-34.196647700,-1.810 24.836074000,-34.196647600,-1.880 24.836074000,-34.196647600,-1.880 24.836074000,-34.196647500,-1.880 24.836074000,-34.196647500,-1.880 24.836074000,-34.196647500,-1.850 24.836074000,-34.196647500,-1.850 24.836074000,-34.196647500,-1.850 24.836074000,-34.196647400,-1.850 24.836074000,-34.196647500,-1.860 24.836074000,-34.196647500,-1.860 24.836074000,-34.196647500,-1.860 24.836074000,-34.196647500,-1.860 24.836073900,-34.196647500,-1.870 24.836073900,-34.196647500,-1.870 24.836073900,-34.196647500,-1.870 24.836073900,-34.196647500,-1.870 24.836073900,-34.196647600,-1.830 24.836073900,-34.196647600,-1.830 24.836073900,-34.196647700,-1.830 24.836073900,-34.196647700,-1.830 24.836073900,-34.196647700,-1.810 24.836074000,-34.196647700,-1.810 24.836074000,-34.196647700,-1.810 24.836074000,-34.196647800,-1.810 24.836074000,-34.196647800,-1.810 24.836073900,-34.196647500,-1.810 24.836073900,-34.196647500,-1.810 24.836073900,-34.196647500,-1.810 24.836073900,-34.196647400,-1.800 24.836073900,-34.196647400,-1.800 24.836073900,-34.196647400,-1.800 24.836073900,-34.196647300,-1.800 24.836073900,-34.196647400,-1.750 24.836073900,-34.196647400,-1.750 24.836073900,-34.196647400,-1.750 24.836073900,-34.196647400,-1.750 24.836073900,-34.196647400,-1.780 24.836073900,-34.196647400,-1.780 24.836073900,-34.196647400,-1.780 24.836073900,-34.196647500,-1.780 24.836073900,-34.196647400,-1.740 24.836073900,-34.196647400,-1.740 24.836073900,-34.196647400,-1.740 24.836074000,-34.196647400,-1.740 24.836074000,-34.196647400,-1.670 24.836074000,-34.196647400,-1.670 24.836074000,-34.196647400,-1.670 24.836074000,-34.196647400,-1.670 24.836073900,-34.196647300,-1.720 24.836073900,-34.196647300,-1.720 24.836073900,-34.196647300,-1.720 24.836073900,-34.196647300,-1.720 24.836073800,-34.196647300,-1.820 24.836073800,-34.196647300,-1.820 24.836073800,-34.196647300,-1.820 24.836073800,-34.196647200,-1.820 24.836073800,-34.196647300,-1.750 24.836073800,-34.196647300,-1.750 24.836073800,-34.196647300,-1.750 24.836073800,-34.196647300,-1.750 24.836073800,-34.196647300,-1.730 24.836073800,-34.196647300,-1.730 24.836073800,-34.196647300,-1.730 24.836073900,-34.196647300,-1.730 24.836073900,-34.196647300,-1.750 24.836073800,-34.196647400,-1.750 24.836073800,-34.196647400,-1.750 24.836073800,-34.196647400,-1.750 24.836073800,-34.196647400,-1.670 24.836073800,-34.196647400,-1.670 24.836073800,-34.196647400,-1.670 24.836073800,-34.196647400,-1.670 24.836073700,-34.196647400,-1.670 24.836073700,-34.196647400,-1.670 24.836073700,-34.196647400,-1.670 24.836073700,-34.196647400,-1.670 24.836073700,-34.196647400,-1.720 24.836073700,-34.196647400,-1.720 24.836073700,-34.196647400,-1.720 24.836073700,-34.196647400,-1.720 24.836073600,-34.196647500,-1.740 24.836073600,-34.196647500,-1.740 24.836073600,-34.196647600,-1.740 24.836073600,-34.196647600,-1.740 24.836073600,-34.196647600,-1.780 24.836073500,-34.196647600,-1.780 24.836073500,-34.196647600,-1.780 24.836073500,-34.196647700,-1.780 24.836073500,-34.196647900,-1.770 24.836073500,-34.196647900,-1.770 24.836073500,-34.196647900,-1.770 24.836073500,-34.196647900,-1.770 24.836073500,-34.196647900,-1.790 24.836073500,-34.196648000,-1.790 24.836073500,-34.196648000,-1.790 24.836073500,-34.196648000,-1.790 24.836073400,-34.196648000,-1.770 24.836073400,-34.196648000,-1.770 24.836073400,-34.196648000,-1.770 24.836073400,-34.196648000,-1.770 24.836073400,-34.196648100,-1.720 24.836073400,-34.196648100,-1.720 24.836073400,-34.196648100,-1.720 24.836073400,-34.196648100,-1.720 24.836073400,-34.196648100,-1.750 24.836073300,-34.196648100,-1.750 24.836073300,-34.196648100,-1.750 24.836073300,-34.196648100,-1.750 24.836073300,-34.196648100,-1.740 24.836073300,-34.196648100,-1.740 24.836073200,-34.196648100,-1.740 24.836073200,-34.196648100,-1.740 24.836073100,-34.196648200,-1.740 24.836073100,-34.196648200,-1.740 24.836073100,-34.196648200,-1.740 24.836073000,-34.196648200,-1.740 24.836073000,-34.196648300,-1.620 24.836073000,-34.196648300,-1.620 24.836073000,-34.196648300,-1.620 24.836073000,-34.196648300,-1.620 24.836073100,-34.196648300,-1.640 24.836073100,-34.196648300,-1.640 24.836073100,-34.196648300,-1.640 24.836073200,-34.196648300,-1.640 24.836073200,-34.196648300,-1.660 24.836073200,-34.196648300,-1.660 24.836073200,-34.196648300,-1.660 24.836073200,-34.196648300,-1.660 24.836072800,-34.196648300,-1.700 24.836072800,-34.196648300,-1.700 24.836072800,-34.196648300,-1.700 24.836072800,-34.196648300,-1.700 24.836072800,-34.196648300,-1.700 24.836072700,-34.196648300,-1.700 24.836072700,-34.196648400,-1.700 24.836072700,-34.196648400,-1.700 24.836072800,-34.196648400,-1.780 24.836072800,-34.196648400,-1.780 24.836072800,-34.196648400,-1.780 24.836072800,-34.196648400,-1.780 24.836072800,-34.196648400,-1.740 24.836072800,-34.196648400,-1.740 24.836072800,-34.196648400,-1.740 24.836072800,-34.196648400,-1.740 24.836072800,-34.196648400,-1.680 24.836072800,-34.196648500,-1.680 24.836072800,-34.196648500,-1.680 24.836072800,-34.196648500,-1.680 24.836072800,-34.196648500,-1.680 24.836072800,-34.196648500,-1.680 24.836072800,-34.196648500,-1.680 24.836072800,-34.196648600,-1.680 24.836072700,-34.196648800,-1.660 24.836072700,-34.196648800,-1.660 24.836072700,-34.196648900,-1.660 24.836072700,-34.196648900,-1.660 24.836072700,-34.196648900,-1.710 24.836072700,-34.196648900,-1.710 24.836072700,-34.196648900,-1.710 24.836072700,-34.196648900,-1.710 24.836072700,-34.196649000,-1.730 24.836072700,-34.196649000,-1.730 24.836072700,-34.196649000,-1.730 24.836072700,-34.196649000,-1.730 24.836072700,-34.196649000,-1.830 24.836072700,-34.196649000,-1.830 24.836072700,-34.196649000,-1.830 24.836072700,-34.196649000,-1.830 24.836072600,-34.196649100,-1.790 24.836072600,-34.196649100,-1.790 24.836072600,-34.196649100,-1.790 24.836072600,-34.196649200,-1.790 24.836072600,-34.196649200,-1.760 24.836072600,-34.196649200,-1.760 24.836072600,-34.196649200,-1.760 24.836072500,-34.196649200,-1.760 24.836072700,-34.196649100,-1.770 24.836072700,-34.196649100,-1.770 24.836072700,-34.196649100,-1.770 24.836072700,-34.196649000,-1.770 24.836072800,-34.196649000,-1.760 24.836072800,-34.196649000,-1.760 24.836072800,-34.196648900,-1.760 24.836072800,-34.196648900,-1.760 24.836072800,-34.196648900,-1.770 24.836072700,-34.196649100,-1.770 24.836072700,-34.196649100,-1.770 24.836072700,-34.196649100,-1.770 24.836072700,-34.196649100,-1.670 24.836072700,-34.196649100,-1.670 24.836072700,-34.196649100,-1.670 24.836072700,-34.196649100,-1.670 24.836072700,-34.196649100,-1.760 24.836072700,-34.196649100,-1.760 24.836072700,-34.196649100,-1.760 24.836072700,-34.196649100,-1.760 24.836072700,-34.196649100,-1.730 24.836072700,-34.196649100,-1.730 24.836072700,-34.196649100,-1.730 24.836072700,-34.196649100,-1.730 24.836072600,-34.196649300,-1.750 24.836072600,-34.196649300,-1.750 24.836072600,-34.196649300,-1.750 24.836072600,-34.196649400,-1.750 24.836072600,-34.196649400,-1.740 24.836072600,-34.196649400,-1.740 24.836072600,-34.196649400,-1.740 24.836072600,-34.196649400,-1.740 24.836072800,-34.196649400,-1.670 24.836072800,-34.196649400,-1.670 24.836072800,-34.196649400,-1.670 24.836072900,-34.196649400,-1.670 24.836072900,-34.196649400,-1.620 24.836072900,-34.196649400,-1.620 24.836072900,-34.196649400,-1.620 24.836073000,-34.196649400,-1.620 24.836072700,-34.196649500,-1.690 24.836072700,-34.196649500,-1.690 24.836072700,-34.196649500,-1.690 24.836072700,-34.196649500,-1.690 24.836072700,-34.196649500,-1.670 24.836072700,-34.196649500,-1.670 24.836072700,-34.196649500,-1.670 24.836072700,-34.196649500,-1.670 24.836072700,-34.196649500,-1.670 24.836072600,-34.196649600,-1.670 24.836072600,-34.196649600,-1.670 24.836072600,-34.196649600,-1.670 24.836072500,-34.196649600,-1.730 24.836072500,-34.196649600,-1.730 24.836072500,-34.196649600,-1.730 24.836072500,-34.196649600,-1.730 24.836072400,-34.196649700,-1.700 24.836072400,-34.196649700,-1.700 24.836072400,-34.196649700,-1.700 24.836072300,-34.196649700,-1.700 24.836072300,-34.196649700,-1.680 24.836072300,-34.196649700,-1.680 24.836072300,-34.196649700,-1.680 24.836072300,-34.196649700,-1.680 24.836072400,-34.196649800,-1.690 24.836072400,-34.196649800,-1.690 24.836072400,-34.196649800,-1.690 24.836072400,-34.196649800,-1.690 24.836072400,-34.196649800,-1.620 24.836072400,-34.196649800,-1.620 24.836072400,-34.196649800,-1.620 24.836072400,-34.196649800,-1.620 24.836072300,-34.196650000,-1.600 24.836072300,-34.196650000,-1.600 24.836072300,-34.196650000,-1.600 24.836072300,-34.196650000,-1.600 24.836072300,-34.196650000,-1.660 24.836072300,-34.196650000,-1.660 24.836072300,-34.196650000,-1.660 24.836072300,-34.196650000,-1.660 24.836072200,-34.196650200,-1.650 24.836072100,-34.196650200,-1.650 24.836072100,-34.196650200,-1.650 24.836072100,-34.196650200,-1.650 24.836072100,-34.196650200,-1.660 24.836072100,-34.196650200,-1.660 24.836072000,-34.196650200,-1.660 24.836072000,-34.196650200,-1.660 24.836072000,-34.196650200,-1.640 24.836072000,-34.196650200,-1.640 24.836071900,-34.196650300,-1.640 24.836071900,-34.196650300,-1.640 24.836071900,-34.196650300,-1.660 24.836071900,-34.196650300,-1.660 24.836071900,-34.196650300,-1.660 24.836071800,-34.196650300,-1.660 24.836072000,-34.196650400,-1.690 24.836072000,-34.196650400,-1.690 24.836072000,-34.196650400,-1.690 24.836072100,-34.196650400,-1.690 24.836072100,-34.196650400,-1.650 24.836072100,-34.196650400,-1.650 24.836072100,-34.196650300,-1.650 24.836072200,-34.196650300,-1.650 24.836072000,-34.196650500,-1.720 24.836072000,-34.196650500,-1.720 24.836072000,-34.196650500,-1.720 24.836072000,-34.196650500,-1.720 24.836072000,-34.196650500,-1.630 24.836072000,-34.196650500,-1.630 24.836072000,-34.196650500,-1.630 24.836072000,-34.196650500,-1.630 24.836072100,-34.196650800,-1.620 24.836072100,-34.196650800,-1.620 24.836072100,-34.196650800,-1.620 24.836072100,-34.196650800,-1.620 24.836072100,-34.196650800,-1.630 24.836072100,-34.196650900,-1.630 24.836072100,-34.196650900,-1.630 24.836072100,-34.196650900,-1.630 24.836072000,-34.196651000,-1.600 24.836072000,-34.196651000,-1.600 24.836072000,-34.196651000,-1.600 24.836071900,-34.196651000,-1.600 24.836071900,-34.196651000,-1.700 24.836071900,-34.196651100,-1.700 24.836071900,-34.196651100,-1.700 24.836071900,-34.196651100,-1.700 24.836071900,-34.196651100,-1.740 24.836071800,-34.196651200,-1.740 24.836071900,-34.196651000,-1.740 24.836071900,-34.196651000,-1.740 24.836071900,-34.196651000,-1.630 24.836071900,-34.196651000,-1.630 24.836071900,-34.196651000,-1.630 24.836071900,-34.196651000,-1.630 24.836072000,-34.196651000,-1.620 24.836072000,-34.196651000,-1.620 24.836072000,-34.196651000,-1.620 24.836072000,-34.196651000,-1.620 24.836072000,-34.196651000,-1.610 24.836072000,-34.196651000,-1.610 24.836072000,-34.196651000,-1.610 24.836072000,-34.196650900,-1.610 24.836071700,-34.196651100,-1.620 24.836071700,-34.196651100,-1.620 24.836071700,-34.196651100,-1.620 24.836071600,-34.196651100,-1.620 24.836071600,-34.196651100,-1.690 24.836071600,-34.196651100,-1.690 24.836071500,-34.196651100,-1.690 24.836071500,-34.196651200,-1.690 24.836071700,-34.196651000,-1.610 24.836071700,-34.196651000,-1.610 24.836071700,-34.196650900,-1.610 24.836071700,-34.196650900,-1.610 24.836071600,-34.196650900,-1.540 24.836071600,-34.196650800,-1.540 24.836071600,-34.196650800,-1.540 24.836071600,-34.196650700,-1.540 24.836071600,-34.196651100,-1.570 24.836071600,-34.196651100,-1.570 24.836071600,-34.196651100,-1.570 24.836071600,-34.196651100,-1.570 24.836071600,-34.196651100,-1.540 24.836071600,-34.196651000,-1.540 24.836071500,-34.196651000,-1.540 24.836071500,-34.196651000,-1.540 24.836071500,-34.196651000,-1.610 24.836071600,-34.196650900,-1.610 24.836071600,-34.196650900,-1.610 24.836071600,-34.196650900,-1.610 24.836071600,-34.196650900,-1.660 24.836071700,-34.196650800,-1.660 24.836071700,-34.196650800,-1.660 24.836071700,-34.196650800,-1.660 24.836071500,-34.196651000,-1.640 24.836071400,-34.196651000,-1.640 24.836071400,-34.196651000,-1.640 24.836071300,-34.196651000,-1.640 24.836071300,-34.196651000,-1.660 24.836071300,-34.196651000,-1.660 24.836071200,-34.196651000,-1.660 24.836071200,-34.196651000,-1.660 24.836071500,-34.196651100,-1.680 24.836071500,-34.196651100,-1.680 24.836071500,-34.196651100,-1.680 24.836071500,-34.196651100,-1.680 24.836071500,-34.196651100,-1.620 24.836071500,-34.196651100,-1.620 24.836071500,-34.196651100,-1.620 24.836071500,-34.196651200,-1.620 24.836071400,-34.196651200,-1.680 24.836071400,-34.196651200,-1.680 24.836071400,-34.196651200,-1.680 24.836071400,-34.196651200,-1.680 24.836071400,-34.196651200,-1.740 24.836071400,-34.196651200,-1.740 24.836071400,-34.196651200,-1.740 24.836071400,-34.196651200,-1.740 24.836071500,-34.196651300,-1.720 24.836071500,-34.196651300,-1.720 24.836071500,-34.196651300,-1.720 24.836071600,-34.196651300,-1.720 24.836071600,-34.196651300,-1.680 24.836071600,-34.196651300,-1.680 24.836071600,-34.196651300,-1.680 24.836071600,-34.196651300,-1.680 24.836071600,-34.196651300,-1.600 24.836071600,-34.196651500,-1.600 24.836071600,-34.196651500,-1.600 24.836071600,-34.196651500,-1.600 24.836071600,-34.196651500,-1.590 24.836071600,-34.196651500,-1.590 24.836071600,-34.196651500,-1.590 24.836071600,-34.196651500,-1.590 24.836071600,-34.196651700,-1.600 24.836071600,-34.196651700,-1.600 24.836071600,-34.196651700,-1.600 24.836071600,-34.196651800,-1.600 24.836071600,-34.196651800,-1.670 24.836071600,-34.196651800,-1.670 24.836071600,-34.196651900,-1.670 24.836071600,-34.196651900,-1.670 24.836071500,-34.196651700,-1.710 24.836071500,-34.196651700,-1.710 24.836071500,-34.196651700,-1.710 24.836071500,-34.196651700,-1.710 24.836071500,-34.196651700,-1.670 24.836071500,-34.196651700,-1.670 24.836071500,-34.196651700,-1.670 24.836071500,-34.196651700,-1.670 24.836071500,-34.196651800,-1.660 24.836071500,-34.196651800,-1.660 24.836071500,-34.196651800,-1.660 24.836071500,-34.196651800,-1.660 24.836071500,-34.196651800,-1.670 24.836071500,-34.196651800,-1.670 24.836071500,-34.196651800,-1.670 24.836071500,-34.196651800,-1.670 24.836071400,-34.196651900,-1.730 24.836071400,-34.196652000,-1.730 24.836071400,-34.196652000,-1.730 24.836071400,-34.196652000,-1.730 24.836071400,-34.196652000,-1.670 24.836071400,-34.196652000,-1.670 24.836071400,-34.196652100,-1.670 24.836071400,-34.196652100,-1.670 24.836071400,-34.196652100,-1.750 24.836071500,-34.196652000,-1.750 24.836071500,-34.196652000,-1.750 24.836071500,-34.196652000,-1.750 24.836071600,-34.196652000,-1.800 24.836071600,-34.196652000,-1.800 24.836071600,-34.196652000,-1.800 24.836071600,-34.196652000,-1.800 24.836071700,-34.196651900,-1.640 24.836071700,-34.196651900,-1.640 24.836071700,-34.196651900,-1.640 24.836071700,-34.196651900,-1.640 24.836071800,-34.196651900,-1.590 24.836071800,-34.196651900,-1.590 24.836071800,-34.196651900,-1.590 24.836071800,-34.196651900,-1.590 24.836071800,-34.196651900,-1.720 24.836071800,-34.196651900,-1.720 24.836071800,-34.196651900,-1.720 24.836071800,-34.196651900,-1.720 24.836071900,-34.196651900,-1.740 24.836071900,-34.196651900,-1.740 24.836071900,-34.196651900,-1.740 24.836071900,-34.196651900,-1.740 24.836071900,-34.196652100,-1.720 24.836071900,-34.196652200,-1.720 24.836071900,-34.196652200,-1.720 24.836071900,-34.196652200,-1.720 24.836071900,-34.196652200,-1.730 24.836071900,-34.196652200,-1.730 24.836071900,-34.196652200,-1.730 24.836071900,-34.196652300,-1.730 24.836071900,-34.196652100,-1.780 24.836071900,-34.196652100,-1.780 24.836071900,-34.196652100,-1.780 24.836071900,-34.196652100,-1.780 24.836071900,-34.196652100,-1.740 24.836071900,-34.196652000,-1.740 24.836071900,-34.196652000,-1.740 24.836071900,-34.196652000,-1.740 24.836071900,-34.196652000,-1.700 24.836071800,-34.196652200,-1.700 24.836071800,-34.196652200,-1.700 24.836071800,-34.196652200,-1.700 24.836071800,-34.196652200,-1.700 24.836071800,-34.196652200,-1.700 24.836071800,-34.196652200,-1.700 24.836071800,-34.196652200,-1.700 24.836071900,-34.196652200,-1.740 24.836071900,-34.196652200,-1.740 24.836071900,-34.196652200,-1.740 24.836071900,-34.196652200,-1.740 24.836071900,-34.196652200,-1.740 24.836072000,-34.196652200,-1.740 24.836072000,-34.196652100,-1.740 24.836072000,-34.196652100,-1.740 24.836071900,-34.196652300,-1.680 24.836071900,-34.196652300,-1.680 24.836071900,-34.196652300,-1.680 24.836071900,-34.196652300,-1.680 24.836071900,-34.196652400,-1.720 24.836071900,-34.196652400,-1.720 24.836071900,-34.196652400,-1.720 24.836071900,-34.196652400,-1.720 24.836072000,-34.196652200,-1.720 24.836072000,-34.196652200,-1.720 24.836072000,-34.196652200,-1.720 24.836072000,-34.196652200,-1.720 24.836072000,-34.196652100,-1.710 24.836072000,-34.196652100,-1.710 24.836072000,-34.196652100,-1.710 24.836072000,-34.196652100,-1.710 24.836072000,-34.196652200,-1.730 24.836072000,-34.196652200,-1.730 24.836072000,-34.196652200,-1.730 24.836072000,-34.196652200,-1.730 24.836072000,-34.196652200,-1.710 24.836072000,-34.196652200,-1.710 24.836072000,-34.196652200,-1.710 24.836071900,-34.196652200,-1.710 24.836071900,-34.196652200,-1.650 24.836072100,-34.196652300,-1.650 24.836072100,-34.196652300,-1.650 24.836072100,-34.196652300,-1.650 24.836072100,-34.196652300,-1.700 24.836072100,-34.196652300,-1.700 24.836072100,-34.196652300,-1.700 24.836072200,-34.196652300,-1.700 24.836072300,-34.196652300,-1.730 24.836072300,-34.196652300,-1.730 24.836072300,-34.196652300,-1.730 24.836072300,-34.196652300,-1.730 24.836072300,-34.196652300,-1.730 24.836072300,-34.196652300,-1.730 24.836072300,-34.196652300,-1.730 24.836072300,-34.196652300,-1.730 24.836072300,-34.196652500,-1.790 24.836072300,-34.196652500,-1.790 24.836072300,-34.196652500,-1.790 24.836072300,-34.196652500,-1.790 24.836072300,-34.196652500,-1.770 24.836072300,-34.196652600,-1.770 24.836072300,-34.196652600,-1.770 24.836072300,-34.196652600,-1.770 24.836072400,-34.196652600,-1.710 24.836072400,-34.196652600,-1.710 24.836072400,-34.196652600,-1.710 24.836072500,-34.196652600,-1.710 24.836072500,-34.196652600,-1.690 24.836072500,-34.196652600,-1.690 24.836072500,-34.196652500,-1.690 24.836072500,-34.196652500,-1.690 24.836072800,-34.196652500,-1.770 24.836072800,-34.196652400,-1.770 24.836072800,-34.196652400,-1.770 24.836072900,-34.196652400,-1.770 24.836072900,-34.196652400,-1.770 24.836072900,-34.196652400,-1.770 24.836073000,-34.196652300,-1.770 24.836073000,-34.196652300,-1.770 24.836073000,-34.196652300,-1.770 24.836072800,-34.196652500,-1.770 24.836072800,-34.196652600,-1.770 24.836072800,-34.196652600,-1.770 24.836072800,-34.196652600,-1.800 24.836072800,-34.196652600,-1.800 24.836072800,-34.196652600,-1.800 24.836072700,-34.196652700,-1.800 24.836072800,-34.196652700,-1.820 24.836072800,-34.196652700,-1.820 24.836072800,-34.196652700,-1.820 24.836072800,-34.196652600,-1.820 24.836072800,-34.196652600,-1.790 24.836072800,-34.196652600,-1.790 24.836072700,-34.196652600,-1.790 24.836072700,-34.196652600,-1.790 24.836072900,-34.196652800,-1.770 24.836072900,-34.196652800,-1.770 24.836072900,-34.196652800,-1.770 24.836073000,-34.196652800,-1.770 24.836073000,-34.196652800,-1.800 24.836073000,-34.196652800,-1.800 24.836073000,-34.196652800,-1.800 24.836073000,-34.196652800,-1.800 24.836072900,-34.196652900,-1.710 24.836072900,-34.196652900,-1.710 24.836072800,-34.196652900,-1.710 24.836072800,-34.196652900,-1.710 24.836072800,-34.196652900,-1.760 24.836072800,-34.196652900,-1.760 24.836072800,-34.196652900,-1.760 24.836072700,-34.196652900,-1.760 24.836073000,-34.196652800,-1.810 24.836073000,-34.196652700,-1.810 24.836073000,-34.196652700,-1.810 24.836073000,-34.196652700,-1.810 24.836073000,-34.196652700,-1.880 24.836073000,-34.196652700,-1.880 24.836073000,-34.196652700,-1.880 24.836073100,-34.196652600,-1.880 24.836073100,-34.196652600,-1.680 24.836073100,-34.196652800,-1.680 24.836073100,-34.196652800,-1.680 24.836073000,-34.196652800,-1.680 24.836073000,-34.196652800,-1.710 24.836073000,-34.196652800,-1.710 24.836073000,-34.196652800,-1.710 24.836073000,-34.196652800,-1.710 24.836073000,-34.196652800,-1.640 24.836072900,-34.196652800,-1.640 24.836072900,-34.196652800,-1.640 24.836072900,-34.196652800,-1.640 24.836072900,-34.196652800,-1.720 24.836072900,-34.196652800,-1.720 24.836072900,-34.196652800,-1.720 24.836072800,-34.196652800,-1.720 24.836073100,-34.196652800,-1.750 24.836073100,-34.196652800,-1.750 24.836073100,-34.196652800,-1.750 24.836073100,-34.196652700,-1.750 24.836073100,-34.196652700,-1.770 24.836073200,-34.196652700,-1.770 24.836073200,-34.196652700,-1.770 24.836073200,-34.196652600,-1.770 24.836073200,-34.196652800,-1.790 24.836073200,-34.196652800,-1.790 24.836073200,-34.196652800,-1.790 24.836073200,-34.196652800,-1.790 24.836073200,-34.196652800,-1.800 24.836073200,-34.196652800,-1.800 24.836073200,-34.196652900,-1.800 24.836073200,-34.196652900,-1.800 24.836073300,-34.196652800,-1.820 24.836073300,-34.196652800,-1.820 24.836073300,-34.196652700,-1.820 24.836073200,-34.196652700,-1.820 24.836073200,-34.196652700,-1.840 24.836073200,-34.196652700,-1.840 24.836073200,-34.196652700,-1.840 24.836073200,-34.196652700,-1.840 24.836073200,-34.196652600,-1.720 24.836073300,-34.196653000,-1.720 24.836073300,-34.196653000,-1.720 24.836073300,-34.196653000,-1.720 24.836073300,-34.196653100,-1.740 24.836073300,-34.196653100,-1.740 24.836073300,-34.196653100,-1.740 24.836073300,-34.196653100,-1.740 24.836073500,-34.196653000,-1.750 24.836073500,-34.196653000,-1.750 24.836073500,-34.196653000,-1.750 24.836073500,-34.196653000,-1.750 24.836073500,-34.196653000,-1.740 24.836073500,-34.196653000,-1.740 24.836073500,-34.196653000,-1.740 24.836073500,-34.196652900,-1.740 24.836073500,-34.196653000,-1.720 24.836073500,-34.196653000,-1.720 24.836073500,-34.196653000,-1.720 24.836073400,-34.196653000,-1.720 24.836073400,-34.196653000,-1.780 24.836073400,-34.196653000,-1.780 24.836073400,-34.196653000,-1.780 24.836073400,-34.196653000,-1.780 24.836073600,-34.196653200,-1.760 24.836073600,-34.196653300,-1.760 24.836073600,-34.196653300,-1.760 24.836073600,-34.196653300,-1.760 24.836073600,-34.196653300,-1.780 24.836073600,-34.196653300,-1.780 24.836073600,-34.196653400,-1.780 24.836073600,-34.196653400,-1.780 24.836073700,-34.196653300,-1.730 24.836073700,-34.196653300,-1.730 24.836073700,-34.196653300,-1.730 24.836073700,-34.196653300,-1.730 24.836073700,-34.196653300,-1.720 24.836073700,-34.196653300,-1.720 24.836073700,-34.196653300,-1.720 24.836073700,-34.196653300,-1.720 24.836073700,-34.196653300,-1.760 24.836073800,-34.196653300,-1.760 24.836073800,-34.196653300,-1.760 24.836073800,-34.196653200,-1.760 24.836073800,-34.196653200,-1.780 24.836073800,-34.196653200,-1.780 24.836073800,-34.196653200,-1.780 24.836073700,-34.196653200,-1.780 24.836074200,-34.196653300,-1.730 24.836074200,-34.196653300,-1.730 24.836074200,-34.196653300,-1.730 24.836074300,-34.196653300,-1.730 24.836074300,-34.196653300,-1.710 24.836074400,-34.196653300,-1.710 24.836074400,-34.196653200,-1.710 24.836074500,-34.196653200,-1.710 24.836074300,-34.196653300,-1.680 24.836074300,-34.196653300,-1.680 24.836074300,-34.196653300,-1.680 24.836074300,-34.196653300,-1.680 24.836074300,-34.196653300,-1.640 24.836074300,-34.196653300,-1.640 24.836074300,-34.196653300,-1.640 24.836074300,-34.196653300,-1.640 24.836074300,-34.196653400,-1.720 24.836074300,-34.196653500,-1.720 24.836074300,-34.196653500,-1.720 24.836074300,-34.196653500,-1.720 24.836074200,-34.196653500,-1.660 24.836074200,-34.196653500,-1.660 24.836074200,-34.196653500,-1.660 24.836074200,-34.196653600,-1.660 24.836074300,-34.196653500,-1.700 24.836074300,-34.196653500,-1.700 24.836074300,-34.196653500,-1.700 24.836074300,-34.196653500,-1.700 24.836074300,-34.196653500,-1.700 24.836074300,-34.196653500,-1.700 24.836074300,-34.196653500,-1.700 24.836074300,-34.196653500,-1.700 24.836074300,-34.196653500,-1.670 24.836074700,-34.196653500,-1.670 24.836074700,-34.196653500,-1.670 24.836074800,-34.196653500,-1.670 24.836074800,-34.196653500,-1.760 24.836074800,-34.196653500,-1.760 24.836074800,-34.196653500,-1.760 24.836074900,-34.196653500,-1.760 24.836074700,-34.196653500,-1.660 24.836074700,-34.196653500,-1.660 24.836074700,-34.196653500,-1.660 24.836074600,-34.196653500,-1.660 24.836074600,-34.196653500,-1.640 24.836074600,-34.196653500,-1.640 24.836074600,-34.196653500,-1.640 24.836074600,-34.196653500,-1.640 24.836074800,-34.196653500,-1.700 24.836074800,-34.196653500,-1.700 24.836074800,-34.196653500,-1.700 24.836074800,-34.196653500,-1.700 24.836074800,-34.196653500,-1.740 24.836074800,-34.196653500,-1.740 24.836074800,-34.196653500,-1.740 24.836074800,-34.196653500,-1.740 24.836074900,-34.196653600,-1.630 24.836074900,-34.196653600,-1.630 24.836074900,-34.196653600,-1.630 24.836074900,-34.196653600,-1.630 24.836074900,-34.196653600,-1.640 24.836074900,-34.196653600,-1.640 24.836074900,-34.196653600,-1.640 24.836074900,-34.196653600,-1.640 24.836075000,-34.196653600,-1.730 24.836075000,-34.196653600,-1.730 24.836075000,-34.196653600,-1.730 24.836075000,-34.196653600,-1.730 24.836075000,-34.196653600,-1.670 24.836075000,-34.196653600,-1.670 24.836075000,-34.196653600,-1.670 24.836075000,-34.196653600,-1.670 24.836074900,-34.196653600,-1.690 24.836075100,-34.196653600,-1.690 24.836075100,-34.196653600,-1.690 24.836075100,-34.196653600,-1.690 24.836075100,-34.196653600,-1.730 24.836075100,-34.196653600,-1.730 24.836075100,-34.196653600,-1.730 24.836075100,-34.196653600,-1.730 24.836075400,-34.196653700,-1.660 24.836075400,-34.196653700,-1.660 24.836075400,-34.196653700,-1.660 24.836075400,-34.196653700,-1.660 24.836075400,-34.196653700,-1.750 24.836075400,-34.196653700,-1.750 24.836075500,-34.196653700,-1.750 24.836075500,-34.196653700,-1.750 24.836075600,-34.196653700,-1.790 24.836075600,-34.196653700,-1.790 24.836075600,-34.196653700,-1.790 24.836075600,-34.196653700,-1.790 24.836075600,-34.196653700,-1.670 24.836075600,-34.196653700,-1.670 24.836075600,-34.196653700,-1.670 24.836075600,-34.196653700,-1.670 24.836075700,-34.196653700,-1.610 24.836075700,-34.196653700,-1.610 24.836075700,-34.196653700,-1.610 24.836075700,-34.196653700,-1.610 24.836075700,-34.196653700,-1.560 24.836075700,-34.196653700,-1.560 24.836075700,-34.196653700,-1.560 24.836075600,-34.196653700,-1.560 24.836075700,-34.196653900,-1.630 24.836075700,-34.196653900,-1.630 24.836075700,-34.196653900,-1.630 24.836075700,-34.196653900,-1.630 24.836075700,-34.196653900,-1.620 24.836075700,-34.196653900,-1.620 24.836075700,-34.196653900,-1.620 24.836075700,-34.196653900,-1.620 24.836075700,-34.196653900,-1.640 24.836075900,-34.196653700,-1.640 24.836075900,-34.196653700,-1.640 24.836075900,-34.196653600,-1.640 24.836075900,-34.196653600,-1.650 24.836075900,-34.196653600,-1.650 24.836075900,-34.196653600,-1.650 24.836075900,-34.196653500,-1.650 24.836076000,-34.196654000,-1.630 24.836076000,-34.196654000,-1.630 24.836076000,-34.196654000,-1.630 24.836076000,-34.196654100,-1.630 24.836076000,-34.196654100,-1.610 24.836076000,-34.196654100,-1.610 24.836076000,-34.196654200,-1.610 24.836076000,-34.196654200,-1.610 24.836076300,-34.196653800,-1.530 24.836076300,-34.196653800,-1.530 24.836076300,-34.196653800,-1.530 24.836076300,-34.196653700,-1.530 24.836076300,-34.196653700,-1.650 24.836076400,-34.196653700,-1.650 24.836076400,-34.196653700,-1.650 24.836076400,-34.196653600,-1.650 24.836076400,-34.196654000,-1.570 24.836076400,-34.196654000,-1.570 24.836076400,-34.196654100,-1.570 24.836076400,-34.196654100,-1.570 24.836076400,-34.196654100,-1.610 24.836076400,-34.196654100,-1.610 24.836076400,-34.196654100,-1.610 24.836076400,-34.196654200,-1.610 24.836076500,-34.196654000,-1.650 24.836076500,-34.196653900,-1.650 24.836076500,-34.196653900,-1.650 24.836076500,-34.196653900,-1.650 24.836076500,-34.196653900,-1.650 24.836076500,-34.196653900,-1.650 24.836076500,-34.196653800,-1.650 24.836076500,-34.196653800,-1.650 24.836076500,-34.196653800,-1.610 24.836076600,-34.196654000,-1.610 24.836076600,-34.196654100,-1.610 24.836076500,-34.196654100,-1.610 24.836076500,-34.196654100,-1.510 24.836076500,-34.196654100,-1.510 24.836076500,-34.196654100,-1.510 24.836076500,-34.196654200,-1.510 24.836076700,-34.196654000,-1.610 24.836076700,-34.196654000,-1.610 24.836076700,-34.196654000,-1.610 24.836076700,-34.196654000,-1.610 24.836076700,-34.196654000,-1.640 24.836076700,-34.196654000,-1.640 24.836076700,-34.196654000,-1.640 24.836076700,-34.196654000,-1.640 24.836076800,-34.196654100,-1.660 24.836076800,-34.196654100,-1.660 24.836076800,-34.196654100,-1.660 24.836076800,-34.196654100,-1.660 24.836076800,-34.196654100,-1.680 24.836076800,-34.196654200,-1.680 24.836076900,-34.196654200,-1.680 24.836076900,-34.196654200,-1.680 24.836077000,-34.196654100,-1.640 24.836077000,-34.196654100,-1.640 24.836077000,-34.196654100,-1.640 24.836077000,-34.196654100,-1.640 24.836077000,-34.196654100,-1.580 24.836077000,-34.196654100,-1.580 24.836077000,-34.196654100,-1.580 24.836077000,-34.196654100,-1.580 24.836077000,-34.196654100,-1.570 24.836077000,-34.196654100,-1.570 24.836077000,-34.196654100,-1.570 24.836076900,-34.196654100,-1.570 24.836076900,-34.196654100,-1.600 24.836076900,-34.196654100,-1.600 24.836076900,-34.196654100,-1.600 24.836076900,-34.196654100,-1.600 24.836076900,-34.196654100,-1.650 24.836077200,-34.196654100,-1.650 24.836077200,-34.196654100,-1.650 24.836077200,-34.196654100,-1.650 24.836077200,-34.196654100,-1.560 24.836077200,-34.196654100,-1.560 24.836077200,-34.196654100,-1.560 24.836077300,-34.196654100,-1.560 24.836077300,-34.196654300,-1.580 24.836077300,-34.196654400,-1.580 24.836077300,-34.196654400,-1.580 24.836077300,-34.196654400,-1.580 24.836077300,-34.196654400,-1.540 24.836077300,-34.196654400,-1.540 24.836077300,-34.196654500,-1.540 24.836077300,-34.196654500,-1.540 24.836077400,-34.196654400,-1.600 24.836077400,-34.196654400,-1.600 24.836077400,-34.196654400,-1.600 24.836077400,-34.196654500,-1.600 24.836077400,-34.196654500,-1.620 24.836077400,-34.196654500,-1.620 24.836077400,-34.196654500,-1.620 24.836077400,-34.196654600,-1.620 24.836077400,-34.196654300,-1.590 24.836077400,-34.196654300,-1.590 24.836077400,-34.196654300,-1.590 24.836077400,-34.196654300,-1.590 24.836077500,-34.196654300,-1.670 24.836077500,-34.196654300,-1.670 24.836077500,-34.196654300,-1.670 24.836077500,-34.196654300,-1.670 24.836077300,-34.196654500,-1.580 24.836077300,-34.196654500,-1.580 24.836077300,-34.196654500,-1.580 24.836077300,-34.196654500,-1.580 24.836077300,-34.196654500,-1.640 24.836077200,-34.196654600,-1.640 24.836077200,-34.196654600,-1.640 24.836077200,-34.196654600,-1.640 24.836077200,-34.196654600,-1.680 24.836077600,-34.196654700,-1.680 24.836077600,-34.196654700,-1.680 24.836077600,-34.196654700,-1.680 24.836077700,-34.196654700,-1.690 24.836077700,-34.196654700,-1.690 24.836077700,-34.196654800,-1.690 24.836077800,-34.196654800,-1.690 24.836077700,-34.196654700,-1.670 24.836077700,-34.196654700,-1.670 24.836077700,-34.196654700,-1.670 24.836077700,-34.196654700,-1.670 24.836077700,-34.196654700,-0.830 24.836077600,-34.196654700,-0.830 24.836077600,-34.196654700,-0.830 24.836077600,-34.196654700,-0.830 24.836077700,-34.196654800,-0.910 24.836077700,-34.196654800,-0.910 24.836077700,-34.196654800,-0.910 24.836077700,-34.196654800,-0.910 24.836077700,-34.196654800,-1.000 24.836077700,-34.196654800,-1.000 24.836077700,-34.196654800,-1.000 24.836077700,-34.196654800,-1.000 24.836077700,-34.196654900,-0.970 24.836077700,-34.196654900,-0.970 24.836077700,-34.196654900,-0.970 24.836077700,-34.196654900,-0.970 24.836077700,-34.196654900,-0.920 24.836077700,-34.196654900,-0.920 24.836077700,-34.196654900,-0.920 24.836077700,-34.196654900,-0.920 24.836077800,-34.196655000,-0.960 24.836077800,-34.196655000,-0.960 24.836077800,-34.196655000,-0.960 24.836077800,-34.196655000,-0.960 24.836077800,-34.196655000,-0.930 24.836077800,-34.196655000,-0.930 24.836077800,-34.196655000,-0.930 24.836077800,-34.196655000,-0.930 24.836077800,-34.196655000,-0.970 24.836077900,-34.196654900,-0.970 24.836077900,-34.196654900,-0.970 24.836077900,-34.196654800,-0.970 24.836077900,-34.196654800,-0.900 24.836077900,-34.196654800,-0.900 24.836077900,-34.196654800,-0.900 24.836077900,-34.196654700,-0.900 24.836077900,-34.196655100,-0.920 24.836077900,-34.196655100,-0.920 24.836077900,-34.196655100,-0.920 24.836077900,-34.196655100,-0.920 24.836077900,-34.196655100,-0.950 24.836077800,-34.196655100,-0.950 24.836077800,-34.196655100,-0.950 24.836077800,-34.196655100,-0.950 24.836077800,-34.196655200,-0.970 24.836077800,-34.196655100,-0.970 24.836077800,-34.196655100,-0.970 24.836077800,-34.196655100,-0.970 24.836077800,-34.196655100,-1.020 24.836077800,-34.196655100,-1.020 24.836077800,-34.196655000,-1.020 24.836077800,-34.196655000,-1.020 24.836078000,-34.196655300,-0.960 24.836078000,-34.196655300,-0.960 24.836078000,-34.196655300,-0.960 24.836078000,-34.196655300,-0.960 24.836078000,-34.196655300,-1.000 24.836078100,-34.196655300,-1.000 24.836078100,-34.196655300,-1.000 24.836078100,-34.196655300,-1.000 24.836077800,-34.196655400,-1.020 24.836077800,-34.196655400,-1.020 24.836077800,-34.196655400,-1.020 24.836077800,-34.196655400,-1.020 24.836077700,-34.196655400,-1.070 24.836077700,-34.196655400,-1.070 24.836077700,-34.196655400,-1.070 24.836077700,-34.196655400,-1.070 24.836077600,-34.196655400,-0.980 24.836077800,-34.196655300,-0.980 24.836077800,-34.196655300,-0.980 24.836077800,-34.196655200,-0.980 24.836077800,-34.196655200,-1.000 24.836077800,-34.196655200,-1.000 24.836077800,-34.196655100,-1.000 24.836077800,-34.196655100,-1.000 24.836077900,-34.196655300,-0.960 24.836077900,-34.196655300,-0.960 24.836077900,-34.196655300,-0.960 24.836078000,-34.196655300,-0.960 24.836078000,-34.196655300,-1.030 24.836078000,-34.196655300,-1.030 24.836078000,-34.196655300,-1.030 24.836078000,-34.196655300,-1.030 24.836078000,-34.196655500,-1.010 24.836078000,-34.196655500,-1.010 24.836078000,-34.196655500,-1.010 24.836078000,-34.196655500,-1.010 24.836078000,-34.196655500,-0.960 24.836078000,-34.196655500,-0.960 24.836078000,-34.196655500,-0.960 24.836078000,-34.196655500,-0.960 24.836077800,-34.196655600,-1.020 24.836077800,-34.196655600,-1.020 24.836077800,-34.196655600,-1.020 24.836077700,-34.196655600,-1.020 24.836077700,-34.196655600,-0.940 24.836077700,-34.196655600,-0.940 24.836077600,-34.196655700,-0.940 24.836077600,-34.196655700,-0.940 24.836077800,-34.196655700,-0.950 24.836077800,-34.196655700,-0.950 24.836077900,-34.196655700,-0.950 24.836077900,-34.196655600,-0.950 24.836077900,-34.196655600,-0.960 24.836077900,-34.196655600,-0.960 24.836077900,-34.196655600,-0.960 24.836078000,-34.196655600,-0.960 24.836078000,-34.196655600,-0.930 24.836077700,-34.196655600,-0.930 24.836077700,-34.196655600,-0.930 24.836077700,-34.196655600,-0.930 24.836077700,-34.196655600,-0.950 24.836077700,-34.196655600,-0.950 24.836077600,-34.196655600,-0.950 24.836077600,-34.196655600,-0.950 24.836077600,-34.196655800,-1.020 24.836077600,-34.196655900,-1.020 24.836077600,-34.196655900,-1.020 24.836077600,-34.196655900,-1.020 24.836077600,-34.196655900,-0.990 24.836077500,-34.196655900,-0.990 24.836077500,-34.196656000,-0.990 24.836077500,-34.196656000,-0.990 24.836077700,-34.196655900,-1.030 24.836077700,-34.196655900,-1.030 24.836077700,-34.196656000,-1.030 24.836077700,-34.196656000,-1.030 24.836077700,-34.196656000,-0.910 24.836077700,-34.196656000,-0.910 24.836077700,-34.196656000,-0.910 24.836077700,-34.196656000,-0.910 24.836077700,-34.196656000,-0.930 24.836077700,-34.196656000,-0.930 24.836077700,-34.196656000,-0.930 24.836077700,-34.196656000,-0.930 24.836077700,-34.196656000,-0.930 24.836077700,-34.196655900,-0.930 24.836077700,-34.196655900,-0.930 24.836077700,-34.196655900,-0.930 24.836077900,-34.196655900,-0.960 24.836077900,-34.196655900,-0.960 24.836077900,-34.196655800,-0.960 24.836077900,-34.196655800,-0.960 24.836078000,-34.196655800,-0.970 24.836078000,-34.196655800,-0.970 24.836078000,-34.196655800,-0.970 24.836078000,-34.196655700,-0.970 24.836078000,-34.196655700,-0.920 24.836077800,-34.196655900,-0.920 24.836077800,-34.196655900,-0.920 24.836077800,-34.196655900,-0.920 24.836077800,-34.196655900,-0.980 24.836077800,-34.196655900,-0.980 24.836077800,-34.196655900,-0.980 24.836077800,-34.196655900,-0.980 24.836077800,-34.196655900,-0.910 24.836077800,-34.196655900,-0.910 24.836077800,-34.196655900,-0.910 24.836077800,-34.196655900,-0.910 24.836077800,-34.196655900,-0.950 24.836077800,-34.196656000,-0.950 24.836077700,-34.196656000,-0.950 24.836077700,-34.196656000,-0.950 24.836077700,-34.196656100,-0.880 24.836077700,-34.196656100,-0.880 24.836077700,-34.196656100,-0.880 24.836077700,-34.196656100,-0.880 24.836077700,-34.196656100,-0.860 24.836077700,-34.196656100,-0.860 24.836077700,-34.196656100,-0.860 24.836077700,-34.196656100,-0.860 24.836077800,-34.196656200,-0.900 24.836077900,-34.196656200,-0.900 24.836077900,-34.196656100,-0.900 24.836077900,-34.196656100,-0.900 24.836077900,-34.196656100,-0.900 24.836077900,-34.196656100,-0.900 24.836077900,-34.196656100,-0.900 24.836078000,-34.196656100,-0.900 24.836077900,-34.196656200,-0.860 24.836077900,-34.196656200,-0.860 24.836077900,-34.196656200,-0.860 24.836077900,-34.196656200,-0.860 24.836077900,-34.196656200,-0.890 24.836077900,-34.196656200,-0.890 24.836077900,-34.196656200,-0.890 24.836077900,-34.196656200,-0.890 24.836077900,-34.196656200,-0.900 24.836077900,-34.196656400,-0.900 24.836077900,-34.196656400,-0.900 24.836077800,-34.196656400,-0.900 24.836077800,-34.196656400,-0.900 24.836077800,-34.196656500,-0.900 24.836077800,-34.196656500,-0.900 24.836077800,-34.196656500,-0.900 24.836077900,-34.196656500,-0.910 24.836077900,-34.196656500,-0.910 24.836077900,-34.196656500,-0.910 24.836077900,-34.196656500,-0.910 24.836077900,-34.196656600,-0.880 24.836077900,-34.196656600,-0.880 24.836077900,-34.196656600,-0.880 24.836077900,-34.196656600,-0.880 24.836077900,-34.196656700,-0.960 24.836077900,-34.196656700,-0.960 24.836077900,-34.196656700,-0.960 24.836077900,-34.196656800,-0.960 24.836077900,-34.196656800,-0.940 24.836077900,-34.196656800,-0.940 24.836077900,-34.196656800,-0.940 24.836077900,-34.196656900,-0.940 24.836078000,-34.196656700,-0.920 24.836078000,-34.196656700,-0.920 24.836078000,-34.196656700,-0.920 24.836078000,-34.196656800,-0.920 24.836078000,-34.196656800,-0.950 24.836078000,-34.196656800,-0.950 24.836078000,-34.196656800,-0.950 24.836078000,-34.196656800,-0.950 24.836078100,-34.196656700,-0.910 24.836078100,-34.196656700,-0.910 24.836078100,-34.196656700,-0.910 24.836078100,-34.196656700,-0.910 24.836078100,-34.196656700,-0.990 24.836078100,-34.196656700,-0.990 24.836078100,-34.196656700,-0.990 24.836078100,-34.196656700,-0.990 24.836078000,-34.196656700,-0.960 24.836078200,-34.196656600,-0.960 24.836078200,-34.196656600,-0.960 24.836078200,-34.196656600,-0.960 24.836078200,-34.196656600,-0.890 24.836078200,-34.196656600,-0.890 24.836078200,-34.196656500,-0.890 24.836078200,-34.196656500,-0.890 24.836078200,-34.196656600,-0.920 24.836078200,-34.196656600,-0.920 24.836078200,-34.196656600,-0.920 24.836078200,-34.196656600,-0.920 24.836078200,-34.196656600,-0.430 24.836078200,-34.196656600,-0.430 24.836078200,-34.196656600,-0.430 24.836078200,-34.196656600,-0.430 24.836078300,-34.196656600,-0.350 24.836078300,-34.196656600,-0.350 24.836078300,-34.196656600,-0.350 24.836078300,-34.196656600,-0.350 24.836078300,-34.196656600,-0.300 24.836078300,-34.196656600,-0.300 24.836078300,-34.196656600,-0.300 24.836078300,-34.196656600,-0.300 24.836078300,-34.196656500,-0.290 24.836078300,-34.196656500,-0.290 24.836078300,-34.196656500,-0.290 24.836078300,-34.196656500,-0.290 24.836078300,-34.196656500,-0.280 24.836078300,-34.196656500,-0.280 24.836078300,-34.196656500,-0.280 24.836078400,-34.196656500,-0.280 24.836078400,-34.196656500,-0.300 24.836078400,-34.196656500,-0.300 24.836078400,-34.196656500,-0.300 24.836078400,-34.196656500,-0.300 24.836078400,-34.196656500,-0.370 24.836078400,-34.196656400,-0.370 24.836078400,-34.196656400,-0.370 24.836078400,-34.196656400,-0.370 24.836078400,-34.196656400,-0.270 24.836078300,-34.196656300,-0.270 24.836078300,-34.196656300,-0.270 24.836078300,-34.196656300,-0.270 24.836078300,-34.196656200,-0.240 24.836078300,-34.196656200,-0.240 24.836078300,-34.196656200,-0.240 24.836078300,-34.196656100,-0.240 24.836078300,-34.196656300,-0.230 24.836078300,-34.196656300,-0.230 24.836078300,-34.196656300,-0.230 24.836078300,-34.196656300,-0.230 24.836078300,-34.196656300,-0.250 24.836078300,-34.196656300,-0.250 24.836078300,-34.196656300,-0.250 24.836078300,-34.196656300,-0.250 24.836078200,-34.196656400,-0.290 24.836078200,-34.196656400,-0.290 24.836078200,-34.196656400,-0.290 24.836078200,-34.196656400,-0.290 24.836078200,-34.196656400,-0.240 24.836078200,-34.196656400,-0.240 24.836078200,-34.196656400,-0.240 24.836078200,-34.196656300,-0.240 24.836078100,-34.196656100,-0.270 24.836078100,-34.196656100,-0.270 24.836078100,-34.196656100,-0.270 24.836078100,-34.196656100,-0.270 24.836078100,-34.196656100,-0.390 24.836078100,-34.196656000,-0.390 24.836078000,-34.196656000,-0.390 24.836078000,-34.196656000,-0.390 24.836078100,-34.196656300,-0.270 24.836078100,-34.196656300,-0.270 24.836078100,-34.196656300,-0.270 24.836078100,-34.196656300,-0.270 24.836078100,-34.196656300,-0.180 24.836078100,-34.196656300,-0.180 24.836078100,-34.196656300,-0.180 24.836078200,-34.196656300,-0.180 24.836078200,-34.196656300,-0.170 24.836078400,-34.196656200,-0.170 24.836078400,-34.196656200,-0.170 24.836078500,-34.196656200,-0.170 24.836078500,-34.196656200,-0.310 24.836078500,-34.196656200,-0.310 24.836078500,-34.196656100,-0.310 24.836078600,-34.196656100,-0.310 24.836078400,-34.196656200,-0.280 24.836078400,-34.196656200,-0.280 24.836078400,-34.196656200,-0.280 24.836078400,-34.196656200,-0.280 24.836078400,-34.196656200,-0.280 24.836078400,-34.196656200,-0.280 24.836078400,-34.196656200,-0.280 24.836078400,-34.196656200,-0.280 24.836078400,-34.196656200,-0.310 24.836078400,-34.196656200,-0.310 24.836078400,-34.196656200,-0.310 24.836078400,-34.196656200,-0.310 24.836078400,-34.196656200,-0.250 24.836078400,-34.196656200,-0.250 24.836078400,-34.196656200,-0.250 24.836078400,-34.196656200,-0.250 24.836078100,-34.196656200,-0.250 24.836078100,-34.196656200,-0.250 24.836078100,-34.196656200,-0.250 24.836078000,-34.196656300,-0.250 24.836078000,-34.196656300,-0.290 24.836078000,-34.196656300,-0.290 24.836078000,-34.196656300,-0.290 24.836077900,-34.196656300,-0.290 24.836078200,-34.196656300,-0.280 24.836078200,-34.196656300,-0.280 24.836078200,-34.196656300,-0.280 24.836078200,-34.196656300,-0.280 24.836078200,-34.196656300,-0.240 24.836078200,-34.196656300,-0.240 24.836078200,-34.196656200,-0.240 24.836078200,-34.196656200,-0.240 24.836078200,-34.196656200,-0.340 24.836078200,-34.196656300,-0.340 24.836078200,-34.196656300,-0.340 24.836078200,-34.196656300,-0.340 24.836078200,-34.196656300,-0.360 24.836078200,-34.196656300,-0.360 24.836078200,-34.196656300,-0.360 24.836078200,-34.196656400,-0.360 24.836078300,-34.196656400,-0.310 24.836078300,-34.196656400,-0.310 24.836078300,-34.196656400,-0.310 24.836078300,-34.196656300,-0.310 24.836078400,-34.196656300,-0.410 24.836078400,-34.196656300,-0.410 24.836078400,-34.196656300,-0.410 24.836078400,-34.196656300,-0.410 24.836078400,-34.196656300,-0.370 24.836078400,-34.196656200,-0.370 24.836078400,-34.196656200,-0.370 24.836078400,-34.196656200,-0.370 24.836078400,-34.196656200,-0.400 24.836078400,-34.196656200,-0.400 24.836078400,-34.196656100,-0.400 24.836078400,-34.196656100,-0.400 24.836078400,-34.196656400,-0.450 24.836078400,-34.196656400,-0.450 24.836078400,-34.196656400,-0.450 24.836078400,-34.196656400,-0.450 24.836078400,-34.196656400,-0.370 24.836078400,-34.196656400,-0.370 24.836078300,-34.196656400,-0.370 24.836078300,-34.196656400,-0.370 24.836078400,-34.196656400,-0.250 24.836078400,-34.196656400,-0.250 24.836078400,-34.196656400,-0.250 24.836078400,-34.196656400,-0.250 24.836078400,-34.196656400,-0.280 24.836078400,-34.196656300,-0.280 24.836078400,-34.196656300,-0.280 24.836078400,-34.196656300,-0.280 24.836078400,-34.196656300,-0.310 24.836078500,-34.196656500,-0.310 24.836078500,-34.196656500,-0.310 24.836078500,-34.196656500,-0.310 24.836078500,-34.196656500,-0.300 24.836078500,-34.196656500,-0.300 24.836078500,-34.196656500,-0.300 24.836078500,-34.196656500,-0.300 24.836078500,-34.196656600,-0.330 24.836078500,-34.196656600,-0.330 24.836078500,-34.196656600,-0.330 24.836078600,-34.196656600,-0.330 24.836078600,-34.196656600,-0.360 24.836078600,-34.196656600,-0.360 24.836078600,-34.196656500,-0.360 24.836078600,-34.196656500,-0.360 24.836078600,-34.196656600,-0.340 24.836078600,-34.196656600,-0.340 24.836078600,-34.196656600,-0.340 24.836078700,-34.196656600,-0.340 24.836078700,-34.196656600,-0.230 24.836078700,-34.196656600,-0.230 24.836078700,-34.196656600,-0.230 24.836078700,-34.196656600,-0.230 24.836078700,-34.196656700,-0.280 24.836078700,-34.196656700,-0.280 24.836078700,-34.196656800,-0.280 24.836078700,-34.196656800,-0.280 24.836078700,-34.196656900,-0.260 24.836078600,-34.196656900,-0.260 24.836078600,-34.196656900,-0.260 24.836078600,-34.196657000,-0.260 24.836078600,-34.196656700,-0.300 24.836078600,-34.196656700,-0.300 24.836078600,-34.196656700,-0.300 24.836078600,-34.196656700,-0.300 24.836078600,-34.196656700,-0.330 24.836078600,-34.196656600,-0.330 24.836078600,-34.196656600,-0.330 24.836078700,-34.196656600,-0.330 24.836078700,-34.196656600,-0.300 24.836078700,-34.196656700,-0.300 24.836078700,-34.196656700,-0.300 24.836078700,-34.196656700,-0.300 24.836078700,-34.196656700,-0.310 24.836078700,-34.196656700,-0.310 24.836078700,-34.196656700,-0.310 24.836078600,-34.196656800,-0.310 24.836078600,-34.196656800,-0.330 24.836078600,-34.196656800,-0.330 24.836078600,-34.196656800,-0.330 24.836078500,-34.196656800,-0.330 24.836078500,-34.196656800,-0.250 24.836078500,-34.196656800,-0.250 24.836078500,-34.196656800,-0.250 24.836078500,-34.196656800,-0.250 24.836078600,-34.196656900,-0.280 24.836078600,-34.196656900,-0.280 24.836078600,-34.196656900,-0.280 24.836078600,-34.196656900,-0.280 24.836078600,-34.196656900,-0.210 24.836078600,-34.196656900,-0.210 24.836078600,-34.196656900,-0.210 24.836078600,-34.196657000,-0.210 24.836078600,-34.196657100,-0.290 24.836078600,-34.196657100,-0.290 24.836078600,-34.196657100,-0.290 24.836078700,-34.196657200,-0.290 24.836078700,-34.196657200,-0.340 24.836078700,-34.196657200,-0.340 24.836078700,-34.196657200,-0.340 24.836078700,-34.196657200,-0.340 24.836078700,-34.196657400,-0.290 24.836078700,-34.196657400,-0.290 24.836078700,-34.196657400,-0.290 24.836078700,-34.196657500,-0.290 24.836078700,-34.196657500,-0.240 24.836078700,-34.196657500,-0.240 24.836078700,-34.196657500,-0.240 24.836078700,-34.196657600,-0.240 24.836078700,-34.196657600,-0.280 24.836078700,-34.196657600,-0.280 24.836078700,-34.196657700,-0.280 24.836078700,-34.196657700,-0.280 24.836078700,-34.196657700,-0.240 24.836078700,-34.196657700,-0.240 24.836078700,-34.196657700,-0.240 24.836078700,-34.196657800,-0.240 24.836078700,-34.196657600,-0.300 24.836078700,-34.196657600,-0.300 24.836078700,-34.196657600,-0.300 24.836078700,-34.196657600,-0.300 24.836078700,-34.196657600,-0.710 24.836078700,-34.196657600,-0.710 24.836078700,-34.196657600,-0.710 24.836078700,-34.196657600,-0.710 24.836078700,-34.196657600,-0.770 24.836078700,-34.196657600,-0.770 24.836078700,-34.196657600,-0.770 24.836078700,-34.196657600,-0.770 24.836078700,-34.196657600,-0.790 24.836078700,-34.196657600,-0.790 24.836078700,-34.196657600,-0.790 24.836078600,-34.196657600,-0.790 24.836078600,-34.196657900,-0.830 24.836078600,-34.196657900,-0.830 24.836078600,-34.196657900,-0.830 24.836078600,-34.196657900,-0.830 24.836078600,-34.196658000,-0.740 24.836078600,-34.196658000,-0.740 24.836078600,-34.196658000,-0.740 24.836078600,-34.196658000,-0.740 24.836078600,-34.196658000,-0.750 24.836078600,-34.196658100,-0.750 24.836078600,-34.196658100,-0.750 24.836078600,-34.196658100,-0.750 24.836078600,-34.196658100,-0.810 24.836078600,-34.196658100,-0.810 24.836078600,-34.196658100,-0.810 24.836078500,-34.196658200,-0.810 24.836078500,-34.196658200,-0.830 24.836078700,-34.196658100,-0.830 24.836078700,-34.196658100,-0.830 24.836078700,-34.196658100,-0.830 24.836078700,-34.196658100,-0.750 24.836078700,-34.196658100,-0.750 24.836078800,-34.196658100,-0.750 24.836078800,-34.196658000,-0.750 24.836078700,-34.196658000,-0.830 24.836078700,-34.196658000,-0.830 24.836078700,-34.196658000,-0.830 24.836078700,-34.196658000,-0.830 24.836078700,-34.196658000,-0.810 24.836078700,-34.196658000,-0.810 24.836078700,-34.196658000,-0.810 24.836078800,-34.196658000,-0.810 24.836078700,-34.196658400,-0.850 24.836078700,-34.196658400,-0.850 24.836078700,-34.196658400,-0.850 24.836078700,-34.196658500,-0.850 24.836078700,-34.196658500,-0.830 24.836078700,-34.196658600,-0.830 24.836078700,-34.196658600,-0.830 24.836078700,-34.196658700,-0.830 24.836078700,-34.196658300,-0.830 24.836078700,-34.196658200,-0.830 24.836078700,-34.196658200,-0.830 24.836078700,-34.196658200,-0.830 24.836078700,-34.196658200,-0.860 24.836078800,-34.196658200,-0.860 24.836078800,-34.196658200,-0.860 24.836078800,-34.196658100,-0.860 24.836078800,-34.196658300,-0.820 24.836078800,-34.196658300,-0.820 24.836078800,-34.196658300,-0.820 24.836078800,-34.196658400,-0.820 24.836078800,-34.196658400,-0.830 24.836078800,-34.196658400,-0.830 24.836078800,-34.196658400,-0.830 24.836078800,-34.196658400,-0.830 24.836078900,-34.196658400,-0.850 24.836078700,-34.196658400,-0.850 24.836078700,-34.196658400,-0.850 24.836078700,-34.196658400,-0.850 24.836078700,-34.196658400,-0.750 24.836078700,-34.196658400,-0.750 24.836078700,-34.196658400,-0.750 24.836078700,-34.196658400,-0.750 24.836078600,-34.196658400,-0.730 24.836078600,-34.196658400,-0.730 24.836078600,-34.196658400,-0.730 24.836078600,-34.196658400,-0.730 24.836078600,-34.196658400,-0.790 24.836078600,-34.196658400,-0.790 24.836078600,-34.196658400,-0.790 24.836078600,-34.196658400,-0.790 24.836078400,-34.196658500,-0.790 24.836078400,-34.196658500,-0.790 24.836078400,-34.196658500,-0.790 24.836078400,-34.196658600,-0.790 24.836078400,-34.196658600,-0.750 24.836078300,-34.196658600,-0.750 24.836078300,-34.196658600,-0.750 24.836078300,-34.196658600,-0.750 24.836078300,-34.196658600,-0.810 24.836078300,-34.196658600,-0.810 24.836078300,-34.196658600,-0.810 24.836078300,-34.196658600,-0.810 24.836078300,-34.196658600,-0.780 24.836078300,-34.196658600,-0.780 24.836078300,-34.196658600,-0.780 24.836078300,-34.196658600,-0.780 24.836078200,-34.196658700,-0.760 24.836078200,-34.196658700,-0.760 24.836078200,-34.196658700,-0.760 24.836078100,-34.196658800,-0.760 24.836078100,-34.196658800,-0.740 24.836078100,-34.196658800,-0.740 24.836078100,-34.196658800,-0.740 24.836078100,-34.196658800,-0.740 24.836078100,-34.196658800,-0.810 24.836078100,-34.196658700,-0.810 24.836078100,-34.196658700,-0.810 24.836078100,-34.196658700,-0.810 24.836078100,-34.196658700,-0.680 24.836078100,-34.196658700,-0.680 24.836078100,-34.196658700,-0.680 24.836078100,-34.196658700,-0.680 24.836078000,-34.196658700,-0.780 24.836078000,-34.196658700,-0.780 24.836078000,-34.196658700,-0.780 24.836078000,-34.196658700,-0.780 24.836078000,-34.196658700,-0.690 24.836078000,-34.196658700,-0.690 24.836078000,-34.196658700,-0.690 24.836078000,-34.196658600,-0.690 24.836078000,-34.196658700,-0.720 24.836078100,-34.196658700,-0.720 24.836078100,-34.196658700,-0.720 24.836078100,-34.196658700,-0.720 24.836078100,-34.196658700,-0.790 24.836078100,-34.196658700,-0.790 24.836078100,-34.196658700,-0.790 24.836078200,-34.196658700,-0.790 24.836078000,-34.196658700,-0.760 24.836078000,-34.196658700,-0.760 24.836078000,-34.196658700,-0.760 24.836078000,-34.196658700,-0.760 24.836078000,-34.196658700,-0.660 24.836078000,-34.196658700,-0.660 24.836078000,-34.196658700,-0.660 24.836078000,-34.196658700,-0.660 24.836077900,-34.196658700,-0.660 24.836077900,-34.196658700,-0.660 24.836077900,-34.196658700,-0.660 24.836077900,-34.196658700,-0.660 24.836077900,-34.196658700,-0.690 24.836077900,-34.196658700,-0.690 24.836077900,-34.196658700,-0.690 24.836077900,-34.196658700,-0.690 24.836077900,-34.196658700,-0.750 24.836077800,-34.196658600,-0.750 24.836077800,-34.196658600,-0.750 24.836077800,-34.196658600,-0.750 24.836077700,-34.196658500,-0.780 24.836077700,-34.196658500,-0.780 24.836077700,-34.196658500,-0.780 24.836077700,-34.196658500,-0.780 24.836077700,-34.196658600,-0.790 24.836077700,-34.196658600,-0.790 24.836077700,-34.196658600,-0.790 24.836077700,-34.196658600,-0.790 24.836077700,-34.196658600,-0.810 24.836077700,-34.196658600,-0.810 24.836077700,-34.196658600,-0.810 24.836077700,-34.196658700,-0.810 24.836077600,-34.196658600,-0.820 24.836077600,-34.196658600,-0.820 24.836077600,-34.196658600,-0.820 24.836077600,-34.196658600,-0.820 24.836077600,-34.196658600,-0.840 24.836077600,-34.196658600,-0.840 24.836077600,-34.196658600,-0.840 24.836077600,-34.196658600,-0.840 24.836077500,-34.196658600,-0.810 24.836077500,-34.196658600,-0.810 24.836077500,-34.196658600,-0.810 24.836077500,-34.196658600,-0.810 24.836077500,-34.196658600,-0.750 24.836077500,-34.196658600,-0.750 24.836077500,-34.196658600,-0.750 24.836077600,-34.196658600,-0.750 24.836077400,-34.196658500,-0.820 24.836077400,-34.196658500,-0.820 24.836077400,-34.196658500,-0.820 24.836077400,-34.196658500,-0.820 24.836077400,-34.196658500,-0.830 24.836077400,-34.196658500,-0.830 24.836077400,-34.196658500,-0.830 24.836077400,-34.196658500,-0.830 24.836077400,-34.196658500,-0.730 24.836077300,-34.196658500,-0.730 24.836077300,-34.196658500,-0.730 24.836077300,-34.196658500,-0.730 24.836077300,-34.196658500,-0.860 24.836077300,-34.196658500,-0.860 24.836077300,-34.196658500,-0.860 24.836077300,-34.196658500,-0.860 24.836077100,-34.196658500,-0.810 24.836077100,-34.196658500,-0.810 24.836077100,-34.196658500,-0.810 24.836077100,-34.196658500,-0.810 24.836077100,-34.196658500,-0.700 24.836077100,-34.196658500,-0.700 24.836077100,-34.196658500,-0.700 24.836077100,-34.196658500,-0.700 24.836077000,-34.196658500,-0.790 24.836077000,-34.196658500,-0.790 24.836077000,-34.196658500,-0.790 24.836077000,-34.196658500,-0.790 24.836077000,-34.196658500,-0.820 24.836077000,-34.196658500,-0.820 24.836077000,-34.196658500,-0.820 24.836077000,-34.196658500,-0.820 24.836077100,-34.196658400,-0.850 24.836077100,-34.196658400,-0.850 24.836077100,-34.196658400,-0.850 24.836077100,-34.196658400,-0.850 24.836077100,-34.196658300,-0.790 24.836077100,-34.196658300,-0.790 24.836077100,-34.196658300,-0.790 24.836077100,-34.196658300,-0.790 24.836077000,-34.196658500,-0.730 24.836077000,-34.196658500,-0.730 24.836077000,-34.196658500,-0.730 24.836077000,-34.196658400,-0.730 24.836077000,-34.196658400,-0.700 24.836077000,-34.196658400,-0.700 24.836077000,-34.196658400,-0.700 24.836076900,-34.196658400,-0.700 24.836076900,-34.196658400,-0.850 24.836076900,-34.196658500,-0.850 24.836076900,-34.196658500,-0.850 24.836076900,-34.196658500,-0.850 24.836076900,-34.196658500,-0.840 24.836076900,-34.196658500,-0.840 24.836076900,-34.196658500,-0.840 24.836076900,-34.196658400,-0.840 24.836076800,-34.196658500,-0.750 24.836076800,-34.196658500,-0.750 24.836076800,-34.196658500,-0.750 24.836076800,-34.196658500,-0.750 24.836076800,-34.196658500,-0.730 24.836076800,-34.196658500,-0.730 24.836076800,-34.196658500,-0.730 24.836076800,-34.196658500,-0.730 24.836076700,-34.196658400,-0.760 24.836076700,-34.196658400,-0.760 24.836076700,-34.196658400,-0.760 24.836076700,-34.196658400,-0.760 24.836076700,-34.196658400,-0.840 24.836076700,-34.196658300,-0.840 24.836076700,-34.196658300,-0.840 24.836076700,-34.196658300,-0.840 24.836076600,-34.196658500,-0.880 24.836076600,-34.196658500,-0.880 24.836076600,-34.196658500,-0.880 24.836076600,-34.196658500,-0.880 24.836076600,-34.196658500,-0.900 24.836076600,-34.196658500,-0.900 24.836076600,-34.196658500,-0.900 24.836076600,-34.196658400,-0.900 24.836076400,-34.196658600,-0.880 24.836076400,-34.196658600,-0.880 24.836076400,-34.196658600,-0.880 24.836076300,-34.196658700,-0.880 24.836076300,-34.196658700,-0.860 24.836076300,-34.196658700,-0.860 24.836076300,-34.196658700,-0.860 24.836076200,-34.196658700,-0.860 24.836076200,-34.196658700,-0.910 24.836076300,-34.196658600,-0.910 24.836076300,-34.196658600,-0.910 24.836076300,-34.196658600,-0.910 24.836076300,-34.196658500,-0.900 24.836076300,-34.196658500,-0.900 24.836076300,-34.196658500,-0.900 24.836076300,-34.196658500,-0.900 24.836076200,-34.196658800,-0.880 24.836076200,-34.196658800,-0.880 24.836076200,-34.196658800,-0.880 24.836076200,-34.196658900,-0.880 24.836076200,-34.196658900,-0.860 24.836076200,-34.196658900,-0.860 24.836076200,-34.196658900,-0.860 24.836076200,-34.196658900,-0.860 24.836076000,-34.196658600,-0.840 24.836076000,-34.196658600,-0.840 24.836076000,-34.196658600,-0.840 24.836076000,-34.196658500,-0.840 24.836076000,-34.196658500,-0.860 24.836076000,-34.196658500,-0.860 24.836076000,-34.196658400,-0.860 24.836076000,-34.196658400,-0.860 24.836075800,-34.196658900,-0.930 24.836075800,-34.196658900,-0.930 24.836075800,-34.196658900,-0.930 24.836075800,-34.196658900,-0.930 24.836075800,-34.196658900,-0.830 24.836075800,-34.196659000,-0.830 24.836075800,-34.196659000,-0.830 24.836075800,-34.196659000,-0.830 24.836075700,-34.196658900,-0.910 24.836075700,-34.196658900,-0.910 24.836075700,-34.196658900,-0.910 24.836075700,-34.196658900,-0.910 24.836075700,-34.196658900,-0.950 24.836075700,-34.196658900,-0.950 24.836075700,-34.196658900,-0.950 24.836075700,-34.196658900,-0.950 24.836075700,-34.196658900,-0.890 24.836075900,-34.196659000,-0.890 24.836075900,-34.196659000,-0.890 24.836076000,-34.196659000,-0.890 24.836076000,-34.196659000,-0.810 24.836076000,-34.196659000,-0.810 24.836076100,-34.196659000,-0.810 24.836076100,-34.196659000,-0.810 24.836075900,-34.196659100,-0.790 24.836075900,-34.196659100,-0.790 24.836075900,-34.196659100,-0.790 24.836075900,-34.196659100,-0.790 24.836075900,-34.196659100,-0.860 24.836075900,-34.196659100,-0.860 24.836075900,-34.196659100,-0.860 24.836075900,-34.196659100,-0.860 24.836075800,-34.196659200,-0.840 24.836075800,-34.196659200,-0.840 24.836075800,-34.196659200,-0.840 24.836075800,-34.196659300,-0.840 24.836075800,-34.196659300,-0.860 24.836075800,-34.196659300,-0.860 24.836075800,-34.196659300,-0.860 24.836075700,-34.196659300,-0.860 24.836075700,-34.196659400,-0.860 24.836075700,-34.196659400,-0.860 24.836075700,-34.196659400,-0.860 24.836075700,-34.196659400,-0.860 24.836075700,-34.196659400,-0.810 24.836075700,-34.196659400,-0.810 24.836075700,-34.196659500,-0.810 24.836075700,-34.196659500,-0.810 24.836075800,-34.196659400,-0.880 24.836075800,-34.196659400,-0.880 24.836075800,-34.196659400,-0.880 24.836075900,-34.196659400,-0.880 24.836075900,-34.196659400,-0.880 24.836075900,-34.196659400,-0.880 24.836075900,-34.196659400,-0.880 24.836075900,-34.196659400,-0.880 24.836075900,-34.196659400,-0.880 24.836075800,-34.196659500,-0.880 24.836075800,-34.196659500,-0.880 24.836075800,-34.196659500,-0.880 24.836075800,-34.196659500,-0.830 24.836075800,-34.196659500,-0.830 24.836075800,-34.196659400,-0.830 24.836075800,-34.196659400,-0.830 24.836075800,-34.196659800,-0.850 24.836075800,-34.196659800,-0.850 24.836075800,-34.196659800,-0.850 24.836075800,-34.196659800,-0.850 24.836075800,-34.196659900,-0.930 24.836075800,-34.196659900,-0.930 24.836075800,-34.196659900,-0.930 24.836075800,-34.196659900,-0.930 24.836075700,-34.196660000,-0.880 24.836075700,-34.196660000,-0.880 24.836075700,-34.196660000,-0.880 24.836075700,-34.196660000,-0.880 24.836075700,-34.196660000,-0.880 24.836075700,-34.196660100,-0.880 24.836075700,-34.196660100,-0.880 24.836075700,-34.196660100,-0.880 24.836075700,-34.196660100,-0.810 24.836075700,-34.196660100,-0.810 24.836075700,-34.196660100,-0.810 24.836075700,-34.196660200,-0.810 24.836075700,-34.196660200,-0.850 24.836075700,-34.196660200,-0.850 24.836075700,-34.196660200,-0.850 24.836075700,-34.196660200,-0.850 24.836075900,-34.196660200,-0.790 24.836075900,-34.196660200,-0.790 24.836075900,-34.196660200,-0.790 24.836075900,-34.196660200,-0.790 24.836076000,-34.196660200,-0.800 24.836076000,-34.196660200,-0.800 24.836076000,-34.196660200,-0.800 24.836076000,-34.196660200,-0.800 24.836076100,-34.196660200,-0.850 24.836075800,-34.196660400,-0.850 24.836075800,-34.196660400,-0.850 24.836075700,-34.196660400,-0.850 24.836075700,-34.196660400,-0.910 24.836075700,-34.196660400,-0.910 24.836075700,-34.196660400,-0.910 24.836075700,-34.196660500,-0.910 24.836075700,-34.196660500,-0.930 24.836075700,-34.196660500,-0.930 24.836075700,-34.196660500,-0.930 24.836075800,-34.196660500,-0.930 24.836075800,-34.196660500,-0.840 24.836075800,-34.196660500,-0.840 24.836075800,-34.196660500,-0.840 24.836075800,-34.196660500,-0.840 24.836075700,-34.196660500,-0.900 24.836075700,-34.196660500,-0.900 24.836075700,-34.196660500,-0.900 24.836075700,-34.196660500,-0.900 24.836075700,-34.196660500,-0.830 24.836075700,-34.196660500,-0.830 24.836075700,-34.196660500,-0.830 24.836075700,-34.196660500,-0.830 24.836075500,-34.196660500,-0.860 24.836075500,-34.196660500,-0.860 24.836075500,-34.196660500,-0.860 24.836075500,-34.196660500,-0.860 24.836075500,-34.196660500,-0.800 24.836075500,-34.196660500,-0.800 24.836075500,-34.196660500,-0.800 24.836075500,-34.196660500,-0.800 24.836075700,-34.196660500,-0.760 24.836075700,-34.196660500,-0.760 24.836075700,-34.196660500,-0.760 24.836075700,-34.196660500,-0.760 24.836075800,-34.196660500,-0.810 24.836075800,-34.196660500,-0.810 24.836075800,-34.196660500,-0.810 24.836075800,-34.196660500,-0.810 24.836075900,-34.196660500,-0.830 24.836075600,-34.196660600,-0.830 24.836075600,-34.196660600,-0.830 24.836075600,-34.196660600,-0.830 24.836075600,-34.196660600,-0.790 24.836075600,-34.196660600,-0.790 24.836075600,-34.196660600,-0.790 24.836075600,-34.196660600,-0.790 24.836075300,-34.196660600,-0.860 24.836075300,-34.196660600,-0.860 24.836075300,-34.196660600,-0.860 24.836075200,-34.196660600,-0.860 24.836075200,-34.196660600,-0.850 24.836075200,-34.196660600,-0.850 24.836075100,-34.196660600,-0.850 24.836075100,-34.196660600,-0.850 24.836075400,-34.196660800,-0.860 24.836075400,-34.196660800,-0.860 24.836075500,-34.196660800,-0.860 24.836075500,-34.196660800,-0.860 24.836075500,-34.196660800,-0.860 24.836075500,-34.196660800,-0.860 24.836075500,-34.196660800,-0.860 24.836075600,-34.196660800,-0.860 24.836075200,-34.196660800,-0.820 24.836075200,-34.196660800,-0.820 24.836075200,-34.196660900,-0.820 24.836075100,-34.196660900,-0.820 24.836075100,-34.196660900,-0.830 24.836075100,-34.196660900,-0.830 24.836075000,-34.196660900,-0.830 24.836075000,-34.196660900,-0.830 24.836075100,-34.196661000,-0.900 24.836075100,-34.196661000,-0.900 24.836075100,-34.196661000,-0.900 24.836075100,-34.196661100,-0.900 24.836075100,-34.196661100,-0.820 24.836075100,-34.196661100,-0.820 24.836075100,-34.196661100,-0.820 24.836075100,-34.196661100,-0.820 24.836075100,-34.196661100,-0.820 24.836075000,-34.196661100,-0.820 24.836075000,-34.196661100,-0.820 24.836075000,-34.196661100,-0.820 24.836075000,-34.196661100,-0.820 24.836075000,-34.196661100,-0.820 24.836075000,-34.196661100,-0.820 24.836074900,-34.196661100,-0.820 24.836074900,-34.196661300,-0.830 24.836074900,-34.196661300,-0.830 24.836074900,-34.196661300,-0.830 24.836074900,-34.196661300,-0.830 24.836074900,-34.196661300,-0.750 24.836074900,-34.196661300,-0.750 24.836074900,-34.196661300,-0.750 24.836074900,-34.196661300,-0.750 24.836074900,-34.196661200,-0.750 24.836075000,-34.196661200,-0.750 24.836075000,-34.196661200,-0.750 24.836075000,-34.196661200,-0.750 24.836075000,-34.196661200,-0.770 24.836075000,-34.196661200,-0.770 24.836075000,-34.196661200,-0.770 24.836075100,-34.196661200,-0.770 24.836074900,-34.196661200,-0.750 24.836074900,-34.196661200,-0.750 24.836074900,-34.196661200,-0.750 24.836074900,-34.196661200,-0.750 24.836074900,-34.196661200,-0.800 24.836074900,-34.196661200,-0.800 24.836074900,-34.196661200,-0.800 24.836074800,-34.196661200,-0.800 24.836074700,-34.196661200,-0.690 24.836074600,-34.196661200,-0.690 24.836074600,-34.196661100,-0.690 24.836074600,-34.196661100,-0.690 24.836074600,-34.196661100,-0.670 24.836074600,-34.196661100,-0.670 24.836074500,-34.196661100,-0.670 24.836074500,-34.196661000,-0.670 24.836074500,-34.196661000,-0.650 24.836074600,-34.196661300,-0.650 24.836074600,-34.196661300,-0.650 24.836074600,-34.196661300,-0.650 24.836074600,-34.196661300,-0.660 24.836074500,-34.196661300,-0.660 24.836074500,-34.196661300,-0.660 24.836074500,-34.196661300,-0.660 24.836074600,-34.196661200,-0.740 24.836074600,-34.196661200,-0.740 24.836074600,-34.196661200,-0.740 24.836074600,-34.196661300,-0.740 24.836074600,-34.196661300,-0.790 24.836074600,-34.196661300,-0.790 24.836074600,-34.196661300,-0.790 24.836074600,-34.196661300,-0.790 24.836074600,-34.196661200,-0.720 24.836074600,-34.196661200,-0.720 24.836074600,-34.196661200,-0.720 24.836074600,-34.196661200,-0.720 24.836074600,-34.196661200,-0.740 24.836074600,-34.196661200,-0.740 24.836074600,-34.196661200,-0.740 24.836074600,-34.196661100,-0.740 24.836074600,-34.196661200,-0.700 24.836074600,-34.196661200,-0.700 24.836074600,-34.196661200,-0.700 24.836074600,-34.196661200,-0.700 24.836074600,-34.196661200,-0.750 24.836074600,-34.196661200,-0.750 24.836074600,-34.196661200,-0.750 24.836074600,-34.196661200,-0.750 24.836074600,-34.196661200,-0.790 24.836074600,-34.196661200,-0.790 24.836074600,-34.196661200,-0.790 24.836074600,-34.196661300,-0.790 24.836074700,-34.196661300,-0.750 24.836074700,-34.196661300,-0.750 24.836074700,-34.196661300,-0.750 24.836074700,-34.196661300,-0.750 24.836074700,-34.196661300,-0.750 24.836074700,-34.196661400,-0.750 24.836074700,-34.196661400,-0.750 24.836074700,-34.196661400,-0.750 24.836074700,-34.196661400,-0.780 24.836074700,-34.196661400,-0.780 24.836074700,-34.196661500,-0.780 24.836074700,-34.196661500,-0.780 24.836074700,-34.196661400,-0.740 24.836074700,-34.196661400,-0.740 24.836074700,-34.196661400,-0.740 24.836074700,-34.196661400,-0.740 24.836074700,-34.196661400,-0.690 24.836074700,-34.196661400,-0.690 24.836074700,-34.196661400,-0.690 24.836074700,-34.196661400,-0.690 24.836074700,-34.196661200,-0.650 24.836074700,-34.196661200,-0.650 24.836074700,-34.196661200,-0.650 24.836074700,-34.196661200,-0.650 24.836074700,-34.196661200,-0.630 24.836074700,-34.196661200,-0.630 24.836074700,-34.196661200,-0.630 24.836074700,-34.196661200,-0.630 24.836074700,-34.196661300,-0.730 24.836074700,-34.196661300,-0.730 24.836074700,-34.196661300,-0.730 24.836074800,-34.196661300,-0.730 24.836074800,-34.196661400,-0.750 24.836074800,-34.196661400,-0.750 24.836074800,-34.196661400,-0.750 24.836074800,-34.196661400,-0.750 24.836074900,-34.196661000,-0.790 24.836074900,-34.196661000,-0.790 24.836074900,-34.196661000,-0.790 24.836074900,-34.196661100,-0.790 24.836075000,-34.196661100,-0.720 24.836075000,-34.196661100,-0.720 24.836075000,-34.196661100,-0.720 24.836075000,-34.196661100,-0.720 24.836075100,-34.196661100,-0.770 24.836074900,-34.196661300,-0.770 24.836074900,-34.196661300,-0.770 24.836074900,-34.196661400,-0.770 24.836074900,-34.196661400,-0.780 24.836074900,-34.196661500,-0.780 24.836074900,-34.196661500,-0.780 24.836074900,-34.196661600,-0.780 24.836074900,-34.196661000,-0.780 24.836074900,-34.196661000,-0.780 24.836074900,-34.196661000,-0.780 24.836074900,-34.196660900,-0.780 24.836074900,-34.196660900,-0.730 24.836074900,-34.196660900,-0.730 24.836074900,-34.196660900,-0.730 24.836074900,-34.196660900,-0.730 24.836074900,-34.196661000,-0.750 24.836075000,-34.196661000,-0.750 24.836075000,-34.196661000,-0.750 24.836075000,-34.196661000,-0.750 24.836075000,-34.196661000,-0.830 24.836075000,-34.196661000,-0.830 24.836075000,-34.196661000,-0.830 24.836075100,-34.196661000,-0.830 24.836075000,-34.196661300,-0.820 24.836075000,-34.196661300,-0.820 24.836075000,-34.196661300,-0.820 24.836075000,-34.196661400,-0.820 24.836075000,-34.196661400,-0.810 24.836075000,-34.196661400,-0.810 24.836075000,-34.196661400,-0.810 24.836075000,-34.196661500,-0.810 24.836075000,-34.196661400,-0.770 24.836075000,-34.196661400,-0.770 24.836075000,-34.196661400,-0.770 24.836075000,-34.196661400,-0.770 24.836075000,-34.196661400,-0.790 24.836075000,-34.196661400,-0.790 24.836075000,-34.196661400,-0.790 24.836075000,-34.196661400,-0.790 24.836075000,-34.196661400,-0.730 24.836075000,-34.196661400,-0.730 24.836075000,-34.196661400,-0.730 24.836075000,-34.196661400,-0.730 24.836075100,-34.196661400,-0.790 24.836075100,-34.196661400,-0.790 24.836075100,-34.196661300,-0.790 24.836075100,-34.196661300,-0.790 24.836075000,-34.196661200,-0.690 24.836075000,-34.196661200,-0.690 24.836075000,-34.196661200,-0.690 24.836075000,-34.196661100,-0.690 24.836075000,-34.196661100,-0.690 24.836075000,-34.196661100,-0.690 24.836075000,-34.196661100,-0.690 24.836075000,-34.196661000,-0.690 24.836074900,-34.196661300,-0.720 24.836074900,-34.196661300,-0.720 24.836074900,-34.196661300,-0.720 24.836074800,-34.196661300,-0.720 24.836074800,-34.196661300,-0.760 24.836074800,-34.196661300,-0.760 24.836074800,-34.196661300,-0.760 24.836074800,-34.196661300,-0.760 24.836074900,-34.196661300,-0.750 24.836074900,-34.196661300,-0.750 24.836074900,-34.196661300,-0.750 24.836075000,-34.196661300,-0.750 24.836075000,-34.196661300,-0.730 24.836075000,-34.196661300,-0.730 24.836075000,-34.196661300,-0.730 24.836075000,-34.196661300,-0.730 24.836074900,-34.196661300,-0.720 24.836074900,-34.196661300,-0.720 24.836074900,-34.196661300,-0.720 24.836074900,-34.196661300,-0.720 24.836074900,-34.196661300,-0.690 24.836074900,-34.196661300,-0.690 24.836074900,-34.196661300,-0.690 24.836074900,-34.196661300,-0.690 24.836074900,-34.196661400,-0.800 24.836074900,-34.196661400,-0.800 24.836074900,-34.196661400,-0.800 24.836074900,-34.196661400,-0.800 24.836074900,-34.196661400,-0.790 24.836074900,-34.196661400,-0.790 24.836074900,-34.196661400,-0.790 24.836074900,-34.196661400,-0.790 24.836074900,-34.196661000,-0.740 24.836074900,-34.196661000,-0.740 24.836074900,-34.196661000,-0.740 24.836074900,-34.196660900,-0.740 24.836074900,-34.196660900,-0.760 24.836075000,-34.196660900,-0.760 24.836075000,-34.196660800,-0.760 24.836075000,-34.196660800,-0.760 24.836074800,-34.196660900,-0.730 24.836074700,-34.196660900,-0.730 24.836074700,-34.196660900,-0.730 24.836074700,-34.196660900,-0.730 24.836074700,-34.196660900,-0.740 24.836074700,-34.196660900,-0.740 24.836074600,-34.196660900,-0.740 24.836074600,-34.196661000,-0.740 24.836074600,-34.196660900,-0.740 24.836074600,-34.196660900,-0.740 24.836074600,-34.196660900,-0.740 24.836074600,-34.196660900,-0.740 24.836074600,-34.196660900,-0.740 24.836074600,-34.196660800,-0.740 24.836074600,-34.196660800,-0.740 24.836074500,-34.196660800,-0.740 24.836074700,-34.196661000,-0.760 24.836074700,-34.196661000,-0.760 24.836074700,-34.196661000,-0.760 24.836074800,-34.196661000,-0.760 24.836074800,-34.196661000,-0.780 24.836074800,-34.196661000,-0.780 24.836074800,-34.196661000,-0.780 24.836074800,-34.196660900,-0.780 24.836074800,-34.196660900,-0.670 24.836074500,-34.196660900,-0.670 24.836074500,-34.196660900,-0.670 24.836074400,-34.196660900,-0.670 24.836074400,-34.196660800,-0.700 24.836074400,-34.196660800,-0.700 24.836074400,-34.196660800,-0.700 24.836074300,-34.196660800,-0.700 24.836074500,-34.196661000,-0.670 24.836074500,-34.196661000,-0.670 24.836074500,-34.196661000,-0.670 24.836074500,-34.196661000,-0.670 24.836074500,-34.196660900,-1.120 24.836074500,-34.196660900,-1.120 24.836074500,-34.196660900,-1.120 24.836074500,-34.196660900,-1.120 24.836074400,-34.196661100,-1.110 24.836074400,-34.196661100,-1.110 24.836074400,-34.196661100,-1.110 24.836074400,-34.196661100,-1.110 24.836074400,-34.196661100,-1.160 24.836074400,-34.196661100,-1.160 24.836074400,-34.196661100,-1.160 24.836074400,-34.196661100,-1.160 24.836074400,-34.196661000,-1.130 24.836074400,-34.196661000,-1.130 24.836074400,-34.196661000,-1.130 24.836074400,-34.196661000,-1.130 24.836074400,-34.196661000,-1.130 24.836074400,-34.196661000,-1.130 24.836074400,-34.196661000,-1.130 24.836074400,-34.196661000,-1.130 24.836074400,-34.196660900,-1.170 24.836074400,-34.196660900,-1.170 24.836074400,-34.196660900,-1.170 24.836074400,-34.196660900,-1.170 24.836074400,-34.196660900,-1.140 24.836074400,-34.196660900,-1.140 24.836074400,-34.196660900,-1.140 24.836074400,-34.196660800,-1.140 24.836074400,-34.196660800,-1.120 24.836074400,-34.196660800,-1.120 24.836074400,-34.196660800,-1.120 24.836074400,-34.196660800,-1.120 24.836074400,-34.196660800,-1.190 24.836074400,-34.196660800,-1.190 24.836074400,-34.196660800,-1.190 24.836074400,-34.196660900,-1.190 24.836074400,-34.196660900,-1.190 24.836074400,-34.196660900,-1.190 24.836074400,-34.196660900,-1.190 24.836074400,-34.196661000,-1.190 24.836074400,-34.196661000,-1.130 24.836074400,-34.196661000,-1.130 24.836074400,-34.196661000,-1.130 24.836074400,-34.196661000,-1.130 24.836074300,-34.196661000,-1.170 24.836074300,-34.196661000,-1.170 24.836074300,-34.196661000,-1.170 24.836074300,-34.196661000,-1.170 24.836074300,-34.196661000,-1.110 24.836074200,-34.196661100,-1.110 24.836074200,-34.196661100,-1.110 24.836074200,-34.196661100,-1.110 24.836074400,-34.196661200,-1.110 24.836074400,-34.196661200,-1.110 24.836074400,-34.196661200,-1.110 24.836074400,-34.196661200,-1.110 24.836074400,-34.196661200,-1.170 24.836074400,-34.196661100,-1.170 24.836074400,-34.196661100,-1.170 24.836074400,-34.196661100,-1.170 24.836074400,-34.196661200,-1.130 24.836074400,-34.196661200,-1.130 24.836074400,-34.196661200,-1.130 24.836074400,-34.196661200,-1.130 24.836074400,-34.196661300,-1.180 24.836074400,-34.196661300,-1.180 24.836074400,-34.196661300,-1.180 24.836074400,-34.196661300,-1.180 24.836074400,-34.196661300,-1.240 24.836074100,-34.196661100,-1.240 24.836074100,-34.196661100,-1.240 24.836074100,-34.196661100,-1.240 24.836074100,-34.196661100,-1.260 24.836074000,-34.196661100,-1.260 24.836074000,-34.196661100,-1.260 24.836074000,-34.196661100,-1.260 24.836074100,-34.196661000,-1.240 24.836074100,-34.196661000,-1.240 24.836074100,-34.196661000,-1.240 24.836074100,-34.196661000,-1.240 24.836074100,-34.196661000,-1.250 24.836074100,-34.196661000,-1.250 24.836074100,-34.196661000,-1.250 24.836074100,-34.196661000,-1.250 24.836073900,-34.196661000,-1.260 24.836073900,-34.196661000,-1.260 24.836073900,-34.196661000,-1.260 24.836073900,-34.196661000,-1.260 24.836073900,-34.196661000,-1.210 24.836073800,-34.196661000,-1.210 24.836073800,-34.196661000,-1.210 24.836073800,-34.196661000,-1.210 24.836073900,-34.196661100,-1.170 24.836073900,-34.196661100,-1.170 24.836073900,-34.196661100,-1.170 24.836074000,-34.196661100,-1.170 24.836074000,-34.196661100,-1.210 24.836074000,-34.196661100,-1.210 24.836074000,-34.196661100,-1.210 24.836074000,-34.196661100,-1.210 24.836073800,-34.196661000,-1.160 24.836073800,-34.196661000,-1.160 24.836073800,-34.196661000,-1.160 24.836073800,-34.196661000,-1.160 24.836073800,-34.196661000,-1.120 24.836073800,-34.196661000,-1.120 24.836073800,-34.196661000,-1.120 24.836073800,-34.196661000,-1.120 24.836073800,-34.196661000,-1.180 24.836073700,-34.196660900,-1.180 24.836073600,-34.196660900,-1.180 24.836073600,-34.196660800,-1.180 24.836073600,-34.196660800,-1.160 24.836073600,-34.196660800,-1.160 24.836073600,-34.196660800,-1.160 24.836073500,-34.196660800,-1.160 24.836073700,-34.196660900,-1.100 24.836073700,-34.196661000,-1.100 24.836073700,-34.196661000,-1.100 24.836073700,-34.196661000,-1.100 24.836073700,-34.196661000,-1.130 24.836073700,-34.196661000,-1.130 24.836073700,-34.196661100,-1.130 24.836073700,-34.196661100,-1.130 24.836073500,-34.196661100,-1.050 24.836073500,-34.196661100,-1.050 24.836073500,-34.196661100,-1.050 24.836073400,-34.196661100,-1.050 24.836073400,-34.196661100,-1.100 24.836073400,-34.196661100,-1.100 24.836073300,-34.196661100,-1.100 24.836073300,-34.196661100,-1.100 24.836073500,-34.196661300,-1.100 24.836073500,-34.196661300,-1.100 24.836073500,-34.196661300,-1.100 24.836073500,-34.196661300,-1.100 24.836073500,-34.196661400,-1.130 24.836073500,-34.196661400,-1.130 24.836073500,-34.196661400,-1.130 24.836073500,-34.196661400,-1.130 24.836073500,-34.196661500,-1.130 24.836073500,-34.196661500,-1.130 24.836073500,-34.196661500,-1.130 24.836073500,-34.196661500,-1.130 24.836073500,-34.196661500,-1.120 24.836073500,-34.196661500,-1.120 24.836073500,-34.196661500,-1.120 24.836073500,-34.196661500,-1.120 24.836073500,-34.196661600,-1.180 24.836073500,-34.196661400,-1.180 24.836073500,-34.196661400,-1.180 24.836073500,-34.196661400,-1.180 24.836073500,-34.196661400,-1.110 24.836073500,-34.196661400,-1.110 24.836073500,-34.196661400,-1.110 24.836073500,-34.196661400,-1.110 24.836073500,-34.196661400,-1.120 24.836073500,-34.196661400,-1.120 24.836073500,-34.196661400,-1.120 24.836073500,-34.196661400,-1.120 24.836073400,-34.196661400,-1.120 24.836073400,-34.196661400,-1.120 24.836073400,-34.196661400,-1.120 24.836073400,-34.196661400,-1.120 24.836073600,-34.196661200,-1.150 24.836073600,-34.196661200,-1.150 24.836073600,-34.196661100,-1.150 24.836073700,-34.196661100,-1.150 24.836073700,-34.196661100,-1.120 24.836073700,-34.196661000,-1.120 24.836073700,-34.196661000,-1.120 24.836073700,-34.196661000,-1.120 24.836073800,-34.196661400,-1.150 24.836073800,-34.196661400,-1.150 24.836073800,-34.196661500,-1.150 24.836073700,-34.196661500,-1.150 24.836073700,-34.196661500,-1.110 24.836073700,-34.196661500,-1.110 24.836073700,-34.196661500,-1.110 24.836073700,-34.196661600,-1.110 24.836073800,-34.196661400,-1.190 24.836073800,-34.196661400,-1.190 24.836073800,-34.196661400,-1.190 24.836073800,-34.196661400,-1.190 24.836073800,-34.196661400,-1.110 24.836073800,-34.196661400,-1.110 24.836073800,-34.196661300,-1.110 24.836073700,-34.196661300,-1.110 24.836073700,-34.196661300,-1.110 24.836073800,-34.196661400,-1.110 24.836073800,-34.196661400,-1.110 24.836073800,-34.196661400,-1.110 24.836073800,-34.196661400,-1.160 24.836073800,-34.196661400,-1.160 24.836073800,-34.196661400,-1.160 24.836073700,-34.196661400,-1.160 24.836073800,-34.196661400,-1.180 24.836073700,-34.196661400,-1.180 24.836073700,-34.196661400,-1.180 24.836073700,-34.196661400,-1.180 24.836073700,-34.196661400,-1.220 24.836073700,-34.196661400,-1.220 24.836073700,-34.196661400,-1.220 24.836073600,-34.196661400,-1.220 24.836073900,-34.196661400,-1.160 24.836073900,-34.196661400,-1.160 24.836073900,-34.196661400,-1.160 24.836073900,-34.196661400,-1.160 24.836073900,-34.196661400,-1.220 24.836073900,-34.196661400,-1.220 24.836073900,-34.196661400,-1.220 24.836074000,-34.196661400,-1.220 24.836074000,-34.196661700,-1.190 24.836074000,-34.196661800,-1.190 24.836074000,-34.196661800,-1.190 24.836074000,-34.196661900,-1.190 24.836074000,-34.196661900,-1.170 24.836074000,-34.196661900,-1.170 24.836074000,-34.196661900,-1.170 24.836074000,-34.196662000,-1.170 24.836074000,-34.196661500,-1.170 24.836074000,-34.196661500,-1.170 24.836074000,-34.196661500,-1.170 24.836074000,-34.196661500,-1.170 24.836074000,-34.196661500,-1.190 24.836074000,-34.196661500,-1.190 24.836074000,-34.196661500,-1.190 24.836074000,-34.196661500,-1.190 24.836074000,-34.196661500,-1.160 24.836074000,-34.196661600,-1.160 24.836074000,-34.196661700,-1.160 24.836074000,-34.196661700,-1.160 24.836074000,-34.196661800,-1.140 24.836074000,-34.196661800,-1.140 24.836074000,-34.196661800,-1.140 24.836074000,-34.196661900,-1.140 24.836074000,-34.196661600,-1.240 24.836074000,-34.196661600,-1.240 24.836074000,-34.196661600,-1.240 24.836073900,-34.196661700,-1.240 24.836073900,-34.196661700,-1.300 24.836073900,-34.196661700,-1.300 24.836073900,-34.196661700,-1.300 24.836073900,-34.196661800,-1.300 24.836074100,-34.196661600,-1.090 24.836074100,-34.196661600,-1.090 24.836074100,-34.196661600,-1.090 24.836074100,-34.196661700,-1.090 24.836074100,-34.196661700,-1.110 24.836074200,-34.196661700,-1.110 24.836074200,-34.196661700,-1.110 24.836074200,-34.196661700,-1.110 24.836074000,-34.196661700,-1.100 24.836074000,-34.196661700,-1.100 24.836074000,-34.196661700,-1.100 24.836074000,-34.196661700,-1.100 24.836074000,-34.196661700,-1.090 24.836073900,-34.196661700,-1.090 24.836073900,-34.196661700,-1.090 24.836073900,-34.196661700,-1.090 24.836074100,-34.196661800,-1.070 24.836074100,-34.196661800,-1.070 24.836074100,-34.196661800,-1.070 24.836074100,-34.196661700,-1.070 24.836074100,-34.196661700,-1.040 24.836074100,-34.196661700,-1.040 24.836074100,-34.196661700,-1.040 24.836074000,-34.196661700,-1.040 24.836074000,-34.196661700,-1.100 24.836074200,-34.196662000,-1.100 24.836074200,-34.196662000,-1.100 24.836074200,-34.196662000,-1.100 24.836074200,-34.196662100,-1.140 24.836074200,-34.196662100,-1.140 24.836074200,-34.196662100,-1.140 24.836074300,-34.196662200,-1.140 24.836074200,-34.196662000,-1.050 24.836074100,-34.196661900,-1.050 24.836074100,-34.196661900,-1.050 24.836074100,-34.196661900,-1.050 24.836074100,-34.196661900,-1.100 24.836074100,-34.196661900,-1.100 24.836074100,-34.196661900,-1.100 24.836074000,-34.196661800,-1.100 24.836074400,-34.196661800,-1.090 24.836074400,-34.196661800,-1.090 24.836074400,-34.196661800,-1.090 24.836074500,-34.196661800,-1.090 24.836074500,-34.196661800,-1.140 24.836074500,-34.196661700,-1.140 24.836074600,-34.196661700,-1.140 24.836074600,-34.196661700,-1.140 24.836074300,-34.196661800,-1.160 24.836074300,-34.196661800,-1.160 24.836074300,-34.196661800,-1.160 24.836074200,-34.196661800,-1.160 24.836074200,-34.196661800,-1.140 24.836074200,-34.196661800,-1.140 24.836074200,-34.196661800,-1.140 24.836074100,-34.196661800,-1.140 24.836074300,-34.196661800,-1.060 24.836074300,-34.196661800,-1.060 24.836074300,-34.196661800,-1.060 24.836074300,-34.196661800,-1.060 24.836074300,-34.196661800,-1.040 24.836074300,-34.196661800,-1.040 24.836074300,-34.196661800,-1.040 24.836074300,-34.196661800,-1.040 24.836074300,-34.196661800,-1.040 24.836074400,-34.196661900,-1.040 24.836074400,-34.196661900,-1.040 24.836074400,-34.196661900,-1.040 24.836074400,-34.196661900,-1.040 24.836074400,-34.196661900,-1.040 24.836074400,-34.196661900,-1.040 24.836074400,-34.196661900,-1.040 24.836074400,-34.196662100,-1.080 24.836074400,-34.196662100,-1.080 24.836074400,-34.196662100,-1.080 24.836074400,-34.196662100,-1.080 24.836074400,-34.196662100,-1.040 24.836074400,-34.196662100,-1.040 24.836074400,-34.196662100,-1.040 24.836074400,-34.196662100,-1.040 24.836074400,-34.196662300,-1.110 24.836074400,-34.196662300,-1.110 24.836074400,-34.196662400,-1.110 24.836074400,-34.196662400,-1.110 24.836074400,-34.196662400,-1.100 24.836074400,-34.196662400,-1.100 24.836074400,-34.196662400,-1.100 24.836074400,-34.196662400,-1.100 24.836074400,-34.196662300,-1.090 24.836074400,-34.196662300,-1.090 24.836074400,-34.196662300,-1.090 24.836074400,-34.196662300,-1.090 24.836074400,-34.196662200,-1.070 24.836074300,-34.196662200,-1.070 24.836074300,-34.196662200,-1.070 24.836074300,-34.196662200,-1.070 24.836074300,-34.196662100,-1.060 24.836074200,-34.196662100,-1.060 24.836074200,-34.196662100,-1.060 24.836074200,-34.196662100,-1.060 24.836074200,-34.196662000,-1.070 24.836074200,-34.196662000,-1.070 24.836074100,-34.196662000,-1.070 24.836074100,-34.196662000,-1.070 24.836074100,-34.196661900,-1.120 24.836074400,-34.196662000,-1.120 24.836074400,-34.196662000,-1.120 24.836074400,-34.196662000,-1.120 24.836074400,-34.196662000,-1.140 24.836074500,-34.196662000,-1.140 24.836074500,-34.196661900,-1.140 24.836074500,-34.196661900,-1.140 24.836074400,-34.196662200,-1.160 24.836074400,-34.196662200,-1.160 24.836074400,-34.196662200,-1.160 24.836074300,-34.196662200,-1.160 24.836074300,-34.196662200,-1.130 24.836074300,-34.196662200,-1.130 24.836074300,-34.196662200,-1.130 24.836074300,-34.196662200,-1.130 24.836074400,-34.196662200,-1.150 24.836074400,-34.196662200,-1.150 24.836074400,-34.196662200,-1.150 24.836074400,-34.196662200,-1.150 24.836074400,-34.196662200,-1.170 24.836074400,-34.196662200,-1.170 24.836074400,-34.196662100,-1.170 24.836074400,-34.196662100,-1.170 24.836074400,-34.196662200,-1.030 24.836074400,-34.196662200,-1.030 24.836074400,-34.196662200,-1.030 24.836074400,-34.196662200,-1.030 24.836074400,-34.196662200,-1.100 24.836074300,-34.196662200,-1.100 24.836074300,-34.196662200,-1.100 24.836074300,-34.196662200,-1.100 24.836074300,-34.196662400,-1.180 24.836074300,-34.196662400,-1.180 24.836074300,-34.196662400,-1.180 24.836074200,-34.196662400,-1.180 24.836074200,-34.196662500,-1.180 24.836074200,-34.196662500,-1.180 24.836074200,-34.196662500,-1.180 24.836074200,-34.196662500,-1.180 24.836074200,-34.196662500,-1.100 24.836074400,-34.196662800,-1.100 24.836074400,-34.196662800,-1.100 24.836074400,-34.196662900,-1.100 24.836074400,-34.196663000,-1.130 24.836074400,-34.196663000,-1.130 24.836074400,-34.196663000,-1.130 24.836074400,-34.196663100,-1.130 24.836074400,-34.196662900,-1.110 24.836074300,-34.196662900,-1.110 24.836074300,-34.196662900,-1.110 24.836074300,-34.196663000,-1.110 24.836074300,-34.196663000,-1.100 24.836074300,-34.196663000,-1.100 24.836074200,-34.196663000,-1.100 24.836074200,-34.196663000,-1.100 24.836074400,-34.196663000,-1.180 24.836074400,-34.196663000,-1.180 24.836074400,-34.196662900,-1.180 24.836074400,-34.196662900,-1.180 24.836074400,-34.196662900,-1.140 24.836074400,-34.196662900,-1.140 24.836074400,-34.196662900,-1.140 24.836074400,-34.196662900,-1.140 24.836074400,-34.196662900,-1.100 24.836074400,-34.196662800,-1.100 24.836074400,-34.196662800,-1.100 24.836074400,-34.196662800,-1.100 24.836074400,-34.196662800,-1.160 24.836074400,-34.196662800,-1.160 24.836074400,-34.196662800,-1.160 24.836074400,-34.196662700,-1.160 24.836074700,-34.196662900,-1.080 24.836074700,-34.196662800,-1.080 24.836074800,-34.196662800,-1.080 24.836074800,-34.196662800,-1.080 24.836074800,-34.196662800,-1.080 24.836074900,-34.196662800,-1.080 24.836074900,-34.196662800,-1.080 24.836075000,-34.196662700,-1.080 24.836075000,-34.196662700,-1.070 24.836074800,-34.196662800,-1.070 24.836074800,-34.196662800,-1.070 24.836074800,-34.196662800,-1.070 24.836074800,-34.196662800,-0.980 24.836074800,-34.196662800,-0.980 24.836074800,-34.196662900,-0.980 24.836074800,-34.196662900,-0.980 24.836074800,-34.196662900,-1.060 24.836074800,-34.196662900,-1.060 24.836074800,-34.196662900,-1.060 24.836074800,-34.196662900,-1.060 24.836074800,-34.196663000,-1.060 24.836074800,-34.196663000,-1.060 24.836074800,-34.196663000,-1.060 24.836074800,-34.196663000,-1.060 24.836074700,-34.196662900,-1.070 24.836074700,-34.196662900,-1.070 24.836074600,-34.196662900,-1.070 24.836074600,-34.196662900,-1.070 24.836074600,-34.196662900,-1.050 24.836074600,-34.196662900,-1.050 24.836074600,-34.196662900,-1.050 24.836074500,-34.196663000,-1.050 24.836074700,-34.196662900,-1.030 24.836074700,-34.196662900,-1.030 24.836074700,-34.196662900,-1.030 24.836074700,-34.196662900,-1.030 24.836074700,-34.196662900,-1.070 24.836074700,-34.196662900,-1.070 24.836074700,-34.196662900,-1.070 24.836074700,-34.196662900,-1.070 24.836074700,-34.196663000,-1.130 24.836074700,-34.196663000,-1.130 24.836074700,-34.196663000,-1.130 24.836074600,-34.196663100,-1.130 24.836074600,-34.196663100,-1.010 24.836074600,-34.196663100,-1.010 24.836074600,-34.196663100,-1.010 24.836074600,-34.196663100,-1.010 24.836074600,-34.196663100,-1.060 24.836074700,-34.196663000,-1.060 24.836074700,-34.196663000,-1.060 24.836074700,-34.196663000,-1.060 24.836074700,-34.196663000,-1.030 24.836074700,-34.196663000,-1.030 24.836074700,-34.196663000,-1.030 24.836074700,-34.196663100,-1.030 24.836074800,-34.196663100,-1.050 24.836074800,-34.196663100,-1.050 24.836074800,-34.196663100,-1.050 24.836074800,-34.196663100,-1.050 24.836074800,-34.196663100,-1.250 24.836074800,-34.196663100,-1.250 24.836074700,-34.196663100,-1.250 24.836074700,-34.196663100,-1.250 24.836074800,-34.196663000,-1.370 24.836074800,-34.196663000,-1.370 24.836074800,-34.196663000,-1.370 24.836074800,-34.196663000,-1.370 24.836074800,-34.196663000,-1.380 24.836074800,-34.196663000,-1.380 24.836074800,-34.196663000,-1.380 24.836074800,-34.196663000,-1.380 24.836074800,-34.196663000,-1.400 24.836074700,-34.196663000,-1.400 24.836074700,-34.196663000,-1.400 24.836074700,-34.196663000,-1.400 24.836074700,-34.196663000,-1.410 24.836074700,-34.196663000,-1.410 24.836074600,-34.196663000,-1.410 24.836074600,-34.196663000,-1.410 24.836074800,-34.196662900,-1.470 24.836074800,-34.196662900,-1.470 24.836074800,-34.196662900,-1.470 24.836074800,-34.196662800,-1.470 24.836074800,-34.196662800,-1.410 24.836074800,-34.196662800,-1.410 24.836074900,-34.196662800,-1.410 24.836074900,-34.196662800,-1.410 24.836074900,-34.196662800,-1.330 24.836075000,-34.196662800,-1.330 24.836075000,-34.196662800,-1.330 24.836075000,-34.196662800,-1.330 24.836075000,-34.196662800,-1.330 24.836075000,-34.196662800,-1.330 24.836075100,-34.196662800,-1.330 24.836075100,-34.196662800,-1.330 24.836074900,-34.196663000,-1.400 24.836074900,-34.196663000,-1.400 24.836074900,-34.196663000,-1.400 24.836074800,-34.196663000,-1.400 24.836074800,-34.196663000,-1.390 24.836074800,-34.196663100,-1.390 24.836074800,-34.196663100,-1.390 24.836074700,-34.196663100,-1.390 24.836075000,-34.196663400,-1.470 24.836075000,-34.196663400,-1.470 24.836075100,-34.196663400,-1.470 24.836075100,-34.196663500,-1.470 24.836075100,-34.196663500,-1.390 24.836075100,-34.196663600,-1.390 24.836075100,-34.196663600,-1.390 24.836075200,-34.196663700,-1.390 24.836075200,-34.196663400,-1.340 24.836075200,-34.196663400,-1.340 24.836075200,-34.196663400,-1.340 24.836075200,-34.196663400,-1.340 24.836075200,-34.196663400,-1.430 24.836075200,-34.196663400,-1.430 24.836075200,-34.196663400,-1.430 24.836075100,-34.196663400,-1.430 24.836075200,-34.196663400,-1.430 24.836075200,-34.196663400,-1.430 24.836075200,-34.196663400,-1.430 24.836075200,-34.196663400,-1.430 24.836075200,-34.196663400,-1.340 24.836075200,-34.196663400,-1.340 24.836075200,-34.196663400,-1.340 24.836075200,-34.196663400,-1.340 24.836075200,-34.196663400,-1.340 24.836075400,-34.196663500,-1.340 24.836075400,-34.196663400,-1.340 24.836075400,-34.196663400,-1.340 24.836075400,-34.196663400,-1.370 24.836075400,-34.196663400,-1.370 24.836075400,-34.196663400,-1.370 24.836075400,-34.196663300,-1.370 24.836075400,-34.196663600,-1.390 24.836075400,-34.196663600,-1.390 24.836075400,-34.196663600,-1.390 24.836075400,-34.196663600,-1.390 24.836075400,-34.196663600,-1.330 24.836075400,-34.196663600,-1.330 24.836075400,-34.196663700,-1.330 24.836075400,-34.196663700,-1.330 24.836075500,-34.196663600,-1.350 24.836075500,-34.196663600,-1.350 24.836075500,-34.196663600,-1.350 24.836075500,-34.196663600,-1.350 24.836075500,-34.196663600,-1.310 24.836075500,-34.196663600,-1.310 24.836075500,-34.196663600,-1.310 24.836075500,-34.196663700,-1.310 24.836075400,-34.196663700,-1.290 24.836075400,-34.196663700,-1.290 24.836075300,-34.196663700,-1.290 24.836075300,-34.196663700,-1.290 24.836075300,-34.196663700,-1.380 24.836075300,-34.196663700,-1.380 24.836075300,-34.196663700,-1.380 24.836075300,-34.196663700,-1.380 24.836075500,-34.196663900,-1.300 24.836075500,-34.196663900,-1.300 24.836075500,-34.196663900,-1.300 24.836075500,-34.196663900,-1.300 24.836075500,-34.196663900,-1.340 24.836075500,-34.196663900,-1.340 24.836075500,-34.196663900,-1.340 24.836075500,-34.196663900,-1.340 24.836075500,-34.196663900,-1.250 24.836075700,-34.196664000,-1.250 24.836075800,-34.196664000,-1.250 24.836075800,-34.196664000,-1.250 24.836075800,-34.196664000,-1.310 24.836075800,-34.196664000,-1.310 24.836075800,-34.196664000,-1.310 24.836075900,-34.196664000,-1.310 24.836075900,-34.196664100,-1.360 24.836075900,-34.196664100,-1.360 24.836075900,-34.196664100,-1.360 24.836075900,-34.196664100,-1.360 24.836075900,-34.196664200,-1.330 24.836075900,-34.196664200,-1.330 24.836075900,-34.196664200,-1.330 24.836075900,-34.196664200,-1.330 24.836076000,-34.196664100,-1.330 24.836076000,-34.196664100,-1.330 24.836076000,-34.196664100,-1.330 24.836076000,-34.196664100,-1.330 24.836076000,-34.196664100,-1.250 24.836076000,-34.196664100,-1.250 24.836076100,-34.196664100,-1.250 24.836076100,-34.196664100,-1.250 24.836076400,-34.196664200,-1.350 24.836076400,-34.196664200,-1.350 24.836076400,-34.196664300,-1.350 24.836076500,-34.196664300,-1.350 24.836076500,-34.196664300,-1.350 24.836076500,-34.196664300,-1.350 24.836076500,-34.196664300,-1.350 24.836076600,-34.196664400,-1.350 24.836076700,-34.196664400,-1.370 24.836076700,-34.196664500,-1.370 24.836076700,-34.196664500,-1.370 24.836076800,-34.196664500,-1.370 24.836076800,-34.196664500,-1.240 24.836076800,-34.196664500,-1.240 24.836076800,-34.196664500,-1.240 24.836076900,-34.196664600,-1.240 24.836076900,-34.196664600,-1.330 24.836076800,-34.196664400,-1.330 24.836076800,-34.196664300,-1.330 24.836076800,-34.196664300,-1.330 24.836076800,-34.196664300,-1.350 24.836076800,-34.196664300,-1.350 24.836076800,-34.196664300,-1.350 24.836076800,-34.196664200,-1.350 24.836076700,-34.196664500,-1.370 24.836076700,-34.196664500,-1.370 24.836076700,-34.196664500,-1.370 24.836076700,-34.196664500,-1.370 24.836076600,-34.196664500,-1.340 24.836076600,-34.196664500,-1.340 24.836076600,-34.196664500,-1.340 24.836076600,-34.196664500,-1.340 24.836076700,-34.196664600,-1.330 24.836076600,-34.196664600,-1.330 24.836076600,-34.196664600,-1.330 24.836076600,-34.196664600,-1.330 24.836076600,-34.196664600,-1.350 24.836076600,-34.196664600,-1.350 24.836076600,-34.196664600,-1.350 24.836076500,-34.196664600,-1.350 24.836076700,-34.196664900,-1.390 24.836076700,-34.196664900,-1.390 24.836076700,-34.196665000,-1.390 24.836076700,-34.196665000,-1.390 24.836076700,-34.196665000,-1.340 24.836076700,-34.196665100,-1.340 24.836076700,-34.196665100,-1.340 24.836076700,-34.196665200,-1.340 24.836076900,-34.196665100,-1.360 24.836077000,-34.196665100,-1.360 24.836077000,-34.196665100,-1.360 24.836077000,-34.196665100,-1.360 24.836077000,-34.196665200,-1.370 24.836077000,-34.196665200,-1.370 24.836077100,-34.196665200,-1.370 24.836077100,-34.196665200,-1.370 24.836077100,-34.196665300,-1.340 24.836077100,-34.196665200,-1.340 24.836077100,-34.196665200,-1.340 24.836077100,-34.196665200,-1.340 24.836077100,-34.196665200,-1.320 24.836077100,-34.196665200,-1.320 24.836077100,-34.196665200,-1.320 24.836077000,-34.196665200,-1.320 24.836077000,-34.196665200,-1.300 24.836077000,-34.196665100,-1.300 24.836077000,-34.196665100,-1.300 24.836077000,-34.196665100,-1.300 24.836076900,-34.196665100,-1.390 24.836076900,-34.196665100,-1.390 24.836076900,-34.196665000,-1.390 24.836076900,-34.196665000,-1.390 24.836077100,-34.196665300,-1.350 24.836077100,-34.196665300,-1.350 24.836077100,-34.196665300,-1.350 24.836077200,-34.196665300,-1.350 24.836077200,-34.196665300,-1.360 24.836077200,-34.196665300,-1.360 24.836077200,-34.196665300,-1.360 24.836077200,-34.196665300,-1.360 24.836077100,-34.196665200,-1.420 24.836077000,-34.196665200,-1.420 24.836077000,-34.196665200,-1.420 24.836077000,-34.196665300,-1.420 24.836077000,-34.196665300,-1.310 24.836077000,-34.196665300,-1.310 24.836076900,-34.196665300,-1.310 24.836076900,-34.196665300,-1.310 24.836077000,-34.196665300,-1.350 24.836077000,-34.196665300,-1.350 24.836077000,-34.196665300,-1.350 24.836077000,-34.196665300,-1.350 24.836077000,-34.196665300,-1.390 24.836077000,-34.196665400,-1.390 24.836077000,-34.196665400,-1.390 24.836077000,-34.196665400,-1.390 24.836077000,-34.196665400,-1.460 24.836077100,-34.196665200,-1.460 24.836077200,-34.196665200,-1.460 24.836077200,-34.196665200,-1.460 24.836077200,-34.196665200,-1.450 24.836077200,-34.196665300,-1.450 24.836077200,-34.196665300,-1.450 24.836077300,-34.196665300,-1.450 24.836077100,-34.196665100,-1.430 24.836077100,-34.196665100,-1.430 24.836077100,-34.196665000,-1.430 24.836077100,-34.196665000,-1.430 24.836077100,-34.196665000,-0.510 24.836077100,-34.196665000,-0.510 24.836077100,-34.196665000,-0.510 24.836077100,-34.196665000,-0.510 24.836077200,-34.196664900,-0.330 24.836077200,-34.196664900,-0.330 24.836077200,-34.196664900,-0.330 24.836077200,-34.196664800,-0.330 24.836077200,-34.196664800,-0.380 24.836077200,-34.196664800,-0.380 24.836077200,-34.196664800,-0.380 24.836077300,-34.196664700,-0.380 24.836077300,-34.196665200,-0.440 24.836077300,-34.196665200,-0.440 24.836077300,-34.196665200,-0.440 24.836077300,-34.196665200,-0.440 24.836077300,-34.196665200,-0.340 24.836077300,-34.196665200,-0.340 24.836077300,-34.196665100,-0.340 24.836077300,-34.196665100,-0.340 24.836077400,-34.196665300,-0.370 24.836077400,-34.196665400,-0.370 24.836077400,-34.196665400,-0.370 24.836077400,-34.196665400,-0.370 24.836077400,-34.196665400,-0.480 24.836077400,-34.196665400,-0.480 24.836077400,-34.196665500,-0.480 24.836077400,-34.196665500,-0.480 24.836077400,-34.196665500,-0.480 24.836077400,-34.196665400,-0.480 24.836077400,-34.196665400,-0.480 24.836077300,-34.196665400,-0.480 24.836077300,-34.196665400,-0.450 24.836077300,-34.196665400,-0.450 24.836077300,-34.196665400,-0.450 24.836077300,-34.196665400,-0.450 24.836077300,-34.196665300,-0.390 24.836077300,-34.196665300,-0.390 24.836077300,-34.196665200,-0.390 24.836077300,-34.196665200,-0.390 24.836077300,-34.196665100,-0.480 24.836077300,-34.196665100,-0.480 24.836077300,-34.196665100,-0.480 24.836077300,-34.196665000,-0.480 24.836077300,-34.196665300,-0.390 24.836077300,-34.196665300,-0.390 24.836077300,-34.196665300,-0.390 24.836077300,-34.196665300,-0.390 24.836077300,-34.196665300,-0.360 24.836077300,-34.196665200,-0.360 24.836077300,-34.196665200,-0.360 24.836077300,-34.196665200,-0.360 24.836077200,-34.196665300,-0.290 24.836077100,-34.196665300,-0.290 24.836077100,-34.196665300,-0.290 24.836077100,-34.196665300,-0.290 24.836077100,-34.196665300,-0.370 24.836077100,-34.196665300,-0.370 24.836077100,-34.196665300,-0.370 24.836077000,-34.196665300,-0.370 24.836077300,-34.196665500,-0.440 24.836077300,-34.196665500,-0.440 24.836077400,-34.196665500,-0.440 24.836077400,-34.196665500,-0.440 24.836077400,-34.196665500,-0.500 24.836077400,-34.196665500,-0.500 24.836077400,-34.196665500,-0.500 24.836077500,-34.196665600,-0.500 24.836077500,-34.196665600,-0.520 24.836077500,-34.196665500,-0.520 24.836077500,-34.196665400,-0.520 24.836077500,-34.196665400,-0.520 24.836077500,-34.196665400,-0.370 24.836077500,-34.196665300,-0.370 24.836077500,-34.196665300,-0.370 24.836077500,-34.196665200,-0.370 24.836077200,-34.196665500,-0.400 24.836077200,-34.196665500,-0.400 24.836077200,-34.196665500,-0.400 24.836077100,-34.196665500,-0.400 24.836077100,-34.196665500,-0.440 24.836077000,-34.196665500,-0.440 24.836077000,-34.196665500,-0.440 24.836076900,-34.196665500,-0.440 24.836077300,-34.196665600,-0.400 24.836077300,-34.196665600,-0.400 24.836077300,-34.196665600,-0.400 24.836077300,-34.196665600,-0.400 24.836077300,-34.196665600,-0.440 24.836077300,-34.196665500,-0.440 24.836077300,-34.196665500,-0.440 24.836077300,-34.196665500,-0.440 24.836077400,-34.196665700,-0.440 24.836077400,-34.196665700,-0.440 24.836077400,-34.196665600,-0.440 24.836077400,-34.196665600,-0.440 24.836077400,-34.196665600,-0.420 24.836077400,-34.196665600,-0.420 24.836077400,-34.196665600,-0.420 24.836077400,-34.196665500,-0.420 24.836077400,-34.196665700,-0.470 24.836077400,-34.196665700,-0.470 24.836077400,-34.196665700,-0.470 24.836077400,-34.196665700,-0.470 24.836077400,-34.196665700,-0.480 24.836077400,-34.196665700,-0.480 24.836077400,-34.196665700,-0.480 24.836077300,-34.196665700,-0.480 24.836077300,-34.196665700,-0.440 24.836077400,-34.196665900,-0.440 24.836077400,-34.196665900,-0.440 24.836077400,-34.196665900,-0.440 24.836077400,-34.196665900,-0.460 24.836077400,-34.196665900,-0.460 24.836077400,-34.196665900,-0.460 24.836077400,-34.196666000,-0.460 24.836077500,-34.196665800,-0.420 24.836077500,-34.196665800,-0.420 24.836077500,-34.196665800,-0.420 24.836077500,-34.196665800,-0.420 24.836077500,-34.196665700,-0.420 24.836077500,-34.196665700,-0.420 24.836077500,-34.196665700,-0.420 24.836077500,-34.196665700,-0.420 24.836077500,-34.196665900,-0.410 24.836077500,-34.196665900,-0.410 24.836077500,-34.196665900,-0.410 24.836077500,-34.196665900,-0.410 24.836077500,-34.196665900,-0.480 24.836077600,-34.196665900,-0.480 24.836077600,-34.196665900,-0.480 24.836077600,-34.196665900,-0.480 24.836077700,-34.196666100,-0.440 24.836077700,-34.196666100,-0.440 24.836077700,-34.196666100,-0.440 24.836077700,-34.196666100,-0.440 24.836077700,-34.196666100,-0.430 24.836077700,-34.196666100,-0.430 24.836077700,-34.196666000,-0.430 24.836077800,-34.196666000,-0.430 24.836077700,-34.196666000,-0.450 24.836077700,-34.196666000,-0.450 24.836077700,-34.196666000,-0.450 24.836077700,-34.196666000,-0.450 24.836077700,-34.196666000,-0.480 24.836077700,-34.196665900,-0.480 24.836077700,-34.196665900,-0.480 24.836077700,-34.196665900,-0.480 24.836077700,-34.196665900,-0.420 24.836078000,-34.196666500,-0.420 24.836078000,-34.196666500,-0.420 24.836078100,-34.196666600,-0.420 24.836078100,-34.196666600,-0.510 24.836078100,-34.196666700,-0.510 24.836078200,-34.196666700,-0.510 24.836078200,-34.196666700,-0.510 24.836078100,-34.196666600,-0.490 24.836078100,-34.196666600,-0.490 24.836078100,-34.196666600,-0.490 24.836078100,-34.196666600,-0.490 24.836078100,-34.196666600,-0.440 24.836078100,-34.196666600,-0.440 24.836078100,-34.196666600,-0.440 24.836078100,-34.196666600,-0.440 24.836078200,-34.196666700,-0.410 24.836078200,-34.196666700,-0.410 24.836078200,-34.196666700,-0.410 24.836078200,-34.196666700,-0.410 24.836078200,-34.196666700,-0.460 24.836078200,-34.196666700,-0.460 24.836078200,-34.196666700,-0.460 24.836078200,-34.196666700,-0.460 24.836078300,-34.196666900,-0.570 24.836078300,-34.196666900,-0.570 24.836078300,-34.196666900,-0.570 24.836078300,-34.196666900,-0.570 24.836078300,-34.196666900,-0.570 24.836078300,-34.196666900,-0.570 24.836078300,-34.196666900,-0.570 24.836078300,-34.196666900,-0.570 24.836078400,-34.196667000,-0.490 24.836078400,-34.196667000,-0.490 24.836078400,-34.196667000,-0.490 24.836078400,-34.196667000,-0.490 24.836078400,-34.196667000,-0.500 24.836078400,-34.196666900,-0.500 24.836078400,-34.196666900,-0.500 24.836078400,-34.196666900,-0.500 24.836078400,-34.196666900,-0.510 24.836078500,-34.196667100,-0.510 24.836078500,-34.196667100,-0.510 24.836078500,-34.196667100,-0.510 24.836078500,-34.196667100,-0.470 24.836078500,-34.196667100,-0.470 24.836078500,-34.196667100,-0.470 24.836078500,-34.196667100,-0.470 24.836078400,-34.196667100,-0.470 24.836078400,-34.196667100,-0.470 24.836078400,-34.196667100,-0.470 24.836078300,-34.196667100,-0.470 24.836078300,-34.196667100,-0.520 24.836078300,-34.196667100,-0.520 24.836078300,-34.196667100,-0.520 24.836078300,-34.196667100,-0.520 24.836078400,-34.196667400,-0.420 24.836078400,-34.196667400,-0.420 24.836078400,-34.196667400,-0.420 24.836078400,-34.196667500,-0.420 24.836078400,-34.196667500,-0.490 24.836078400,-34.196667500,-0.490 24.836078300,-34.196667600,-0.490 24.836078300,-34.196667600,-0.490 24.836078400,-34.196667500,-0.370 24.836078400,-34.196667500,-0.370 24.836078400,-34.196667500,-0.370 24.836078400,-34.196667600,-0.370 24.836078400,-34.196667600,-0.420 24.836078400,-34.196667600,-0.420 24.836078300,-34.196667600,-0.420 24.836078300,-34.196667600,-0.420 24.836078300,-34.196667500,-0.460 24.836078300,-34.196667500,-0.460 24.836078300,-34.196667500,-0.460 24.836078300,-34.196667500,-0.460 24.836078200,-34.196667500,-0.490 24.836078200,-34.196667500,-0.490 24.836078200,-34.196667500,-0.490 24.836078200,-34.196667500,-0.490 24.836078200,-34.196667500,-0.470 24.836078500,-34.196667600,-0.470 24.836078500,-34.196667600,-0.470 24.836078500,-34.196667600,-0.470 24.836078500,-34.196667600,-0.530 24.836078500,-34.196667600,-0.530 24.836078600,-34.196667600,-0.530 24.836078600,-34.196667600,-0.530 24.836078500,-34.196667700,-0.480 24.836078500,-34.196667700,-0.480 24.836078500,-34.196667800,-0.480 24.836078500,-34.196667800,-0.480 24.836078500,-34.196667800,0.320 24.836078400,-34.196667800,0.320 24.836078400,-34.196667800,0.320 24.836078400,-34.196667800,0.320 24.836078500,-34.196667900,0.360 24.836078500,-34.196667900,0.360 24.836078500,-34.196667900,0.360 24.836078500,-34.196667900,0.360 24.836078500,-34.196667900,0.430 24.836078500,-34.196668000,0.430 24.836078500,-34.196668000,0.430 24.836078500,-34.196668000,0.430 24.836078500,-34.196667900,0.420 24.836078500,-34.196667900,0.420 24.836078500,-34.196668000,0.420 24.836078500,-34.196668000,0.420 24.836078500,-34.196668000,0.360 24.836078500,-34.196668000,0.360 24.836078500,-34.196668000,0.360 24.836078500,-34.196668000,0.360 24.836078500,-34.196668000,0.390 24.836078500,-34.196668000,0.390 24.836078500,-34.196668000,0.390 24.836078400,-34.196668100,0.390 24.836078400,-34.196668100,0.420 24.836078400,-34.196668100,0.420 24.836078400,-34.196668100,0.420 24.836078400,-34.196668100,0.420 24.836078400,-34.196668100,0.410 24.836078500,-34.196668000,0.410 24.836078500,-34.196668000,0.410 24.836078500,-34.196668000,0.410 24.836078500,-34.196668000,0.450 24.836078500,-34.196668000,0.450 24.836078500,-34.196667900,0.450 24.836078500,-34.196667900,0.450 24.836078400,-34.196667900,0.450 24.836078400,-34.196667900,0.450 24.836078400,-34.196667900,0.450 24.836078400,-34.196667900,0.450 24.836078300,-34.196667900,0.410 24.836078300,-34.196667900,0.410 24.836078300,-34.196667900,0.410 24.836078300,-34.196667900,0.410 24.836078400,-34.196667900,0.390 24.836078400,-34.196667900,0.390 24.836078400,-34.196667900,0.390 24.836078400,-34.196667900,0.390 24.836078400,-34.196668000,0.430 24.836078400,-34.196668000,0.430 24.836078400,-34.196668000,0.430 24.836078400,-34.196668000,0.430 24.836078400,-34.196667700,0.460 24.836078400,-34.196667700,0.460 24.836078400,-34.196667700,0.460 24.836078400,-34.196667600,0.460 24.836078400,-34.196667600,0.420 24.836078400,-34.196667600,0.420 24.836078400,-34.196667600,0.420 24.836078400,-34.196667600,0.420 24.836078200,-34.196667600,0.450 24.836078200,-34.196667600,0.450 24.836078200,-34.196667600,0.450 24.836078200,-34.196667600,0.450 24.836078200,-34.196667600,0.380 24.836078100,-34.196667600,0.380 24.836078100,-34.196667600,0.380 24.836078100,-34.196667600,0.380 24.836078100,-34.196667600,0.460 24.836078300,-34.196667600,0.460 24.836078300,-34.196667600,0.460 24.836078300,-34.196667500,0.460 24.836078300,-34.196667500,0.430 24.836078300,-34.196667500,0.430 24.836078300,-34.196667500,0.430 24.836078300,-34.196667500,0.430 24.836078500,-34.196667500,0.400 24.836078500,-34.196667500,0.400 24.836078600,-34.196667500,0.400 24.836078600,-34.196667500,0.400 24.836078600,-34.196667400,0.400 24.836078700,-34.196667400,0.400 24.836078700,-34.196667400,0.400 24.836078700,-34.196667400,0.400 24.836078300,-34.196667400,0.490 24.836078300,-34.196667400,0.490 24.836078300,-34.196667400,0.490 24.836078300,-34.196667500,0.490 24.836078200,-34.196667500,0.430 24.836078200,-34.196667500,0.430 24.836078200,-34.196667500,0.430 24.836078200,-34.196667500,0.430 24.836078400,-34.196667600,0.430 24.836078400,-34.196667600,0.430 24.836078400,-34.196667600,0.430 24.836078400,-34.196667600,0.430 24.836078400,-34.196667600,0.470 24.836078400,-34.196667600,0.470 24.836078400,-34.196667600,0.470 24.836078400,-34.196667600,0.470 24.836078300,-34.196667700,0.500 24.836078300,-34.196667700,0.500 24.836078300,-34.196667700,0.500 24.836078200,-34.196667700,0.500 24.836078200,-34.196667700,0.540 24.836078200,-34.196667700,0.540 24.836078200,-34.196667700,0.540 24.836078200,-34.196667700,0.540 24.836078200,-34.196667700,0.410 24.836078300,-34.196667700,0.410 24.836078300,-34.196667700,0.410 24.836078300,-34.196667700,0.410 24.836078300,-34.196667700,0.410 24.836078300,-34.196667700,0.410 24.836078300,-34.196667700,0.410 24.836078300,-34.196667700,0.410 24.836078300,-34.196667800,0.500 24.836078300,-34.196667800,0.500 24.836078300,-34.196667800,0.500 24.836078300,-34.196667800,0.500 24.836078300,-34.196667900,0.400 24.836078300,-34.196667900,0.400 24.836078300,-34.196667900,0.400 24.836078300,-34.196667900,0.400 24.836078200,-34.196667800,0.420 24.836078200,-34.196667800,0.420 24.836078200,-34.196667800,0.420 24.836078200,-34.196667800,0.420 24.836078200,-34.196667800,0.410 24.836078200,-34.196667800,0.410 24.836078200,-34.196667900,0.410 24.836078200,-34.196667900,0.410 24.836078200,-34.196668000,0.430 24.836078200,-34.196668000,0.430 24.836078300,-34.196668000,0.430 24.836078300,-34.196668000,0.430 24.836078300,-34.196668000,0.500 24.836078300,-34.196668000,0.500 24.836078300,-34.196668000,0.500 24.836078400,-34.196668100,0.500 24.836078200,-34.196667800,0.390 24.836078200,-34.196667800,0.390 24.836078200,-34.196667800,0.390 24.836078200,-34.196667800,0.390 24.836078200,-34.196667800,0.410 24.836078200,-34.196667800,0.410 24.836078200,-34.196667800,0.410 24.836078200,-34.196667800,0.410 24.836078200,-34.196667800,0.430 24.836078200,-34.196667900,0.430 24.836078200,-34.196667900,0.430 24.836078200,-34.196667900,0.430 24.836078200,-34.196667900,0.470 24.836078200,-34.196667900,0.470 24.836078200,-34.196668000,0.470 24.836078200,-34.196668000,0.470 24.836078400,-34.196668000,0.490 24.836078400,-34.196668000,0.490 24.836078400,-34.196668000,0.490 24.836078400,-34.196668100,0.490 24.836078400,-34.196668100,0.420 24.836078500,-34.196668100,0.420 24.836078500,-34.196668100,0.420 24.836078500,-34.196668100,0.420 24.836078200,-34.196668100,0.420 24.836078200,-34.196668100,0.420 24.836078100,-34.196668100,0.420 24.836078100,-34.196668100,0.420 24.836078100,-34.196668100,0.460 24.836078000,-34.196668100,0.460 24.836078000,-34.196668100,0.460 24.836078000,-34.196668100,0.460 24.836078100,-34.196668000,0.470 24.836078100,-34.196668000,0.470 24.836078100,-34.196668000,0.470 24.836078100,-34.196668000,0.470 24.836078100,-34.196668000,0.470 24.836078100,-34.196668000,0.470 24.836078100,-34.196668000,0.470 24.836078100,-34.196668000,0.470 24.836078200,-34.196668200,0.400 24.836078200,-34.196668200,0.400 24.836078200,-34.196668200,0.400 24.836078300,-34.196668200,0.400 24.836078300,-34.196668200,0.490 24.836078300,-34.196668200,0.490 24.836078300,-34.196668100,0.490 24.836078300,-34.196668100,0.490 24.836078300,-34.196668100,0.530 24.836078300,-34.196668300,0.530 24.836078300,-34.196668300,0.530 24.836078300,-34.196668300,0.530 24.836078300,-34.196668300,0.470 24.836078300,-34.196668300,0.470 24.836078300,-34.196668300,0.470 24.836078300,-34.196668300,0.470 24.836078400,-34.196668300,0.470 24.836078400,-34.196668300,0.470 24.836078400,-34.196668300,0.470 24.836078400,-34.196668300,0.470 24.836078400,-34.196668300,0.430 24.836078400,-34.196668300,0.430 24.836078500,-34.196668300,0.430 24.836078500,-34.196668300,0.430 24.836078600,-34.196668300,0.480 24.836078600,-34.196668300,0.480 24.836078600,-34.196668300,0.480 24.836078700,-34.196668200,0.480 24.836078700,-34.196668200,0.530 24.836078700,-34.196668200,0.530 24.836078700,-34.196668200,0.530 24.836078800,-34.196668200,0.530 24.836078600,-34.196668200,0.420 24.836078600,-34.196668200,0.420 24.836078600,-34.196668200,0.420 24.836078600,-34.196668200,0.420 24.836078600,-34.196668200,0.470 24.836078600,-34.196668200,0.470 24.836078600,-34.196668200,0.470 24.836078600,-34.196668200,0.470 24.836078600,-34.196667900,0.410 24.836078600,-34.196667800,0.410 24.836078600,-34.196667800,0.410 24.836078600,-34.196667800,0.410 24.836078500,-34.196667700,0.500 24.836078500,-34.196667700,0.500 24.836078500,-34.196667700,0.500 24.836078500,-34.196667600,0.500 24.836078500,-34.196667600,0.480 24.836078500,-34.196667800,0.480 24.836078500,-34.196667800,0.480 24.836078500,-34.196667800,0.480 24.836078500,-34.196667800,0.390 24.836078400,-34.196667800,0.390 24.836078400,-34.196667800,0.390 24.836078400,-34.196667800,0.390 24.836078400,-34.196667700,0.500 24.836078400,-34.196667700,0.500 24.836078400,-34.196667700,0.500 24.836078400,-34.196667700,0.500 24.836078300,-34.196667700,0.500 24.836078300,-34.196667700,0.500 24.836078300,-34.196667700,0.500 24.836078300,-34.196667700,0.500 24.836078300,-34.196667600,0.420 24.836078200,-34.196667600,0.420 24.836078200,-34.196667600,0.420 24.836078200,-34.196667600,0.420 24.836078200,-34.196667600,0.510 24.836078200,-34.196667600,0.510 24.836078100,-34.196667600,0.510 24.836078100,-34.196667500,0.510 24.836078200,-34.196667900,0.550 24.836078200,-34.196667900,0.550 24.836078200,-34.196667900,0.550 24.836078200,-34.196668000,0.550 24.836078200,-34.196668000,0.530 24.836078200,-34.196668000,0.530 24.836078200,-34.196668000,0.530 24.836078200,-34.196668100,0.530 24.836078300,-34.196667800,0.530 24.836078400,-34.196667800,0.530 24.836078400,-34.196667800,0.530 24.836078400,-34.196667700,0.530 24.836078400,-34.196667700,0.560 24.836078400,-34.196667700,0.560 24.836078500,-34.196667700,0.560 24.836078500,-34.196667700,0.560 24.836078500,-34.196667700,0.570 24.836078400,-34.196667800,0.570 24.836078400,-34.196667900,0.570 24.836078400,-34.196667900,0.570 24.836078400,-34.196667900,0.620 24.836078400,-34.196667900,0.620 24.836078400,-34.196667900,0.620 24.836078400,-34.196668000,0.620 24.836078200,-34.196667400,0.600 24.836078100,-34.196667400,0.600 24.836078100,-34.196667400,0.600 24.836078000,-34.196667400,0.600 24.836078000,-34.196667400,0.640 24.836078000,-34.196667400,0.640 24.836077900,-34.196667400,0.640 24.836077900,-34.196667400,0.640 24.836078200,-34.196667200,0.660 24.836078100,-34.196667200,0.660 24.836078100,-34.196667200,0.660 24.836078100,-34.196667200,0.660 24.836078100,-34.196667200,0.620 24.836078100,-34.196667200,0.620 24.836078000,-34.196667200,0.620 24.836078000,-34.196667200,0.620 24.836078000,-34.196667300,0.550 24.836078000,-34.196667300,0.550 24.836078000,-34.196667300,0.550</coordinates></LineString></Placemark>
</Document></kml>