{"type": "FeatureCollection", "crs": {"type": "name", "properties": {"name": "urn:ogc:def:crs:OGC:1.3:CRS84"}}, "features": [{"type": "Feature", "geometry": {"type": "LineString", "coordinates": [[24.836077, -34.1966584, 0.59], [24.836077, -34.1966584, 0.59], [24.836077, -34.1966581, 0.58], [24.836077, -34.1966581, 0.58], [24.836077, -34.1966581, 0.58], [24.836077, -34.1966581, 0.58], [24.8360769, -34.1966581, 0.63], [24.8360769, -34.196658, 0.63], [24.8360769, -34.196658, 0.63], [24.8360769, -34.196658, 0.63], [24.8360769, -34.196658, 0.55], [24.8360769, -34.1966579, 0.55], [24.8360769, -34.1966578, 0.55], [24.8360769, -34.1966578, 0.55], [24.8360769, -34.1966578, 0.59], [24.8360769, -34.1966578, 0.59], [24.8360769, -34.1966578, 0.59], [24.8360769, -34.1966577, 0.59], [24.8360769, -34.1966577, 0.51], [24.8360769, -34.1966577, 0.51], [24.8360769, -34.1966577, 0.51], [24.8360769, -34.1966576, 0.51], [24.836077, -34.1966576, -0.43], [24.836077, -34.1966576, -0.43], [24.836077, -34.1966576, -0.43], [24.836077, -34.1966576, -0.43], [24.836077, -34.1966576, -0.32], [24.8360771, -34.1966576, -0.32], [24.8360771, -34.1966576, -0.32], [24.8360771, -34.1966576, -0.32], [24.8360771, -34.1966576, -0.23], [24.8360771, -34.1966576, -0.23], [24.8360771, -34.1966577, -0.23], [24.8360772, -34.1966577, -0.23], [24.836077, -34.1966575, -0.29], [24.836077, -34.1966575, -0.29], [24.836077, -34.1966575, -0.29], [24.836077, -34.1966574, -0.29], [24.836077, -34.1966574, -0.29], [24.836077, -34.196657, -0.32], [24.836077, -34.196657, -0.32], [24.836077, -34.196657, -0.34], [24.836077, -34.1966569, -0.34], [24.836077, -34.1966569, -0.34], [24.836077, -34.1966569, -0.34], [24.8360771, -34.1966569, -0.36], [24.8360771, -34.1966569, -0.36], [24.8360771, -34.1966569, -0.36], [24.8360771, -34.1966569, -0.36], [24.8360771, -34.1966569, -0.3], [24.8360771, -34.1966569, -0.3], [24.8360771, -34.1966569, -0.3], [24.8360771, -34.1966569, -0.3], [24.8360771, -34.1966569, -0.3], [24.836077, -34.1966568, -0.3], [24.836077, -34.1966568, -0.3], [24.836077, -34.1966568, -0.3], [24.8360769, -34.1966568, -0.33], [24.8360769, -34.1966568, -0.33], [24.8360769, -34.1966568, -0.33], [24.8360769, -34.1966568, -0.33], [24.8360771, -34.1966567, -0.25], [24.8360771, -34.1966567, -0.25], [24.8360771, -34.1966567, -0.25], [24.8360771, -34.1966567, -0.25], [24.8360771, -34.1966567, -0.26], [24.8360771, -34.1966567, -0.26], [24.8360771, -34.1966567, -0.26], [24.8360772, -34.1966567, -0.26], [24.8360772, -34.1966565, -0.26], [24.8360772, -34.1966565, -0.26], [24.8360772, -34.1966565, -0.26], [24.8360772, -34.1966565, -0.26], [24.8360772, -34.1966565, -0.21], [24.8360772, -34.1966565, -0.21], [24.8360772, -34.1966565, -0.21], [24.8360772, -34.1966565, -0.21], [24.8360772, -34.1966564, -0.28], [24.8360772, -34.1966564, -0.28], [24.8360772, -34.1966564, -0.28], [24.8360772, -34.1966564, -0.28], [24.8360772, -34.1966565, -0.35], [24.8360772, -34.1966565, -0.35], [24.8360772, -34.1966565, -0.35], [24.8360772, -34.1966565, -0.35], [24.8360771, -34.1966564, -0.31], [24.8360771, -34.1966565, -0.31], [24.8360771, -34.1966565, -0.31], [24.836077, -34.1966565, -0.31], [24.836077, -34.1966565, -0.27], [24.836077, -34.1966565, -0.27], [24.836077, -34.1966565, -0.27], [24.836077, -34.1966566, -0.27], [24.836077, -34.1966566, -0.34], [24.8360771, -34.1966563, -0.34], [24.8360771, -34.1966563, -0.34], [24.8360771, -34.1966563, -0.34], [24.836077, -34.1966563, -0.23], [24.836077, -34.1966563, -0.23], [24.836077, -34.1966563, -0.23], [24.836077, -34.1966564, -0.23], [24.8360771, -34.1966562, -0.29], [24.8360772, -34.1966562, -0.29], [24.8360772, -34.1966562, -0.29], [24.8360772, -34.1966561, -0.29], [24.8360772, -34.1966561, -0.32], [24.8360772, -34.1966561, -0.32], [24.8360773, -34.1966561, -0.32], [24.8360773, -34.1966561, -0.32], [24.8360772, -34.1966561, -0.33], [24.8360772, -34.1966561, -0.33], [24.8360772, -34.1966561, -0.33], [24.8360772, -34.1966561, -0.33], [24.8360772, -34.1966562, -0.35], [24.8360772, -34.1966562, -0.35], [24.8360772, -34.1966562, -0.35], [24.8360771, -34.1966562, -0.35], [24.8360771, -34.1966561, -0.33], [24.8360771, -34.1966561, -0.33], [24.8360771, -34.1966562, -0.33], [24.8360771, -34.1966562, -0.33], [24.836077, -34.1966562, -0.32], [24.836077, -34.1966562, -0.32], [24.836077, -34.1966562, -0.32], [24.836077, -34.1966563, -0.32], [24.8360772, -34.196656, -0.3], [24.8360772, -34.196656, -0.3], [24.8360772, -34.196656, -0.3], [24.8360773, -34.196656, -0.3], [24.8360773, -34.196656, -0.34], [24.8360773, -34.196656, -0.34], [24.8360773, -34.196656, -0.34], [24.8360773, -34.196656, -0.34], [24.8360773, -34.196656, -0.31], [24.8360773, -34.196656, -0.31], [24.8360773, -34.196656, -0.31], [24.8360773, -34.196656, -0.31], [24.8360773, -34.1966561, -0.29], [24.8360773, -34.1966561, -0.29], [24.8360773, -34.1966561, -0.29], [24.8360773, -34.1966561, -0.29], [24.8360774, -34.1966559, -0.25], [24.8360774, -34.1966559, -0.25], [24.8360774, -34.1966559, -0.25], [24.8360774, -34.1966559, -0.25], [24.8360774, -34.1966559, -0.29], [24.8360774, -34.1966558, -0.29], [24.8360774, -34.1966558, -0.29], [24.8360774, -34.1966558, -0.29], [24.8360775, -34.1966556, -0.28], [24.8360775, -34.1966556, -0.28], [24.8360775, -34.1966556, -0.28], [24.8360776, -34.1966555, -0.28], [24.8360776, -34.1966555, -0.21], [24.8360776, -34.1966555, -0.21], [24.8360776, -34.1966555, -0.21], [24.8360776, -34.1966554, -0.21], [24.8360775, -34.1966555, -0.26], [24.8360774, -34.1966555, -0.26], [24.8360774, -34.1966555, -0.26], [24.8360774, -34.1966555, -0.26], [24.8360774, -34.1966555, -0.33], [24.8360774, -34.1966555, -0.33], [24.8360773, -34.1966555, -0.33], [24.8360773, -34.1966555, -0.33], [24.8360776, -34.1966551, -0.26], [24.8360776, -34.1966551, -0.26], [24.8360777, -34.1966551, -0.26], [24.8360777, -34.196655, -0.26], [24.8360778, -34.196655, -0.27], [24.8360778, -34.1966549, -0.27], [24.8360778, -34.1966549, -0.27], [24.8360779, -34.1966548, -0.27], [24.8360779, -34.1966548, -0.33], [24.8360776, -34.1966549, -0.33], [24.8360776, -34.1966549, -0.33], [24.8360776, -34.1966548, -0.33], [24.8360776, -34.1966548, -0.4], [24.8360776, -34.1966548, -0.4], [24.8360776, -34.1966548, -0.4], [24.8360776, -34.1966548, -0.4], [24.8360774, -34.1966547, -0.36], [24.8360774, -34.1966547, -0.36], [24.8360774, -34.1966547, -0.36], [24.8360774, -34.1966547, -0.36], [24.8360774, -34.1966547, -0.32], [24.8360773, -34.1966547, -0.32], [24.8360773, -34.1966547, -0.32], [24.8360773, -34.1966546, -0.32], [24.8360774, -34.1966546, -0.24], [24.8360774, -34.1966546, -0.24], [24.8360774, -34.1966546, -0.24], [24.8360774, -34.1966546, -0.24], [24.8360774, -34.1966546, -0.32], [24.8360774, -34.1966547, -0.32], [24.8360774, -34.1966547, -0.32], [24.8360774, -34.1966547, -0.32], [24.8360773, -34.1966544, -0.32], [24.8360773, -34.1966544, -0.32], [24.8360773, -34.1966544, -0.32], [24.8360773, -34.1966544, -0.32], [24.8360773, -34.1966544, -0.32], [24.8360773, -34.1966544, -0.32], [24.8360773, -34.1966544, -0.32], [24.8360773, -34.1966544, -0.32], [24.8360773, -34.1966543, -0.33], [24.8360773, -34.1966543, -0.33], [24.8360773, -34.1966543, -0.33], [24.8360773, -34.1966543, -0.33], [24.8360773, -34.1966544, -0.36], [24.8360773, -34.1966544, -0.36], [24.8360773, -34.1966544, -0.36], [24.8360773, -34.1966544, -0.36], [24.8360773, -34.1966544, -0.29], [24.8360773, -34.1966544, -0.29], [24.8360773, -34.1966542, -0.29], [24.8360773, -34.1966542, -0.29], [24.8360773, -34.1966542, -0.35], [24.8360773, -34.1966542, -0.35], [24.8360773, -34.1966542, -0.35], [24.8360773, -34.1966542, -0.35], [24.8360772, -34.1966543, -0.26], [24.8360772, -34.1966543, -0.26], [24.8360772, -34.1966543, -0.26], [24.8360771, -34.1966544, -0.26], [24.8360771, -34.1966544, -1.01], [24.8360771, -34.1966544, -1.01], [24.8360771, -34.1966544, -1.01], [24.8360771, -34.1966544, -1.01], [24.8360772, -34.1966541, -1.09], [24.8360772, -34.1966541, -1.09], [24.8360772, -34.1966541, -1.09], [24.8360772, -34.1966541, -1.09], [24.8360772, -34.1966541, -1.11], [24.8360772, -34.1966541, -1.11], [24.8360772, -34.1966541, -1.11], [24.8360772, -34.196654, -1.11], [24.8360773, -34.1966539, -1.07], [24.8360773, -34.1966539, -1.07], [24.8360773, -34.1966539, -1.07], [24.8360773, -34.1966539, -1.07], [24.8360773, -34.1966539, -1.07], [24.8360773, -34.1966539, -1.07], [24.8360773, -34.1966539, -1.07], [24.8360774, -34.1966539, -1.07], [24.8360774, -34.1966537, -1.06], [24.8360774, -34.1966537, -1.06], [24.8360774, -34.1966537, -1.06], [24.8360774, -34.1966537, -1.06], [24.8360774, -34.1966537, -1.06], [24.8360774, -34.1966536, -1.06], [24.8360774, -34.1966536, -1.06], [24.8360774, -34.1966536, -1.06], [24.8360774, -34.1966536, -1.06], [24.8360775, -34.1966536, -1.06], [24.8360775, -34.1966536, -1.06], [24.8360776, -34.1966536, -1.06], [24.8360776, -34.1966536, -1.1], [24.8360776, -34.1966536, -1.1], [24.8360776, -34.1966536, -1.1], [24.8360776, -34.1966536, -1.1], [24.8360775, -34.1966534, -1.02], [24.8360775, -34.1966534, -1.02], [24.8360775, -34.1966534, -1.02], [24.8360775, -34.1966534, -1.02], [24.8360775, -34.1966534, -1.04], [24.8360775, -34.1966534, -1.04], [24.8360775, -34.1966534, -1.04], [24.8360775, -34.1966534, -1.04], [24.8360775, -34.1966534, -0.98], [24.8360775, -34.1966534, -0.98], [24.8360775, -34.1966534, -0.98], [24.8360775, -34.1966535, -0.98], [24.8360775, -34.1966535, -1.12], [24.8360775, -34.1966535, -1.12], [24.8360775, -34.1966535, -1.12], [24.8360775, -34.1966535, -1.12], [24.8360775, -34.1966532, -1.15], [24.8360775, -34.1966532, -1.15], [24.8360775, -34.1966532, -1.15], [24.8360775, -34.1966531, -1.15], [24.8360775, -34.1966531, -1.11], [24.8360775, -34.1966531, -1.11], [24.8360775, -34.1966531, -1.11], [24.8360775, -34.196653, -1.11], [24.8360774, -34.1966532, -1.15], [24.8360774, -34.1966532, -1.15], [24.8360774, -34.1966532, -1.15], [24.8360773, -34.1966532, -1.15], [24.8360773, -34.1966532, -1.16], [24.8360773, -34.1966532, -1.16], [24.8360773, -34.1966532, -1.16], [24.8360773, -34.1966532, -1.16], [24.8360773, -34.1966533, -1.06], [24.8360773, -34.1966533, -1.06], [24.8360773, -34.1966529, -1.06], [24.8360773, -34.1966529, -1.06], [24.8360773, -34.1966529, -1.11], [24.8360773, -34.1966528, -1.11], [24.8360773, -34.1966528, -1.11], [24.8360773, -34.1966528, -1.11], [24.8360773, -34.1966527, -1.13], [24.8360773, -34.1966527, -1.13], [24.8360773, -34.1966526, -1.13], [24.8360773, -34.1966526, -1.13], [24.8360773, -34.1966526, -1.1], [24.8360773, -34.1966526, -1.1], [24.8360773, -34.1966526, -1.1], [24.8360773, -34.1966526, -1.1], [24.8360772, -34.1966525, -1.14], [24.8360772, -34.1966525, -1.14], [24.8360772, -34.1966525, -1.14], [24.8360772, -34.1966525, -1.14], [24.8360772, -34.1966525, -1.04], [24.8360772, -34.1966525, -1.04], [24.8360772, -34.1966524, -1.04], [24.8360772, -34.1966524, -1.04], [24.8360772, -34.1966523, -1.1], [24.8360772, -34.1966523, -1.1], [24.8360772, -34.1966523, -1.1], [24.8360772, -34.1966523, -1.1], [24.8360772, -34.1966523, -1.04], [24.8360772, -34.1966523, -1.04], [24.8360772, -34.1966523, -1.04], [24.8360772, -34.1966523, -1.04], [24.8360772, -34.196652, -1.01], [24.8360772, -34.196652, -1.01], [24.8360773, -34.196652, -1.01], [24.8360773, -34.1966519, -1.01], [24.8360773, -34.1966519, -1.06], [24.8360773, -34.1966519, -1.06], [24.8360773, -34.1966519, -1.06], [24.8360774, -34.1966518, -1.06], [24.8360774, -34.1966518, -1.14], [24.8360772, -34.1966517, -1.14], [24.8360772, -34.1966517, -1.14], [24.8360772, -34.1966516, -1.14], [24.8360772, -34.1966516, -1.13], [24.8360772, -34.1966516, -1.13], [24.8360772, -34.1966516, -1.13], [24.8360772, -34.1966515, -1.13], [24.8360772, -34.1966517, -1.06], [24.8360772, -34.1966517, -1.06], [24.8360772, -34.1966517, -1.06], [24.8360772, -34.1966517, -1.06], [24.8360772, -34.1966518, -1.05], [24.8360772, -34.1966518, -1.05], [24.8360772, -34.1966518, -1.05], [24.8360773, -34.1966518, -1.05], [24.8360774, -34.1966516, -0.96], [24.8360775, -34.1966516, -0.96], [24.8360775, -34.1966516, -0.96], [24.8360775, -34.1966515, -0.96], [24.8360775, -34.1966515, -1.03], [24.8360775, -34.1966515, -1.03], [24.8360776, -34.1966514, -1.03], [24.8360776, -34.1966514, -1.03], [24.8360774, -34.1966515, -1.05], [24.8360774, -34.1966515, -1.05], [24.8360773, -34.1966515, -1.05], [24.8360773, -34.1966515, -1.05], [24.8360773, -34.1966515, -1.17], [24.8360773, -34.1966515, -1.17], [24.8360773, -34.1966515, -1.17], [24.8360772, -34.1966515, -1.17], [24.8360773, -34.1966515, -1.18], [24.8360773, -34.1966515, -1.18], [24.8360773, -34.1966515, -1.18], [24.8360773, -34.1966515, -1.18], [24.8360774, -34.1966514, -1.17], [24.8360774, -34.1966514, -1.17], [24.8360774, -34.1966514, -1.17], [24.8360774, -34.1966514, -1.17], [24.8360774, -34.1966514, -1.08], [24.8360774, -34.1966513, -1.08], [24.8360774, -34.1966513, -1.08], [24.8360774, -34.1966513, -1.08], [24.8360774, -34.1966513, -1.07], [24.8360774, -34.1966513, -1.07], [24.8360774, -34.1966513, -1.07], [24.8360774, -34.1966513, -1.07], [24.8360775, -34.1966511, -1.16], [24.8360775, -34.1966511, -1.16], [24.8360775, -34.1966511, -1.16], [24.8360775, -34.196651, -1.16], [24.8360775, -34.196651, -1.19], [24.8360775, -34.196651, -1.19], [24.8360775, -34.196651, -1.19], [24.8360775, -34.1966509, -1.19], [24.8360775, -34.1966509, -1.08], [24.8360775, -34.1966509, -1.08], [24.8360775, -34.1966509, -1.08], [24.8360775, -34.196651, -1.08], [24.8360775, -34.196651, -1.11], [24.8360775, -34.196651, -1.11], [24.8360775, -34.196651, -1.11], [24.8360776, -34.196651, -1.11], [24.8360775, -34.1966509, -1.09], [24.8360775, -34.1966509, -1.09], [24.8360775, -34.1966509, -1.09], [24.8360774, -34.1966509, -1.09], [24.8360774, -34.1966509, -1.11], [24.8360774, -34.1966509, -1.11], [24.8360774, -34.1966509, -1.11], [24.8360774, -34.1966509, -1.11], [24.8360774, -34.1966508, -1.1], [24.8360774, -34.1966508, -1.1], [24.8360774, -34.1966508, -1.1], [24.8360773, -34.1966508, -1.1], [24.8360773, -34.1966508, -1.1], [24.8360773, -34.1966508, -1.1], [24.8360773, -34.1966508, -1.1], [24.8360773, -34.1966508, -1.1], [24.8360773, -34.1966508, -1.11], [24.8360774, -34.1966507, -1.11], [24.8360774, -34.1966506, -1.11], [24.8360775, -34.1966506, -1.11], [24.8360775, -34.1966506, -1.09], [24.8360775, -34.1966506, -1.09], [24.8360775, -34.1966506, -1.09], [24.8360775, -34.1966505, -1.09], [24.8360774, -34.1966508, -1.13], [24.8360774, -34.1966508, -1.13], [24.8360773, -34.1966508, -1.13], [24.8360773, -34.1966509, -1.13], [24.8360773, -34.1966509, -1.05], [24.8360773, -34.1966509, -1.05], [24.8360773, -34.196651, -1.05], [24.8360773, -34.196651, -1.05], [24.8360773, -34.1966508, -1.08], [24.8360773, -34.1966508, -1.08], [24.8360773, -34.1966508, -1.08], [24.8360773, -34.1966508, -1.08], [24.8360773, -34.1966508, -1.13], [24.8360773, -34.1966508, -1.13], [24.8360773, -34.1966508, -1.13], [24.8360773, -34.1966508, -1.13], [24.8360774, -34.1966507, -1.17], [24.8360774, -34.1966507, -1.17], [24.8360774, -34.1966507, -1.17], [24.8360775, -34.1966507, -1.17], [24.8360775, -34.1966507, -1.11], [24.8360775, -34.1966507, -1.11], [24.8360775, -34.1966507, -1.11], [24.8360775, -34.1966507, -1.11], [24.8360776, -34.1966507, -1.13], [24.8360776, -34.1966507, -1.13], [24.8360776, -34.1966507, -1.13], [24.8360776, -34.1966507, -1.13], [24.8360777, -34.1966507, -1.09], [24.8360777, -34.1966507, -1.09], [24.8360777, -34.1966507, -1.09], [24.8360777, -34.1966507, -1.09], [24.8360778, -34.1966507, -1.03], [24.8360775, -34.1966506, -1.03], [24.8360775, -34.1966506, -1.03], [24.8360775, -34.1966506, -1.03], [24.8360775, -34.1966506, -1.1], [24.8360775, -34.1966506, -1.1], [24.8360775, -34.1966506, -1.1], [24.8360775, -34.1966505, -1.1], [24.8360775, -34.1966506, -1.15], [24.8360775, -34.1966506, -1.15], [24.8360775, -34.1966506, -1.15], [24.8360775, -34.1966506, -1.15], [24.8360775, -34.1966506, -1.5], [24.8360775, -34.1966506, -1.5], [24.8360775, -34.1966507, -1.5], [24.8360775, -34.1966507, -1.5], [24.8360774, -34.1966506, -1.43], [24.8360774, -34.1966506, -1.43], [24.8360774, -34.1966506, -1.43], [24.8360774, -34.1966506, -1.43], [24.8360774, -34.1966506, -1.43], [24.8360774, -34.1966506, -1.43], [24.8360773, -34.1966506, -1.43], [24.8360773, -34.1966506, -1.43], [24.8360773, -34.1966506, -1.53], [24.8360773, -34.1966506, -1.53], [24.8360773, -34.1966506, -1.53], [24.8360773, -34.1966506, -1.53], [24.8360773, -34.1966506, -1.42], [24.8360773, -34.1966506, -1.42], [24.8360773, -34.1966506, -1.42], [24.8360773, -34.1966507, -1.42], [24.8360772, -34.1966506, -1.48], [24.8360772, -34.1966506, -1.48], [24.8360772, -34.1966506, -1.48], [24.8360772, -34.1966506, -1.48], [24.8360772, -34.1966506, -1.46], [24.8360772, -34.1966506, -1.46], [24.8360772, -34.1966506, -1.46], [24.8360773, -34.1966506, -1.46], [24.8360773, -34.1966506, -1.51], [24.8360772, -34.1966503, -1.51], [24.8360773, -34.1966502, -1.51], [24.8360773, -34.1966502, -1.51], [24.8360773, -34.1966502, -1.45], [24.8360773, -34.1966502, -1.45], [24.8360773, -34.1966502, -1.45], [24.8360774, -34.1966501, -1.45], [24.8360774, -34.19665, -1.41], [24.8360774, -34.19665, -1.41], [24.8360774, -34.19665, -1.41], [24.8360775, -34.1966499, -1.41], [24.8360775, -34.1966499, -1.39], [24.8360775, -34.1966499, -1.39], [24.8360775, -34.1966499, -1.39], [24.8360776, -34.1966499, -1.39], [24.8360773, -34.1966499, -1.45], [24.8360773, -34.1966499, -1.45], [24.8360773, -34.1966499, -1.45], [24.8360773, -34.1966499, -1.45], [24.8360773, -34.1966499, -1.45], [24.8360773, -34.1966499, -1.45], [24.8360773, -34.1966499, -1.45], [24.8360773, -34.1966499, -1.45], [24.8360771, -34.1966499, -1.48], [24.8360771, -34.1966499, -1.48], [24.836077, -34.1966499, -1.48], [24.836077, -34.1966499, -1.48], [24.836077, -34.1966499, -1.36], [24.836077, -34.19665, -1.36], [24.836077, -34.19665, -1.36], [24.8360769, -34.19665, -1.36], [24.836077, -34.1966498, -1.42], [24.836077, -34.1966498, -1.42], [24.836077, -34.1966499, -1.42], [24.836077, -34.1966499, -1.42], [24.836077, -34.1966499, -1.47], [24.836077, -34.1966499, -1.47], [24.836077, -34.1966499, -1.47], [24.836077, -34.1966499, -1.47], [24.836077, -34.19665, -1.37], [24.836077, -34.1966498, -1.37], [24.836077, -34.1966498, -1.37], [24.836077, -34.1966498, -1.37], [24.836077, -34.1966498, -1.34], [24.836077, -34.1966498, -1.34], [24.836077, -34.1966498, -1.34], [24.836077, -34.1966498, -1.34], [24.8360769, -34.1966497, -1.35], [24.8360769, -34.1966497, -1.35], [24.8360769, -34.1966497, -1.35], [24.8360769, -34.1966497, -1.35], [24.8360768, -34.1966497, -1.39], [24.8360768, -34.1966497, -1.39], [24.8360768, -34.1966497, -1.39], [24.8360768, -34.1966497, -1.39], [24.836077, -34.1966497, -1.34], [24.836077, -34.1966497, -1.34], [24.836077, -34.1966497, -1.34], [24.836077, -34.1966496, -1.34], [24.836077, -34.1966496, -1.38], [24.8360771, -34.1966496, -1.38], [24.8360771, -34.1966496, -1.38], [24.8360771, -34.1966496, -1.38], [24.8360769, -34.1966496, -1.37], [24.8360769, -34.1966496, -1.37], [24.8360769, -34.1966496, -1.37], [24.8360769, -34.1966496, -1.37], [24.8360769, -34.1966496, -1.41], [24.8360769, -34.1966496, -1.41], [24.8360769, -34.1966496, -1.41], [24.8360769, -34.1966496, -1.41], [24.8360769, -34.1966496, -1.41], [24.8360769, -34.1966496, -1.41], [24.8360769, -34.1966496, -1.41], [24.8360769, -34.1966496, -1.41], [24.8360769, -34.1966496, -1.31], [24.8360769, -34.1966496, -1.31], [24.8360769, -34.1966496, -1.31], [24.8360769, -34.1966496, -1.31], [24.8360769, -34.1966496, -1.44], [24.8360768, -34.1966497, -1.44], [24.8360768, -34.1966497, -1.44], [24.8360768, -34.1966497, -1.44], [24.8360768, -34.1966497, -1.4], [24.8360768, -34.1966497, -1.4], [24.8360768, -34.1966497, -1.4], [24.8360768, -34.1966497, -1.4], [24.8360768, -34.1966497, -1.36], [24.8360768, -34.1966496, -1.36], [24.8360768, -34.1966496, -1.36], [24.8360768, -34.1966496, -1.36], [24.8360768, -34.1966496, -1.39], [24.8360768, -34.1966496, -1.39], [24.8360768, -34.1966496, -1.39], [24.8360768, -34.1966495, -1.39], [24.8360768, -34.1966494, -1.42], [24.8360769, -34.1966494, -1.42], [24.8360769, -34.1966494, -1.42], [24.8360769, -34.1966493, -1.42], [24.8360769, -34.1966493, -1.4], [24.8360769, -34.1966493, -1.4], [24.836077, -34.1966493, -1.4], [24.836077, -34.1966492, -1.4], [24.8360769, -34.1966494, -1.41], [24.8360769, -34.1966494, -1.41], [24.8360769, -34.1966494, -1.41], [24.8360769, -34.1966493, -1.41], [24.8360769, -34.1966493, -1.36], [24.8360769, -34.1966493, -1.36], [24.8360769, -34.1966493, -1.36], [24.8360769, -34.1966493, -1.36], [24.8360768, -34.1966494, -1.32], [24.8360768, -34.1966494, -1.32], [24.8360768, -34.1966494, -1.32], [24.8360768, -34.1966494, -1.32], [24.8360768, -34.1966494, -1.47], [24.8360768, -34.1966494, -1.47], [24.8360767, -34.1966494, -1.47], [24.8360767, -34.1966494, -1.47], [24.8360767, -34.1966494, -1.43], [24.8360767, -34.1966494, -1.43], [24.8360767, -34.1966494, -1.43], [24.8360767, -34.1966494, -1.43], [24.8360767, -34.1966494, -1.43], [24.8360767, -34.1966494, -1.43], [24.8360767, -34.1966494, -1.43], [24.8360767, -34.1966494, -1.43], [24.8360767, -34.1966494, -1.41], [24.8360767, -34.1966494, -1.41], [24.8360767, -34.1966494, -1.41], [24.8360767, -34.1966494, -1.41], [24.8360767, -34.1966494, -1.45], [24.8360767, -34.1966495, -1.45], [24.8360768, -34.1966495, -1.45], [24.8360768, -34.1966495, -1.45], [24.8360767, -34.1966495, -1.42], [24.8360767, -34.1966495, -1.42], [24.8360767, -34.1966495, -1.42], [24.8360767, -34.1966495, -1.42], [24.8360767, -34.1966495, -1.37], [24.8360767, -34.1966495, -1.37], [24.8360767, -34.1966495, -1.37], [24.8360767, -34.1966495, -1.37], [24.8360767, -34.1966495, -1.39], [24.8360767, -34.1966495, -1.39], [24.8360767, -34.1966495, -1.39], [24.8360767, -34.1966495, -1.39], [24.8360767, -34.1966495, -1.37], [24.8360767, -34.1966495, -1.37], [24.8360767, -34.1966495, -1.37], [24.8360768, -34.1966495, -1.37], [24.8360767, -34.1966493, -1.4], [24.8360767, -34.1966493, -1.4], [24.8360767, -34.1966493, -1.4], [24.8360767, -34.1966493, -1.4], [24.8360767, -34.1966493, -1.3], [24.8360767, -34.1966492, -1.3], [24.8360767, -34.1966492, -1.3], [24.8360767, -34.1966492, -1.3], [24.8360767, -34.1966492, -1.39], [24.8360766, -34.1966492, -1.39], [24.8360766, -34.1966492, -1.39], [24.8360766, -34.1966492, -1.39], [24.8360766, -34.1966491, -1.41], [24.8360766, -34.1966491, -1.41], [24.8360766, -34.1966491, -1.41], [24.8360766, -34.1966491, -1.41], [24.8360765, -34.1966493, -1.46], [24.8360765, -34.1966494, -1.46], [24.8360765, -34.1966494, -1.46], [24.8360765, -34.1966495, -1.46], [24.8360765, -34.1966495, -1.45], [24.8360765, -34.1966495, -1.45], [24.8360765, -34.1966496, -1.45], [24.8360765, -34.1966496, -1.45], [24.8360765, -34.1966493, -1.44], [24.8360765, -34.1966493, -1.44], [24.8360765, -34.1966493, -1.44], [24.8360765, -34.1966493, -1.44], [24.8360765, -34.1966493, -1.41], [24.8360765, -34.1966493, -1.41], [24.8360765, -34.1966494, -1.41], [24.8360765, -34.1966494, -1.41], [24.8360765, -34.1966494, -1.4], [24.8360765, -34.1966494, -1.4], [24.8360765, -34.1966494, -1.4], [24.8360765, -34.1966494, -1.4], [24.8360765, -34.1966494, -1.38], [24.8360765, -34.1966494, -1.38], [24.8360765, -34.1966494, -1.38], [24.8360765, -34.1966494, -1.38], [24.8360764, -34.1966493, -1.39], [24.8360764, -34.1966493, -1.39], [24.8360763, -34.1966493, -1.39], [24.8360763, -34.1966493, -1.39], [24.8360763, -34.1966493, -1.46], [24.8360763, -34.1966493, -1.46], [24.8360763, -34.1966493, -1.46], [24.8360763, -34.1966493, -1.46], [24.8360762, -34.1966493, -1.44], [24.8360763, -34.1966494, -1.44], [24.8360763, -34.1966494, -1.44], [24.8360764, -34.1966495, -1.44], [24.8360764, -34.1966495, -1.43], [24.8360764, -34.1966495, -1.43], [24.8360764, -34.1966495, -1.43], [24.8360764, -34.1966495, -1.43], [24.8360763, -34.1966494, -1.4], [24.8360763, -34.1966494, -1.4], [24.8360763, -34.1966494, -1.4], [24.8360763, -34.1966494, -1.4], [24.8360762, -34.1966494, -1.67], [24.8360762, -34.1966494, -1.67], [24.8360762, -34.1966494, -1.67], [24.8360762, -34.1966494, -1.67], [24.8360762, -34.1966493, -1.62], [24.8360762, -34.1966493, -1.62], [24.8360762, -34.1966493, -1.62], [24.8360762, -34.1966493, -1.62], [24.8360762, -34.1966493, -1.52], [24.8360762, -34.1966493, -1.52], [24.8360762, -34.1966493, -1.52], [24.8360762, -34.1966493, -1.52], [24.8360762, -34.1966494, -1.54], [24.8360762, -34.1966494, -1.54], [24.8360762, -34.1966494, -1.54], [24.8360763, -34.1966494, -1.54], [24.8360763, -34.1966494, -1.64], [24.8360763, -34.1966494, -1.64], [24.8360763, -34.1966494, -1.64], [24.8360763, -34.1966494, -1.64], [24.8360762, -34.1966494, -1.59], [24.8360762, -34.1966494, -1.59], [24.8360762, -34.1966494, -1.59], [24.8360762, -34.1966494, -1.59], [24.8360762, -34.1966494, -1.57], [24.8360762, -34.1966494, -1.57], [24.8360762, -34.1966494, -1.57], [24.8360762, -34.1966494, -1.57], [24.8360762, -34.1966494, -1.65], [24.8360762, -34.1966495, -1.65], [24.8360762, -34.1966495, -1.65], [24.8360762, -34.1966495, -1.65], [24.8360762, -34.1966495, -1.65], [24.8360762, -34.1966495, -1.65], [24.8360762, -34.1966495, -1.65], [24.8360762, -34.1966495, -1.65], [24.8360762, -34.1966494, -1.64], [24.8360762, -34.1966494, -1.64], [24.8360762, -34.1966494, -1.64], [24.8360762, -34.1966494, -1.64], [24.8360763, -34.1966494, -1.63], [24.8360763, -34.1966494, -1.63], [24.8360763, -34.1966494, -1.63], [24.8360763, -34.1966494, -1.63], [24.8360761, -34.1966493, -1.51], [24.8360761, -34.1966493, -1.51], [24.8360761, -34.1966493, -1.51], [24.836076, -34.1966493, -1.51], [24.836076, -34.1966493, -1.59], [24.836076, -34.1966493, -1.59], [24.836076, -34.1966493, -1.59], [24.836076, -34.1966492, -1.59], [24.8360761, -34.1966493, -1.6], [24.8360761, -34.1966493, -1.6], [24.8360761, -34.1966493, -1.6], [24.8360761, -34.1966493, -1.6], [24.8360761, -34.1966494, -1.56], [24.8360761, -34.1966494, -1.56], [24.8360762, -34.1966494, -1.56], [24.8360762, -34.1966494, -1.56], [24.8360761, -34.1966493, -1.61], [24.8360761, -34.1966493, -1.61], [24.8360761, -34.1966493, -1.61], [24.8360761, -34.1966493, -1.61], [24.8360761, -34.1966493, -1.59], [24.8360761, -34.1966493, -1.59], [24.8360761, -34.1966493, -1.59], [24.8360761, -34.1966493, -1.59], [24.8360761, -34.1966493, -1.66], [24.8360761, -34.1966492, -1.66], [24.8360761, -34.1966492, -1.66], [24.8360762, -34.1966492, -1.66], [24.8360762, -34.1966492, -1.68], [24.8360762, -34.1966491, -1.68], [24.8360762, -34.1966491, -1.68], [24.8360762, -34.1966491, -1.68], [24.8360761, -34.1966492, -1.72], [24.8360761, -34.1966492, -1.72], [24.8360761, -34.1966492, -1.72], [24.8360761, -34.1966492, -1.72], [24.8360761, -34.1966492, -1.68], [24.8360761, -34.1966492, -1.68], [24.8360761, -34.1966492, -1.68], [24.8360761, -34.1966492, -1.68], [24.8360761, -34.196649, -1.73], [24.8360761, -34.196649, -1.73], [24.8360761, -34.196649, -1.73], [24.8360761, -34.196649, -1.73], [24.8360761, -34.196649, -1.67], [24.8360761, -34.196649, -1.67], [24.8360761, -34.196649, -1.67], [24.8360762, -34.196649, -1.67], [24.8360759, -34.196649, -1.7], [24.8360759, -34.196649, -1.7], [24.8360759, -34.196649, -1.7], [24.8360758, -34.196649, -1.7], [24.8360758, -34.196649, -1.73], [24.8360758, -34.196649, -1.73], [24.8360758, -34.196649, -1.73], [24.8360757, -34.196649, -1.73], [24.8360761, -34.196649, -1.63], [24.8360761, -34.196649, -1.63], [24.8360761, -34.196649, -1.63], [24.8360762, -34.196649, -1.63], [24.8360762, -34.196649, -1.72], [24.8360762, -34.196649, -1.72], [24.8360762, -34.196649, -1.72], [24.8360763, -34.196649, -1.72], [24.8360763, -34.196649, -1.68], [24.8360761, -34.1966491, -1.68], [24.8360761, -34.1966491, -1.68], [24.8360761, -34.1966491, -1.68], [24.8360761, -34.1966491, -1.68], [24.8360761, -34.1966491, -1.68], [24.8360761, -34.1966491, -1.68], [24.8360761, -34.1966492, -1.68], [24.8360761, -34.196649, -1.58], [24.8360761, -34.196649, -1.58], [24.8360761, -34.196649, -1.58], [24.8360761, -34.1966489, -1.58], [24.8360761, -34.1966489, -1.65], [24.8360761, -34.1966489, -1.65], [24.8360762, -34.1966489, -1.65], [24.8360762, -34.1966489, -1.65], [24.8360761, -34.1966489, -1.73], [24.8360761, -34.1966489, -1.73], [24.8360761, -34.1966489, -1.73], [24.8360762, -34.1966489, -1.73], [24.8360762, -34.1966489, -1.68], [24.8360762, -34.1966489, -1.68], [24.8360762, -34.1966489, -1.68], [24.8360762, -34.1966489, -1.68], [24.836076, -34.1966488, -1.73], [24.8360759, -34.1966488, -1.73], [24.8360759, -34.1966488, -1.73], [24.8360759, -34.1966488, -1.73], [24.8360759, -34.1966488, -1.74], [24.8360759, -34.1966488, -1.74], [24.8360758, -34.1966488, -1.74], [24.8360758, -34.1966488, -1.74], [24.836076, -34.1966487, -1.62], [24.836076, -34.1966487, -1.62], [24.8360761, -34.1966487, -1.62], [24.8360761, -34.1966487, -1.62], [24.8360761, -34.1966487, -1.58], [24.8360761, -34.1966487, -1.58], [24.8360761, -34.1966487, -1.58], [24.8360762, -34.1966487, -1.58], [24.8360762, -34.1966487, -1.63], [24.836076, -34.1966486, -1.63], [24.836076, -34.1966486, -1.63], [24.836076, -34.1966486, -1.63], [24.836076, -34.1966486, -1.66], [24.836076, -34.1966486, -1.66], [24.836076, -34.1966486, -1.66], [24.836076, -34.1966486, -1.66], [24.8360758, -34.1966486, -1.61], [24.8360757, -34.1966486, -1.61], [24.8360757, -34.1966486, -1.61], [24.8360757, -34.1966486, -1.61], [24.8360757, -34.1966486, -1.63], [24.8360757, -34.1966486, -1.63], [24.8360757, -34.1966486, -1.63], [24.8360756, -34.1966487, -1.63], [24.8360758, -34.1966486, -1.59], [24.8360758, -34.1966486, -1.59], [24.8360758, -34.1966486, -1.59], [24.8360758, -34.1966486, -1.59], [24.8360759, -34.1966486, -1.68], [24.8360759, -34.1966486, -1.68], [24.8360759, -34.1966486, -1.68], [24.8360759, -34.1966486, -1.68], [24.8360761, -34.1966485, -1.69], [24.8360761, -34.1966485, -1.69], [24.8360761, -34.1966485, -1.69], [24.8360761, -34.1966485, -1.69], [24.8360761, -34.1966485, -1.67], [24.8360762, -34.1966485, -1.67], [24.8360762, -34.1966485, -1.67], [24.8360762, -34.1966485, -1.67], [24.8360761, -34.1966485, -1.62], [24.8360761, -34.1966485, -1.62], [24.8360761, -34.1966485, -1.62], [24.8360761, -34.1966485, -1.62], [24.8360761, -34.1966485, -1.59], [24.8360761, -34.1966484, -1.59], [24.8360761, -34.1966484, -1.59], [24.836076, -34.1966484, -1.59], [24.836076, -34.1966484, -1.58], [24.836076, -34.1966486, -1.58], [24.836076, -34.1966486, -1.58], [24.836076, -34.1966487, -1.58], [24.8360759, -34.1966487, -1.66], [24.8360759, -34.1966487, -1.66], [24.8360759, -34.1966487, -1.66], [24.8360759, -34.1966487, -1.66], [24.8360759, -34.1966486, -1.66], [24.8360759, -34.1966486, -1.66], [24.8360759, -34.1966486, -1.66], [24.8360759, -34.1966486, -1.66], [24.8360759, -34.1966486, -1.63], [24.8360759, -34.1966486, -1.63], [24.8360759, -34.1966486, -1.63], [24.8360759, -34.1966485, -1.63], [24.836076, -34.1966486, -1.62], [24.836076, -34.1966486, -1.62], [24.836076, -34.1966486, -1.62], [24.836076, -34.1966486, -1.62], [24.836076, -34.1966486, -1.57], [24.836076, -34.1966486, -1.57], [24.836076, -34.1966486, -1.57], [24.836076, -34.1966486, -1.57], [24.836076, -34.1966486, -1.64], [24.836076, -34.1966486, -1.64], [24.836076, -34.1966486, -1.64], [24.836076, -34.1966486, -1.64], [24.836076, -34.1966486, -1.72], [24.836076, -34.1966486, -1.72], [24.836076, -34.1966486, -1.72], [24.836076, -34.1966486, -1.72], [24.836076, -34.1966486, -1.73], [24.836076, -34.1966486, -1.73], [24.836076, -34.1966486, -1.73], [24.836076, -34.1966486, -1.73], [24.836076, -34.1966486, -1.66], [24.836076, -34.1966486, -1.66], [24.836076, -34.1966486, -1.66], [24.836076, -34.1966486, -1.66], [24.836076, -34.1966486, -1.71], [24.836076, -34.1966486, -1.71], [24.836076, -34.1966486, -1.71], [24.836076, -34.1966486, -1.71], [24.836076, -34.1966486, -1.66], [24.836076, -34.1966486, -1.66], [24.836076, -34.1966486, -1.66], [24.836076, -34.1966486, -1.66], [24.8360761, -34.1966486, -1.67], [24.8360762, -34.1966486, -1.67], [24.8360762, -34.1966486, -1.67], [24.8360762, -34.1966487, -1.67], [24.8360762, -34.1966487, -2.34], [24.8360762, -34.1966487, -2.34], [24.8360762, -34.1966487, -2.34], [24.8360763, -34.1966487, -2.34], [24.836076, -34.1966486, -2.18], [24.836076, -34.1966486, -2.18], [24.836076, -34.1966486, -2.18], [24.836076, -34.1966486, -2.18], [24.836076, -34.1966486, -2.18], [24.8360759, -34.1966486, -2.18], [24.8360759, -34.1966486, -2.18], [24.8360759, -34.1966486, -2.18], [24.8360761, -34.1966485, -2.21], [24.8360761, -34.1966485, -2.21], [24.8360761, -34.1966484, -2.21], [24.8360761, -34.1966484, -2.21], [24.8360761, -34.1966484, -2.22], [24.8360761, -34.1966484, -2.22], [24.8360761, -34.1966484, -2.22], [24.8360761, -34.1966484, -2.22], [24.8360761, -34.1966485, -2.21], [24.8360761, -34.1966485, -2.21], [24.8360761, -34.1966485, -2.21], [24.8360761, -34.1966485, -2.21], [24.8360761, -34.1966485, -2.15], [24.8360762, -34.1966485, -2.15], [24.8360762, -34.1966485, -2.15], [24.8360762, -34.1966485, -2.15], [24.8360762, -34.1966485, -2.13], [24.8360762, -34.1966485, -2.13], [24.8360762, -34.1966485, -2.13], [24.8360762, -34.1966485, -2.13], [24.8360762, -34.1966485, -2.15], [24.8360762, -34.1966485, -2.15], [24.8360762, -34.1966485, -2.15], [24.8360762, -34.1966485, -2.15], [24.8360762, -34.1966484, -2.17], [24.8360762, -34.1966483, -2.17], [24.8360762, -34.1966483, -2.17], [24.8360762, -34.1966483, -2.17], [24.8360762, -34.1966483, -2.14], [24.8360762, -34.1966483, -2.14], [24.8360762, -34.1966483, -2.14], [24.8360762, -34.1966482, -2.14], [24.8360762, -34.1966484, -2.21], [24.8360762, -34.1966484, -2.21], [24.8360762, -34.1966484, -2.21], [24.8360762, -34.1966484, -2.21], [24.8360762, -34.1966484, -2.18], [24.8360762, -34.1966484, -2.18], [24.8360762, -34.1966484, -2.18], [24.8360762, -34.1966485, -2.18], [24.8360763, -34.1966484, -2.17], [24.8360763, -34.1966484, -2.17], [24.8360763, -34.1966484, -2.17], [24.8360763, -34.1966483, -2.17], [24.8360763, -34.1966483, -2.18], [24.8360763, -34.1966483, -2.18], [24.8360763, -34.1966483, -2.18], [24.8360763, -34.1966483, -2.18], [24.8360763, -34.1966483, -2.19], [24.8360763, -34.1966483, -2.19], [24.8360763, -34.1966483, -2.19], [24.8360763, -34.1966483, -2.19], [24.8360762, -34.1966483, -2.16], [24.8360762, -34.1966483, -2.16], [24.8360762, -34.1966483, -2.16], [24.8360762, -34.1966483, -2.16], [24.8360762, -34.1966483, -2.1], [24.8360762, -34.1966482, -2.1], [24.8360762, -34.1966482, -2.1], [24.8360762, -34.1966482, -2.1], [24.8360762, -34.1966482, -2.18], [24.8360762, -34.1966482, -2.18], [24.8360762, -34.1966482, -2.18], [24.8360762, -34.1966481, -2.18], [24.8360762, -34.1966481, -2.18], [24.8360762, -34.1966481, -2.18], [24.8360762, -34.1966481, -2.18], [24.8360762, -34.1966481, -2.18], [24.8360762, -34.1966481, -2.22], [24.8360762, -34.1966481, -2.22], [24.8360762, -34.1966481, -2.22], [24.8360762, -34.1966481, -2.22], [24.8360762, -34.196648, -2.21], [24.8360762, -34.196648, -2.21], [24.8360762, -34.196648, -2.21], [24.8360762, -34.196648, -2.21], [24.8360762, -34.196648, -2.22], [24.8360763, -34.196648, -2.22], [24.8360763, -34.196648, -2.22], [24.8360763, -34.1966479, -2.22], [24.8360763, -34.1966478, -2.21], [24.8360763, -34.1966478, -2.21], [24.8360763, -34.1966477, -2.21], [24.8360763, -34.1966477, -2.21], [24.8360763, -34.1966477, -2.22], [24.8360763, -34.1966477, -2.22], [24.8360763, -34.1966477, -2.22], [24.8360763, -34.1966476, -2.22], [24.8360763, -34.1966477, -2.23], [24.8360763, -34.1966477, -2.23], [24.8360763, -34.1966477, -2.23], [24.8360763, -34.1966477, -2.23], [24.8360763, -34.1966477, -2.17], [24.8360763, -34.1966477, -2.17], [24.8360763, -34.1966477, -2.17], [24.8360763, -34.1966477, -2.17], [24.8360763, -34.1966477, -2.18], [24.8360763, -34.1966478, -2.18], [24.8360763, -34.1966479, -2.18], [24.8360763, -34.1966479, -2.18], [24.8360763, -34.1966479, -2.12], [24.8360763, -34.1966479, -2.12], [24.8360763, -34.1966479, -2.12], [24.8360763, -34.196648, -2.12], [24.8360762, -34.1966478, -2.19], [24.8360762, -34.1966478, -2.19], [24.8360762, -34.1966478, -2.19], [24.8360761, -34.1966479, -2.19], [24.8360761, -34.1966479, -2.18], [24.8360761, -34.1966479, -2.18], [24.8360761, -34.1966479, -2.18], [24.8360761, -34.1966479, -2.18], [24.8360762, -34.196648, -2.23], [24.8360762, -34.196648, -2.23], [24.8360762, -34.196648, -2.23], [24.8360762, -34.196648, -2.23], [24.8360762, -34.196648, -2.21], [24.8360762, -34.1966481, -2.21], [24.8360761, -34.1966481, -2.21], [24.8360761, -34.1966481, -2.21], [24.8360762, -34.196648, -2.17], [24.8360762, -34.1966481, -2.17], [24.8360762, -34.1966481, -2.17], [24.8360762, -34.1966481, -2.17], [24.8360762, -34.1966481, -2.18], [24.8360762, -34.1966481, -2.18], [24.8360762, -34.1966481, -2.18], [24.8360762, -34.1966482, -2.18], [24.8360761, -34.1966479, -2.18], [24.8360761, -34.1966479, -2.18], [24.8360761, -34.1966479, -2.18], [24.836076, -34.1966479, -2.18], [24.836076, -34.1966478, -2.18], [24.836076, -34.1966478, -2.18], [24.836076, -34.1966478, -2.18], [24.836076, -34.1966478, -2.18], [24.836076, -34.1966477, -2.23], [24.8360762, -34.1966479, -2.23], [24.8360762, -34.1966479, -2.23], [24.8360762, -34.1966479, -2.23], [24.8360762, -34.1966479, -2.18], [24.8360762, -34.1966479, -2.18], [24.8360763, -34.1966479, -2.18], [24.8360763, -34.1966479, -2.18], [24.8360762, -34.1966479, -2.12], [24.8360762, -34.1966479, -2.12], [24.8360762, -34.1966479, -2.12], [24.8360762, -34.1966479, -2.12], [24.8360762, -34.1966479, -2.17], [24.8360762, -34.1966479, -2.17], [24.8360762, -34.1966479, -2.17], [24.8360762, -34.1966479, -2.17], [24.8360762, -34.1966478, -2.19], [24.8360762, -34.1966478, -2.19], [24.8360762, -34.1966478, -2.19], [24.8360762, -34.1966478, -2.19], [24.8360762, -34.1966478, -2.15], [24.8360762, -34.1966478, -2.15], [24.8360762, -34.1966478, -2.15], [24.8360762, -34.1966478, -2.15], [24.8360762, -34.1966479, -2.26], [24.8360762, -34.1966479, -2.26], [24.8360762, -34.1966479, -2.26], [24.8360762, -34.1966479, -2.26], [24.8360762, -34.1966479, -2.19], [24.8360762, -34.196648, -2.19], [24.8360762, -34.196648, -2.19], [24.8360762, -34.196648, -2.19], [24.8360762, -34.1966479, -2.19], [24.8360762, -34.1966479, -2.19], [24.8360761, -34.1966479, -2.19], [24.8360761, -34.196648, -2.19], [24.8360761, -34.196648, -2.16], [24.8360761, -34.196648, -2.16], [24.8360761, -34.196648, -2.16], [24.836076, -34.196648, -2.16], [24.836076, -34.196648, -2.09], [24.8360763, -34.1966479, -2.09], [24.8360764, -34.1966479, -2.09], [24.8360764, -34.1966479, -2.09], [24.8360764, -34.1966479, -2.11], [24.8360764, -34.1966479, -2.11], [24.8360764, -34.1966479, -2.11], [24.8360765, -34.1966478, -2.11], [24.8360766, -34.1966478, -2.31], [24.8360766, -34.1966478, -2.31], [24.8360766, -34.1966478, -2.31], [24.8360767, -34.1966478, -2.31], [24.8360767, -34.1966477, -2.18], [24.8360767, -34.1966477, -2.18], [24.8360768, -34.1966477, -2.18], [24.8360768, -34.1966477, -2.18], [24.8360767, -34.1966479, -2.26], [24.8360767, -34.1966479, -2.26], [24.8360767, -34.1966479, -2.26], [24.8360767, -34.1966479, -2.26], [24.8360767, -34.1966479, -2.26], [24.8360767, -34.1966479, -2.26], [24.8360767, -34.1966479, -2.26], [24.8360767, -34.1966479, -2.26], [24.8360766, -34.196648, -2.16], [24.8360766, -34.196648, -2.16], [24.8360766, -34.196648, -2.16], [24.8360765, -34.196648, -2.16], [24.8360765, -34.196648, -2.23], [24.8360765, -34.196648, -2.23], [24.8360765, -34.196648, -2.23], [24.8360765, -34.196648, -2.23], [24.8360766, -34.196648, -2.24], [24.8360766, -34.196648, -2.24], [24.8360766, -34.196648, -2.24], [24.8360766, -34.196648, -2.24], [24.8360766, -34.196648, -2.12], [24.8360766, -34.196648, -2.12], [24.8360766, -34.196648, -2.12], [24.8360766, -34.196648, -2.12], [24.8360766, -34.196648, -2.21], [24.8360766, -34.196648, -2.21], [24.8360766, -34.196648, -2.21], [24.8360766, -34.196648, -2.21], [24.8360767, -34.1966479, -2.19], [24.8360767, -34.1966479, -2.19], [24.8360767, -34.1966479, -2.19], [24.8360767, -34.1966479, -2.19], [24.8360766, -34.1966479, -2.19], [24.8360766, -34.1966479, -2.19], [24.8360766, -34.1966479, -2.19], [24.8360766, -34.1966479, -2.19], [24.8360766, -34.1966479, -2.68], [24.8360766, -34.1966479, -2.68], [24.8360766, -34.1966479, -2.68], [24.8360766, -34.1966478, -2.68], [24.8360766, -34.1966479, -2.71], [24.8360766, -34.1966479, -2.71], [24.8360766, -34.1966479, -2.71], [24.8360766, -34.1966479, -2.71], [24.8360766, -34.1966479, -2.72], [24.8360766, -34.1966479, -2.72], [24.8360766, -34.1966479, -2.72], [24.8360766, -34.1966479, -2.72], [24.8360766, -34.1966479, -2.77], [24.8360766, -34.1966479, -2.77], [24.8360766, -34.1966479, -2.77], [24.8360766, -34.1966479, -2.77], [24.8360766, -34.1966479, -2.79], [24.8360766, -34.1966479, -2.79], [24.8360766, -34.1966479, -2.79], [24.8360767, -34.1966479, -2.79], [24.8360765, -34.1966479, -2.65], [24.8360765, -34.1966479, -2.65], [24.8360765, -34.1966479, -2.65], [24.8360765, -34.1966479, -2.65], [24.8360765, -34.1966479, -2.71], [24.8360765, -34.1966479, -2.71], [24.8360764, -34.1966479, -2.71], [24.8360764, -34.1966479, -2.71], [24.8360764, -34.1966479, -2.69], [24.8360766, -34.1966479, -2.69], [24.8360766, -34.1966479, -2.69], [24.8360766, -34.1966479, -2.69], [24.8360766, -34.1966479, -2.66], [24.8360766, -34.1966479, -2.66], [24.8360767, -34.1966479, -2.66], [24.8360767, -34.1966479, -2.66], [24.8360766, -34.1966479, -2.72], [24.8360766, -34.1966479, -2.72], [24.8360766, -34.1966479, -2.72], [24.8360766, -34.1966479, -2.72], [24.8360766, -34.1966479, -2.74], [24.8360766, -34.1966479, -2.74], [24.8360766, -34.1966479, -2.74], [24.8360766, -34.1966479, -2.74], [24.8360765, -34.1966479, -2.69], [24.8360765, -34.1966479, -2.69], [24.8360765, -34.1966479, -2.69], [24.8360765, -34.1966479, -2.69], [24.8360765, -34.1966479, -2.75], [24.8360765, -34.1966479, -2.75], [24.8360765, -34.1966479, -2.75], [24.8360765, -34.1966479, -2.75], [24.8360764, -34.1966481, -2.75], [24.8360764, -34.1966481, -2.75], [24.8360764, -34.1966481, -2.75], [24.8360764, -34.1966482, -2.75], [24.8360764, -34.1966482, -2.72], [24.8360764, -34.1966482, -2.72], [24.8360764, -34.1966482, -2.72], [24.8360764, -34.1966483, -2.72], [24.8360764, -34.196648, -2.77], [24.8360764, -34.196648, -2.77], [24.8360764, -34.196648, -2.77], [24.8360764, -34.196648, -2.77], [24.8360764, -34.196648, -2.68], [24.8360764, -34.196648, -2.68], [24.8360764, -34.196648, -2.68], [24.8360764, -34.196648, -2.68], [24.8360764, -34.196648, -2.78], [24.8360761, -34.1966482, -2.78], [24.8360761, -34.1966482, -2.78], [24.8360761, -34.1966482, -2.78], [24.8360761, -34.1966482, -2.74], [24.8360761, -34.1966482, -2.74], [24.836076, -34.1966483, -2.74], [24.836076, -34.1966483, -2.74], [24.836076, -34.1966481, -2.61], [24.836076, -34.1966481, -2.61], [24.836076, -34.1966481, -2.61], [24.836076, -34.1966481, -2.61], [24.836076, -34.1966481, -2.76], [24.836076, -34.1966481, -2.76], [24.836076, -34.1966481, -2.76], [24.836076, -34.1966481, -2.76], [24.8360759, -34.1966481, -2.71], [24.8360759, -34.1966482, -2.71], [24.8360759, -34.1966482, -2.71], [24.836076, -34.1966482, -2.71], [24.836076, -34.1966482, -2.69], [24.836076, -34.1966482, -2.69], [24.836076, -34.1966482, -2.69], [24.836076, -34.1966483, -2.69], [24.8360758, -34.1966482, -2.68], [24.8360758, -34.1966482, -2.68], [24.8360758, -34.1966482, -2.68], [24.8360758, -34.1966481, -2.68], [24.8360757, -34.1966481, -2.78], [24.8360757, -34.1966481, -2.78], [24.8360757, -34.1966481, -2.78], [24.8360757, -34.1966481, -2.78], [24.8360757, -34.1966482, -2.74], [24.8360757, -34.1966483, -2.74], [24.8360757, -34.1966483, -2.74], [24.8360757, -34.1966483, -2.74], [24.8360757, -34.1966483, -2.67], [24.8360757, -34.1966483, -2.67], [24.8360757, -34.1966483, -2.67], [24.8360757, -34.1966484, -2.67], [24.8360757, -34.1966484, -2.72], [24.8360756, -34.1966484, -2.72], [24.8360756, -34.1966484, -2.72], [24.8360756, -34.1966484, -2.72], [24.8360756, -34.1966485, -2.71], [24.8360756, -34.1966485, -2.71], [24.8360756, -34.1966485, -2.71], [24.8360755, -34.1966485, -2.71], [24.8360755, -34.1966486, -2.68], [24.8360755, -34.1966486, -2.68], [24.8360755, -34.1966486, -2.68], [24.8360755, -34.1966487, -2.68], [24.8360755, -34.1966487, -2.62], [24.8360755, -34.1966487, -2.62], [24.8360754, -34.1966487, -2.62], [24.8360754, -34.1966487, -2.62], [24.8360756, -34.1966486, -2.62], [24.8360756, -34.1966486, -2.62], [24.8360756, -34.1966486, -2.62], [24.8360757, -34.1966485, -2.62], [24.8360757, -34.1966485, -2.63], [24.8360757, -34.1966485, -2.63], [24.8360757, -34.1966485, -2.63], [24.8360758, -34.1966485, -2.63], [24.8360755, -34.1966485, -2.59], [24.8360755, -34.1966485, -2.59], [24.8360755, -34.1966485, -2.59], [24.8360755, -34.1966485, -2.59], [24.8360755, -34.1966485, -2.69], [24.8360755, -34.1966485, -2.69], [24.8360755, -34.1966485, -2.69], [24.8360754, -34.1966485, -2.69], [24.8360753, -34.1966486, -2.74], [24.8360753, -34.1966486, -2.74], [24.8360752, -34.1966486, -2.74], [24.8360752, -34.1966486, -2.74], [24.8360752, -34.1966486, -2.76], [24.8360752, -34.1966486, -2.76], [24.8360752, -34.1966486, -2.76], [24.8360751, -34.1966486, -2.76], [24.8360751, -34.1966486, -2.75], [24.8360753, -34.1966487, -2.75], [24.8360753, -34.1966487, -2.75], [24.8360754, -34.1966487, -2.75], [24.8360754, -34.1966487, -2.69], [24.8360754, -34.1966487, -2.69], [24.8360754, -34.1966487, -2.69], [24.8360754, -34.1966487, -2.69], [24.8360753, -34.1966488, -2.67], [24.8360753, -34.1966488, -2.67], [24.8360753, -34.1966488, -2.67], [24.8360753, -34.1966488, -2.67], [24.8360753, -34.1966488, -2.72], [24.8360753, -34.1966488, -2.72], [24.8360752, -34.1966488, -2.72], [24.8360752, -34.1966488, -2.72], [24.8360752, -34.1966491, -2.67], [24.8360752, -34.1966492, -2.67], [24.8360752, -34.1966492, -2.67], [24.8360752, -34.1966493, -2.67], [24.8360752, -34.1966493, -2.75], [24.8360752, -34.1966493, -2.75], [24.8360752, -34.1966494, -2.75], [24.8360752, -34.1966494, -2.75], [24.8360752, -34.1966493, -2.78], [24.8360752, -34.1966493, -2.78], [24.8360752, -34.1966493, -2.78], [24.8360752, -34.1966493, -2.78], [24.8360752, -34.1966493, -2.76], [24.8360752, -34.1966494, -2.76], [24.8360752, -34.1966494, -2.76], [24.8360752, -34.1966494, -2.76], [24.8360752, -34.1966493, -2.71], [24.8360752, -34.1966493, -2.71], [24.8360752, -34.1966493, -2.71], [24.8360752, -34.1966493, -2.71], [24.8360752, -34.1966493, -2.66], [24.8360752, -34.1966493, -2.66], [24.8360752, -34.1966493, -2.66], [24.8360752, -34.1966493, -2.66], [24.8360752, -34.1966493, -2.68], [24.8360752, -34.1966493, -2.68], [24.8360752, -34.1966493, -2.68], [24.8360752, -34.1966493, -2.68], [24.8360752, -34.1966493, -2.64], [24.8360752, -34.1966493, -2.64], [24.8360752, -34.1966493, -2.64], [24.8360752, -34.1966493, -2.64], [24.8360751, -34.1966493, -2.74], [24.8360751, -34.1966493, -2.74], [24.8360751, -34.1966493, -2.74], [24.836075, -34.1966493, -2.74], [24.836075, -34.1966493, -2.71], [24.836075, -34.1966493, -2.71], [24.836075, -34.1966493, -2.71], [24.836075, -34.1966493, -2.71], [24.8360751, -34.1966491, -2.69], [24.8360752, -34.1966491, -2.69], [24.8360752, -34.1966491, -2.69], [24.8360752, -34.196649, -2.69], [24.8360752, -34.196649, -2.64], [24.8360752, -34.196649, -2.64], [24.8360753, -34.1966489, -2.64], [24.8360753, -34.1966489, -2.64], [24.8360751, -34.196649, -2.59], [24.8360751, -34.196649, -2.59], [24.8360751, -34.196649, -2.59], [24.8360751, -34.196649, -2.59], [24.8360751, -34.196649, -2.71], [24.8360751, -34.196649, -2.71], [24.8360751, -34.196649, -2.71], [24.8360751, -34.196649, -2.71], [24.8360751, -34.196649, -2.71], [24.8360751, -34.196649, -2.71], [24.8360751, -34.196649, -2.71], [24.8360751, -34.196649, -2.71], [24.8360751, -34.196649, -2.69], [24.8360751, -34.196649, -2.69], [24.8360751, -34.196649, -2.69], [24.8360751, -34.196649, -2.69], [24.8360751, -34.196649, -2.61], [24.8360751, -34.196649, -2.61], [24.8360751, -34.1966491, -2.61], [24.8360751, -34.1966492, -2.61], [24.8360751, -34.1966492, -2.64], [24.8360751, -34.1966492, -2.64], [24.8360751, -34.1966492, -2.64], [24.8360751, -34.1966493, -2.64], [24.836075, -34.1966493, -2.75], [24.836075, -34.1966493, -2.75], [24.836075, -34.1966494, -2.75], [24.836075, -34.1966494, -2.75], [24.836075, -34.1966494, -2.49], [24.836075, -34.1966494, -2.49], [24.836075, -34.1966494, -2.49], [24.836075, -34.1966494, -2.49], [24.836075, -34.1966496, -2.5], [24.836075, -34.1966496, -2.5], [24.8360751, -34.1966496, -2.5], [24.8360751, -34.1966496, -2.5], [24.8360751, -34.1966496, -2.54], [24.8360751, -34.1966497, -2.54], [24.8360751, -34.1966497, -2.54], [24.8360751, -34.1966497, -2.54], [24.8360751, -34.1966496, -2.49], [24.8360751, -34.1966496, -2.49], [24.8360751, -34.1966496, -2.49], [24.8360751, -34.1966496, -2.49], [24.8360751, -34.1966496, -2.43], [24.8360751, -34.1966496, -2.43], [24.8360751, -34.1966496, -2.43], [24.8360751, -34.1966496, -2.43], [24.836075, -34.1966495, -2.57], [24.836075, -34.1966495, -2.57], [24.836075, -34.1966495, -2.57], [24.836075, -34.1966494, -2.57], [24.836075, -34.1966494, -2.57], [24.836075, -34.1966494, -2.57], [24.836075, -34.1966494, -2.57], [24.836075, -34.1966493, -2.57], [24.836075, -34.1966493, -2.53], [24.8360749, -34.1966495, -2.53], [24.8360749, -34.1966495, -2.53], [24.8360749, -34.1966495, -2.53], [24.8360749, -34.1966495, -2.48], [24.8360749, -34.1966495, -2.48], [24.8360749, -34.1966495, -2.48], [24.8360749, -34.1966495, -2.48], [24.8360749, -34.1966497, -2.55], [24.8360749, -34.1966497, -2.55], [24.8360749, -34.1966497, -2.55], [24.8360749, -34.1966497, -2.55], [24.8360749, -34.1966497, -2.5], [24.8360749, -34.1966497, -2.5], [24.8360749, -34.1966497, -2.5], [24.8360749, -34.1966498, -2.5], [24.8360748, -34.1966497, -2.56], [24.8360748, -34.1966497, -2.56], [24.8360748, -34.1966497, -2.56], [24.8360748, -34.1966497, -2.56], [24.8360748, -34.1966497, -2.54], [24.8360748, -34.1966497, -2.54], [24.8360748, -34.1966497, -2.54], [24.8360748, -34.1966497, -2.54], [24.8360748, -34.1966498, -2.53], [24.8360748, -34.1966498, -2.53], [24.8360748, -34.1966498, -2.53], [24.8360748, -34.1966498, -2.53], [24.8360748, -34.1966498, -2.54], [24.8360748, -34.1966498, -2.54], [24.8360748, -34.1966498, -2.54], [24.8360749, -34.1966499, -2.54], [24.8360748, -34.1966498, -2.57], [24.8360748, -34.1966498, -2.57], [24.8360748, -34.1966498, -2.57], [24.8360748, -34.1966497, -2.57], [24.8360748, -34.1966497, -2.57], [24.8360748, -34.1966497, -2.57], [24.8360748, -34.1966497, -2.57], [24.8360748, -34.1966497, -2.57], [24.8360748, -34.1966497, -2.54], [24.8360748, -34.1966496, -2.54], [24.8360747, -34.1966498, -2.54], [24.8360747, -34.1966498, -2.54], [24.8360747, -34.1966498, -2.52], [24.8360747, -34.1966498, -2.52], [24.8360747, -34.1966498, -2.52], [24.8360747, -34.1966498, -2.52], [24.8360747, -34.1966498, -2.55], [24.8360747, -34.1966498, -2.55], [24.8360747, -34.1966498, -2.55], [24.8360746, -34.1966498, -2.55], [24.8360746, -34.1966498, -2.57], [24.8360746, -34.1966498, -2.57], [24.8360746, -34.1966498, -2.57], [24.8360746, -34.1966498, -2.57], [24.8360746, -34.1966497, -2.55], [24.8360746, -34.1966497, -2.55], [24.8360746, -34.1966497, -2.55], [24.8360746, -34.1966498, -2.55], [24.8360746, -34.1966498, -2.63], [24.8360746, -34.1966498, -2.63], [24.8360746, -34.1966498, -2.63], [24.8360746, -34.1966498, -2.63], [24.8360746, -34.1966498, -2.54], [24.8360746, -34.1966498, -2.54], [24.8360746, -34.1966498, -2.54], [24.8360746, -34.1966498, -2.54], [24.8360746, -34.1966498, -2.5], [24.8360746, -34.1966498, -2.5], [24.8360746, -34.1966498, -2.5], [24.8360747, -34.1966498, -2.5], [24.8360746, -34.1966497, -2.57], [24.8360746, -34.1966497, -2.57], [24.8360746, -34.1966496, -2.57], [24.8360746, -34.1966496, -2.57], [24.8360746, -34.1966496, -2.5], [24.8360746, -34.1966496, -2.5], [24.8360746, -34.1966496, -2.5], [24.8360746, -34.1966495, -2.5], [24.8360746, -34.1966495, -2.5], [24.8360746, -34.1966495, -2.5], [24.8360746, -34.1966496, -2.5], [24.8360746, -34.1966496, -2.5], [24.8360746, -34.1966496, -2.52], [24.8360746, -34.1966496, -2.52], [24.8360746, -34.1966496, -2.52], [24.8360746, -34.1966496, -2.52], [24.8360746, -34.1966496, -2.5], [24.8360746, -34.1966496, -2.5], [24.8360746, -34.1966496, -2.5], [24.8360746, -34.1966496, -2.5], [24.8360746, -34.1966496, -2.52], [24.8360746, -34.1966496, -2.52], [24.8360746, -34.1966496, -2.52], [24.8360746, -34.1966496, -2.52], [24.8360746, -34.1966496, -2.54], [24.8360746, -34.1966496, -2.54], [24.8360746, -34.1966496, -2.54], [24.8360746, -34.1966496, -2.54], [24.8360746, -34.1966496, -2.47], [24.8360746, -34.1966496, -2.47], [24.8360746, -34.1966496, -2.47], [24.8360745, -34.1966496, -2.47], [24.8360745, -34.1966496, -2.5], [24.8360745, -34.1966496, -2.5], [24.8360745, -34.1966496, -2.5], [24.8360745, -34.1966496, -2.5], [24.8360745, -34.1966496, -2.55], [24.8360745, -34.1966496, -2.55], [24.8360745, -34.1966496, -2.55], [24.8360745, -34.1966496, -2.55], [24.8360745, -34.1966497, -2.57], [24.8360745, -34.1966497, -2.57], [24.8360745, -34.1966497, -2.57], [24.8360744, -34.1966497, -2.57], [24.8360744, -34.1966497, -2.66], [24.8360744, -34.1966498, -2.66], [24.8360744, -34.1966498, -2.66], [24.8360744, -34.1966498, -2.66], [24.8360744, -34.1966498, -2.57], [24.8360744, -34.1966498, -2.57], [24.8360744, -34.1966498, -2.57], [24.8360743, -34.1966498, -2.57], [24.8360743, -34.1966498, -2.51], [24.8360743, -34.1966498, -2.51], [24.8360743, -34.1966498, -2.51], [24.8360743, -34.1966498, -2.51], [24.8360743, -34.1966499, -2.57], [24.8360743, -34.1966499, -2.57], [24.8360743, -34.1966499, -2.57], [24.8360743, -34.19665, -2.57], [24.8360743, -34.19665, -2.51], [24.8360743, -34.19665, -2.51], [24.8360743, -34.19665, -2.51], [24.8360743, -34.19665, -2.51], [24.8360744, -34.1966499, -2.53], [24.8360744, -34.1966499, -2.53], [24.8360744, -34.1966498, -2.53], [24.8360744, -34.1966498, -2.53], [24.8360744, -34.1966498, -2.58], [24.8360744, -34.1966498, -2.58], [24.8360744, -34.1966498, -2.58], [24.8360744, -34.1966498, -2.58], [24.8360745, -34.1966499, -2.53], [24.8360745, -34.1966499, -2.53], [24.8360746, -34.1966499, -2.53], [24.8360746, -34.1966499, -2.53], [24.8360746, -34.1966499, -2.49], [24.8360746, -34.1966499, -2.49], [24.8360746, -34.1966499, -2.49], [24.8360746, -34.1966499, -2.49], [24.8360746, -34.1966497, -2.46], [24.8360746, -34.1966497, -2.46], [24.8360746, -34.1966497, -2.46], [24.8360746, -34.1966497, -2.46], [24.8360746, -34.1966496, -2.53], [24.8360746, -34.1966496, -2.53], [24.8360746, -34.1966496, -2.53], [24.8360746, -34.1966496, -2.53], [24.8360746, -34.1966495, -2.6], [24.8360747, -34.1966498, -2.6], [24.8360747, -34.1966498, -2.6], [24.8360747, -34.1966498, -2.6], [24.8360747, -34.1966498, -2.65], [24.8360747, -34.1966498, -2.65], [24.8360747, -34.1966498, -2.65], [24.8360747, -34.1966498, -2.65], [24.8360747, -34.1966498, -2.53], [24.8360747, -34.1966498, -2.53], [24.8360747, -34.1966498, -2.53], [24.8360747, -34.1966498, -2.53], [24.8360747, -34.1966498, -2.53], [24.8360747, -34.1966498, -2.53], [24.8360747, -34.1966498, -2.53], [24.8360746, -34.1966499, -2.53], [24.8360748, -34.1966499, -2.62], [24.8360748, -34.1966499, -2.62], [24.8360749, -34.1966499, -2.62], [24.8360749, -34.1966499, -2.62], [24.8360749, -34.1966499, -2.59], [24.8360749, -34.1966499, -2.59], [24.8360749, -34.1966499, -2.59], [24.8360749, -34.1966499, -2.59], [24.8360749, -34.1966499, -2.55], [24.8360749, -34.1966499, -2.55], [24.8360749, -34.1966499, -2.55], [24.8360749, -34.1966499, -2.55], [24.8360749, -34.1966499, -2.54], [24.8360749, -34.1966499, -2.54], [24.8360749, -34.1966499, -2.54], [24.8360749, -34.1966499, -2.54], [24.8360751, -34.1966499, -2.52], [24.8360751, -34.1966499, -2.52], [24.8360751, -34.1966499, -2.52], [24.8360751, -34.1966499, -2.52], [24.8360751, -34.1966499, -2.5], [24.8360752, -34.1966499, -2.5], [24.8360752, -34.1966499, -2.5], [24.8360752, -34.1966499, -2.5], [24.8360752, -34.1966499, -2.58], [24.8360751, -34.1966499, -2.58], [24.8360751, -34.1966499, -2.58], [24.8360751, -34.1966499, -2.58], [24.8360751, -34.1966499, -2.6], [24.8360751, -34.1966499, -2.6], [24.8360751, -34.1966499, -2.6], [24.8360751, -34.1966499, -2.6], [24.8360751, -34.1966498, -2.55], [24.836075, -34.1966498, -2.55], [24.836075, -34.1966498, -2.55], [24.836075, -34.1966498, -2.55], [24.836075, -34.1966498, -2.51], [24.836075, -34.1966498, -2.51], [24.8360749, -34.1966498, -2.51], [24.8360749, -34.1966498, -2.51], [24.8360753, -34.1966499, -2.56], [24.8360753, -34.1966499, -2.56], [24.8360754, -34.1966499, -2.56], [24.8360754, -34.1966499, -2.56], [24.8360754, -34.1966499, -2.58], [24.8360755, -34.1966499, -2.58], [24.8360755, -34.1966499, -2.58], [24.8360755, -34.1966499, -2.58], [24.8360753, -34.19665, -2.6], [24.8360752, -34.19665, -2.6], [24.8360752, -34.19665, -2.6], [24.8360752, -34.19665, -2.6], [24.8360752, -34.1966501, -2.54], [24.8360752, -34.1966501, -2.54], [24.8360751, -34.1966501, -2.54], [24.8360751, -34.1966501, -2.54], [24.8360753, -34.19665, -2.61], [24.8360753, -34.19665, -2.61], [24.8360753, -34.19665, -2.61], [24.8360753, -34.19665, -2.61], [24.8360753, -34.19665, -2.51], [24.8360753, -34.19665, -2.51], [24.8360753, -34.19665, -2.51], [24.8360753, -34.19665, -2.51], [24.8360753, -34.19665, -2.6], [24.8360753, -34.1966501, -2.6], [24.8360753, -34.1966501, -2.6], [24.8360753, -34.1966501, -2.6], [24.8360753, -34.1966501, -2.6], [24.8360753, -34.1966501, -2.6], [24.8360753, -34.1966501, -2.6], [24.8360753, -34.1966501, -2.6], [24.8360753, -34.1966501, -2.54], [24.8360753, -34.1966501, -2.54], [24.8360753, -34.1966501, -2.54], [24.8360753, -34.19665, -2.54], [24.8360753, -34.19665, -2.52], [24.8360753, -34.19665, -2.52], [24.8360753, -34.19665, -2.52], [24.8360753, -34.19665, -2.52], [24.8360754, -34.19665, -2.5], [24.8360754, -34.19665, -2.5], [24.8360754, -34.19665, -2.5], [24.8360754, -34.19665, -2.5], [24.8360754, -34.19665, -2.48], [24.8360754, -34.19665, -2.48], [24.8360754, -34.19665, -2.48], [24.8360754, -34.1966499, -2.48], [24.8360754, -34.1966501, -2.52], [24.8360754, -34.1966501, -2.52], [24.8360754, -34.1966501, -2.52], [24.8360754, -34.1966501, -2.52], [24.8360754, -34.1966501, -2.52], [24.8360754, -34.1966501, -2.52], [24.8360754, -34.1966501, -2.52], [24.8360754, -34.1966501, -2.52], [24.8360755, -34.1966501, -2.55], [24.8360755, -34.1966501, -2.55], [24.8360755, -34.1966501, -2.55], [24.8360755, -34.1966501, -2.55], [24.8360755, -34.1966501, -2.6], [24.8360755, -34.1966501, -2.6], [24.8360755, -34.1966501, -2.6], [24.8360755, -34.1966501, -2.6], [24.8360755, -34.1966501, -2.52], [24.8360755, -34.1966501, -2.52], [24.8360755, -34.1966501, -2.52], [24.8360756, -34.19665, -2.52], [24.8360756, -34.19665, -2.53], [24.8360756, -34.19665, -2.53], [24.8360756, -34.19665, -2.53], [24.8360756, -34.19665, -2.53], [24.8360755, -34.1966501, -2.57], [24.8360755, -34.1966502, -2.57], [24.8360755, -34.1966502, -2.57], [24.8360755, -34.1966502, -2.57], [24.8360755, -34.1966502, -2.55], [24.8360755, -34.1966502, -2.55], [24.8360755, -34.1966503, -2.55], [24.8360755, -34.1966503, -2.55], [24.8360755, -34.1966501, -2.59], [24.8360755, -34.1966501, -2.59], [24.8360755, -34.1966501, -2.59], [24.8360755, -34.1966501, -2.59], [24.8360755, -34.1966501, -2.52], [24.8360755, -34.1966501, -2.52], [24.8360755, -34.1966501, -2.52], [24.8360755, -34.1966501, -2.52], [24.8360754, -34.1966502, -2.44], [24.8360754, -34.1966502, -2.44], [24.8360754, -34.1966502, -2.44], [24.8360754, -34.1966502, -2.44], [24.8360754, -34.1966502, -2.49], [24.8360754, -34.1966502, -2.49], [24.8360754, -34.1966502, -2.49], [24.8360754, -34.1966502, -2.49], [24.8360753, -34.1966501, -2.54], [24.8360753, -34.1966501, -2.54], [24.8360753, -34.1966501, -2.54], [24.8360753, -34.1966501, -2.54], [24.8360753, -34.1966501, -2.55], [24.8360753, -34.1966501, -2.55], [24.8360753, -34.1966501, -2.55], [24.8360752, -34.19665, -2.55], [24.8360752, -34.19665, -2.58], [24.8360752, -34.1966498, -2.58], [24.8360752, -34.1966497, -2.58], [24.8360752, -34.1966497, -2.58], [24.8360753, -34.1966497, -2.56], [24.8360753, -34.1966497, -2.56], [24.8360753, -34.1966497, -2.56], [24.8360753, -34.1966496, -2.56], [24.8360752, -34.1966498, -2.58], [24.8360752, -34.1966498, -2.58], [24.8360752, -34.1966498, -2.58], [24.8360752, -34.1966498, -2.58], [24.8360752, -34.1966498, -2.59], [24.8360752, -34.1966498, -2.59], [24.8360752, -34.1966498, -2.59], [24.8360752, -34.1966498, -2.59], [24.8360751, -34.19665, -2.6], [24.8360751, -34.19665, -2.6], [24.8360751, -34.19665, -2.6], [24.836075, -34.1966501, -2.6], [24.836075, -34.1966501, -2.61], [24.836075, -34.1966501, -2.61], [24.836075, -34.1966501, -2.61], [24.836075, -34.1966502, -2.61], [24.8360751, -34.19665, -2.67], [24.8360751, -34.19665, -2.67], [24.8360751, -34.19665, -2.67], [24.8360751, -34.19665, -2.67], [24.8360751, -34.19665, -2.61], [24.8360751, -34.19665, -2.61], [24.8360751, -34.19665, -2.61], [24.8360751, -34.19665, -2.61], [24.836075, -34.1966499, -2.53], [24.836075, -34.1966499, -2.53], [24.836075, -34.1966499, -2.53], [24.8360749, -34.1966499, -2.53], [24.8360749, -34.1966499, -2.48], [24.8360749, -34.1966499, -2.48], [24.8360749, -34.1966499, -2.48], [24.8360749, -34.1966499, -2.48], [24.8360749, -34.1966499, -2.56], [24.8360749, -34.1966498, -2.56], [24.8360749, -34.1966498, -2.56], [24.8360749, -34.1966498, -2.56], [24.8360749, -34.1966497, -2.6], [24.8360749, -34.1966497, -2.6], [24.8360748, -34.1966497, -2.6], [24.8360748, -34.1966497, -2.6], [24.8360749, -34.1966497, -2.62], [24.8360749, -34.1966497, -2.62], [24.8360749, -34.1966497, -2.62], [24.8360749, -34.1966497, -2.62], [24.8360749, -34.1966497, -2.6], [24.8360749, -34.1966497, -2.6], [24.8360749, -34.1966497, -2.6], [24.8360749, -34.1966497, -2.6], [24.8360749, -34.1966497, -2.6], [24.8360749, -34.1966497, -2.6], [24.8360749, -34.1966497, -2.6], [24.8360749, -34.1966498, -2.6], [24.8360749, -34.1966498, -2.58], [24.8360749, -34.1966498, -2.58], [24.8360748, -34.1966498, -2.58], [24.8360748, -34.1966498, -2.58], [24.8360748, -34.1966497, -2.59], [24.8360748, -34.1966497, -2.59], [24.8360748, -34.1966497, -2.59], [24.8360748, -34.1966497, -2.59], [24.8360748, -34.1966497, -2.65], [24.8360748, -34.1966498, -2.65], [24.8360748, -34.1966498, -2.65], [24.8360748, -34.1966498, -2.65], [24.8360749, -34.1966497, -2.64], [24.8360749, -34.1966497, -2.64], [24.8360749, -34.1966497, -2.64], [24.836075, -34.1966497, -2.64], [24.836075, -34.1966497, -2.6], [24.836075, -34.1966497, -2.6], [24.836075, -34.1966497, -2.6], [24.836075, -34.1966497, -2.6], [24.836075, -34.1966497, -2.49], [24.836075, -34.1966497, -2.49], [24.836075, -34.1966497, -2.49], [24.836075, -34.1966497, -2.49], [24.836075, -34.1966497, -2.51], [24.836075, -34.1966497, -2.51], [24.836075, -34.1966496, -2.51], [24.836075, -34.1966496, -2.51], [24.8360751, -34.1966497, -2.52], [24.8360751, -34.1966497, -2.52], [24.8360751, -34.1966497, -2.52], [24.8360751, -34.1966497, -2.52], [24.8360751, -34.1966497, -2.6], [24.8360751, -34.1966497, -2.6], [24.8360751, -34.1966497, -2.6], [24.8360751, -34.1966497, -2.6], [24.8360751, -34.1966497, -2.55], [24.8360751, -34.1966497, -2.55], [24.8360751, -34.1966497, -2.55], [24.836075, -34.1966497, -2.55], [24.836075, -34.1966497, -2.59], [24.836075, -34.1966497, -2.59], [24.836075, -34.1966498, -2.59], [24.836075, -34.1966498, -2.59], [24.836075, -34.1966496, -2.58], [24.836075, -34.1966496, -2.58], [24.836075, -34.1966496, -2.58], [24.836075, -34.1966496, -2.58], [24.836075, -34.1966496, -2.52], [24.836075, -34.1966496, -2.52], [24.836075, -34.1966496, -2.52], [24.836075, -34.1966496, -2.52], [24.8360749, -34.1966496, -2.55], [24.8360749, -34.1966496, -2.55], [24.8360749, -34.1966496, -2.55], [24.8360749, -34.1966496, -2.55], [24.8360749, -34.1966497, -2.64], [24.8360748, -34.1966497, -2.64], [24.8360748, -34.1966497, -2.64], [24.8360748, -34.1966497, -2.64], [24.8360748, -34.1966498, -2.58], [24.8360749, -34.1966496, -2.58], [24.8360749, -34.1966496, -2.58], [24.8360749, -34.1966496, -2.58], [24.8360749, -34.1966496, -2.57], [24.8360749, -34.1966496, -2.57], [24.8360749, -34.1966496, -2.57], [24.8360749, -34.1966496, -2.57], [24.8360749, -34.1966496, -2.56], [24.8360749, -34.1966496, -2.56], [24.8360749, -34.1966496, -2.56], [24.8360749, -34.1966496, -2.56], [24.8360749, -34.1966496, -2.25], [24.8360749, -34.1966496, -2.25], [24.8360749, -34.1966496, -2.25], [24.8360749, -34.1966496, -2.25], [24.8360749, -34.1966496, -2.12], [24.8360749, -34.1966496, -2.12], [24.8360749, -34.1966496, -2.12], [24.8360749, -34.1966496, -2.12], [24.8360749, -34.1966496, -2.08], [24.8360749, -34.1966496, -2.08], [24.8360749, -34.1966496, -2.08], [24.8360749, -34.1966496, -2.08], [24.836075, -34.1966496, -2.12], [24.836075, -34.1966496, -2.12], [24.836075, -34.1966496, -2.12], [24.836075, -34.1966496, -2.12], [24.836075, -34.1966496, -2.1], [24.836075, -34.1966496, -2.1], [24.836075, -34.1966496, -2.1], [24.836075, -34.1966496, -2.1], [24.836075, -34.1966497, -2.15], [24.836075, -34.1966497, -2.15], [24.836075, -34.1966497, -2.15], [24.836075, -34.1966497, -2.15], [24.836075, -34.1966498, -2.19], [24.836075, -34.1966498, -2.19], [24.836075, -34.1966498, -2.19], [24.836075, -34.1966498, -2.19], [24.836075, -34.1966498, -2.17], [24.8360751, -34.1966497, -2.17], [24.8360751, -34.1966497, -2.17], [24.8360751, -34.1966497, -2.17], [24.8360751, -34.1966497, -2.21], [24.8360751, -34.1966497, -2.21], [24.8360751, -34.1966496, -2.21], [24.8360751, -34.1966496, -2.21], [24.8360754, -34.1966497, -2.18], [24.8360754, -34.1966497, -2.18], [24.8360755, -34.1966497, -2.18], [24.8360755, -34.1966497, -2.18], [24.8360755, -34.1966497, -2.19], [24.8360756, -34.1966497, -2.19], [24.8360756, -34.1966497, -2.19], [24.8360756, -34.1966497, -2.19], [24.8360754, -34.1966497, -2.17], [24.8360754, -34.1966497, -2.17], [24.8360754, -34.1966497, -2.17], [24.8360754, -34.1966497, -2.17], [24.8360754, -34.1966497, -2.18], [24.8360754, -34.1966497, -2.18], [24.8360754, -34.1966497, -2.18], [24.8360754, -34.1966497, -2.18], [24.8360756, -34.1966498, -2.2], [24.8360756, -34.1966498, -2.2], [24.8360757, -34.1966498, -2.2], [24.8360757, -34.1966498, -2.2], [24.8360757, -34.1966498, -2.2], [24.8360757, -34.1966498, -2.2], [24.8360757, -34.1966499, -2.2], [24.8360757, -34.1966499, -2.2], [24.8360759, -34.1966498, -2.19], [24.8360759, -34.1966498, -2.19], [24.8360759, -34.1966498, -2.19], [24.8360759, -34.1966498, -2.19], [24.836076, -34.1966497, -2.11], [24.836076, -34.1966497, -2.11], [24.836076, -34.1966497, -2.11], [24.836076, -34.1966497, -2.11], [24.8360761, -34.1966497, -2.12], [24.8360758, -34.1966498, -2.12], [24.8360758, -34.1966498, -2.12], [24.8360757, -34.1966498, -2.12], [24.8360757, -34.1966498, -2.17], [24.8360757, -34.1966498, -2.17], [24.8360757, -34.1966498, -2.17], [24.8360756, -34.1966498, -2.17], [24.8360758, -34.1966498, -2.22], [24.8360758, -34.1966498, -2.22], [24.8360758, -34.1966498, -2.22], [24.8360758, -34.1966498, -2.22], [24.8360758, -34.1966498, -2.19], [24.8360759, -34.1966498, -2.19], [24.8360759, -34.1966498, -2.19], [24.8360759, -34.1966498, -2.19], [24.836076, -34.1966497, -2.12], [24.836076, -34.1966497, -2.12], [24.836076, -34.1966497, -2.12], [24.8360761, -34.1966497, -2.12], [24.8360761, -34.1966497, -2.17], [24.8360761, -34.1966497, -2.17], [24.8360761, -34.1966497, -2.17], [24.8360761, -34.1966497, -2.17], [24.8360761, -34.1966497, -2.15], [24.8360761, -34.1966497, -2.15], [24.8360761, -34.1966497, -2.15], [24.8360761, -34.1966497, -2.15], [24.8360761, -34.1966497, -2.14], [24.8360761, -34.1966497, -2.14], [24.8360761, -34.1966497, -2.14], [24.8360761, -34.1966498, -2.14], [24.8360761, -34.1966497, -2.2], [24.8360761, -34.1966497, -2.2], [24.8360761, -34.1966496, -2.2], [24.8360761, -34.1966496, -2.2], [24.8360761, -34.1966496, -2.22], [24.8360761, -34.1966496, -2.22], [24.8360761, -34.1966496, -2.22], [24.8360761, -34.1966496, -2.22], [24.8360761, -34.1966495, -2.11], [24.8360762, -34.1966497, -2.11], [24.8360762, -34.1966497, -2.11], [24.8360762, -34.1966497, -2.11], [24.8360762, -34.1966497, -2.17], [24.8360762, -34.1966497, -2.17], [24.8360762, -34.1966497, -2.17], [24.8360762, -34.1966497, -2.17], [24.8360762, -34.1966497, -2.08], [24.8360762, -34.1966497, -2.08], [24.8360762, -34.1966497, -2.08], [24.8360762, -34.1966497, -2.08], [24.8360762, -34.1966497, -2.07], [24.8360762, -34.1966496, -2.07], [24.8360762, -34.1966496, -2.07], [24.8360762, -34.1966496, -2.07], [24.8360763, -34.1966496, -2.05], [24.8360763, -34.1966495, -2.05], [24.8360763, -34.1966495, -2.05], [24.8360763, -34.1966495, -2.05], [24.8360763, -34.1966495, -2.14], [24.8360763, -34.1966495, -2.14], [24.8360763, -34.1966495, -2.14], [24.8360763, -34.1966494, -2.14], [24.8360763, -34.1966496, -2.21], [24.8360763, -34.1966496, -2.21], [24.8360762, -34.1966496, -2.21], [24.8360762, -34.1966496, -2.21], [24.8360762, -34.1966497, -2.18], [24.8360762, -34.1966497, -2.18], [24.8360762, -34.1966497, -2.18], [24.8360762, -34.1966497, -2.18], [24.8360763, -34.1966497, -2.11], [24.8360763, -34.1966497, -2.11], [24.8360763, -34.1966497, -2.11], [24.8360763, -34.1966497, -2.11], [24.8360763, -34.1966497, -2.18], [24.8360763, -34.1966497, -2.18], [24.8360763, -34.1966497, -2.18], [24.8360763, -34.1966497, -2.18], [24.8360763, -34.1966497, -2.12], [24.8360763, -34.1966496, -2.12], [24.8360763, -34.1966496, -2.12], [24.8360763, -34.1966496, -2.12], [24.8360763, -34.1966496, -2.12], [24.8360763, -34.1966496, -2.12], [24.8360763, -34.1966496, -2.12], [24.8360763, -34.1966496, -2.12], [24.8360764, -34.1966497, -2.11], [24.8360764, -34.1966497, -2.11], [24.8360764, -34.1966497, -2.11], [24.8360764, -34.1966497, -2.11], [24.8360764, -34.1966497, -2.08], [24.8360764, -34.1966497, -2.08], [24.8360764, -34.1966497, -2.08], [24.8360764, -34.1966497, -2.08], [24.8360764, -34.1966498, -2.12], [24.8360764, -34.1966498, -2.12], [24.8360764, -34.1966498, -2.12], [24.8360764, -34.1966499, -2.12], [24.8360764, -34.1966499, -2.09], [24.8360763, -34.1966499, -2.09], [24.8360763, -34.1966499, -2.09], [24.8360763, -34.1966499, -2.09], [24.8360763, -34.1966501, -2.12], [24.8360763, -34.1966501, -2.12], [24.8360763, -34.1966502, -2.12], [24.8360762, -34.1966502, -2.12], [24.8360762, -34.1966502, -2.19], [24.8360762, -34.1966503, -2.19], [24.8360762, -34.1966503, -2.19], [24.8360762, -34.1966503, -2.19], [24.8360762, -34.1966501, -2.07], [24.8360762, -34.1966501, -2.07], [24.8360762, -34.1966501, -2.07], [24.8360762, -34.1966501, -2.07], [24.8360762, -34.1966501, -2.19], [24.8360762, -34.1966501, -2.19], [24.8360762, -34.1966501, -2.19], [24.8360762, -34.1966501, -2.19], [24.8360762, -34.19665, -2.21], [24.8360763, -34.1966501, -2.21], [24.8360764, -34.1966501, -2.21], [24.8360764, -34.1966501, -2.21], [24.8360764, -34.19665, -2.12], [24.8360764, -34.19665, -2.12], [24.8360764, -34.19665, -2.12], [24.8360765, -34.19665, -2.12], [24.8360763, -34.1966501, -2.12], [24.8360763, -34.1966501, -2.12], [24.8360763, -34.1966501, -2.12], [24.8360763, -34.1966501, -2.12], [24.8360763, -34.1966501, -2.14], [24.8360763, -34.1966501, -2.14], [24.8360763, -34.1966501, -2.14], [24.8360762, -34.1966501, -2.14], [24.8360763, -34.19665, -2.17], [24.8360763, -34.19665, -2.17], [24.8360763, -34.1966499, -2.17], [24.8360763, -34.1966499, -2.17], [24.8360763, -34.1966499, -2.09], [24.8360763, -34.1966499, -2.09], [24.8360763, -34.1966499, -2.09], [24.8360763, -34.1966498, -2.09], [24.8360763, -34.1966499, -2.12], [24.8360763, -34.1966499, -2.12], [24.8360763, -34.1966499, -2.12], [24.8360763, -34.1966498, -2.12], [24.8360763, -34.1966498, -2.09], [24.8360763, -34.1966498, -2.09], [24.8360763, -34.1966498, -2.09], [24.8360763, -34.1966498, -2.09], [24.8360762, -34.19665, -2.14], [24.8360762, -34.19665, -2.14], [24.8360762, -34.19665, -2.14], [24.8360762, -34.1966501, -2.14], [24.8360762, -34.1966501, -2.19], [24.8360762, -34.1966501, -2.19], [24.8360762, -34.1966501, -2.19], [24.8360762, -34.1966501, -2.19], [24.8360762, -34.1966501, -2.16], [24.8360761, -34.19665, -2.16], [24.8360761, -34.19665, -2.16], [24.8360761, -34.19665, -2.16], [24.8360761, -34.19665, -2.12], [24.8360761, -34.19665, -2.12], [24.8360761, -34.19665, -2.12], [24.8360761, -34.19665, -2.12], [24.8360761, -34.1966501, -2.2], [24.8360761, -34.1966501, -2.2], [24.8360761, -34.1966501, -2.2], [24.8360761, -34.1966501, -2.2], [24.836076, -34.1966501, -1.83], [24.836076, -34.1966501, -1.83], [24.836076, -34.1966501, -1.83], [24.836076, -34.1966501, -1.83], [24.836076, -34.1966501, -1.82], [24.836076, -34.1966501, -1.82], [24.836076, -34.19665, -1.82], [24.836076, -34.19665, -1.82], [24.836076, -34.19665, -1.83], [24.836076, -34.19665, -1.83], [24.836076, -34.19665, -1.83], [24.8360761, -34.1966499, -1.83], [24.8360761, -34.19665, -1.86], [24.8360762, -34.19665, -1.86], [24.8360762, -34.19665, -1.86], [24.8360762, -34.1966501, -1.86], [24.8360762, -34.1966501, -1.76], [24.8360762, -34.1966501, -1.76], [24.8360762, -34.1966501, -1.76], [24.8360763, -34.1966501, -1.76], [24.8360762, -34.19665, -1.81], [24.8360762, -34.19665, -1.81], [24.8360762, -34.19665, -1.81], [24.8360762, -34.19665, -1.81], [24.8360762, -34.19665, -1.78], [24.8360763, -34.19665, -1.78], [24.8360763, -34.19665, -1.78], [24.8360763, -34.19665, -1.78], [24.8360763, -34.19665, -1.79], [24.8360763, -34.19665, -1.79], [24.8360763, -34.19665, -1.79], [24.8360763, -34.1966499, -1.79], [24.8360763, -34.1966499, -1.78], [24.8360763, -34.1966499, -1.78], [24.8360763, -34.1966499, -1.78], [24.8360763, -34.1966499, -1.78], [24.8360762, -34.1966498, -1.84], [24.8360762, -34.1966498, -1.84], [24.8360762, -34.1966498, -1.84], [24.8360762, -34.1966498, -1.84], [24.8360762, -34.1966497, -1.79], [24.8360762, -34.1966497, -1.79], [24.8360762, -34.1966497, -1.79], [24.8360761, -34.1966497, -1.79], [24.8360761, -34.1966496, -1.86], [24.8360761, -34.1966495, -1.86], [24.8360761, -34.1966495, -1.86], [24.8360761, -34.1966494, -1.86], [24.8360761, -34.1966494, -1.79], [24.8360761, -34.1966494, -1.79], [24.8360761, -34.1966493, -1.79], [24.8360761, -34.1966493, -1.79], [24.836076, -34.1966496, -1.78], [24.836076, -34.1966496, -1.78], [24.836076, -34.1966496, -1.78], [24.836076, -34.1966495, -1.78], [24.836076, -34.1966495, -1.91], [24.836076, -34.1966495, -1.91], [24.836076, -34.1966495, -1.91], [24.836076, -34.1966495, -1.91], [24.836076, -34.1966496, -1.86], [24.836076, -34.1966496, -1.86], [24.836076, -34.1966496, -1.86], [24.836076, -34.1966496, -1.86], [24.836076, -34.1966496, -1.81], [24.836076, -34.1966496, -1.81], [24.836076, -34.1966496, -1.81], [24.836076, -34.1966495, -1.81], [24.836076, -34.1966495, -1.76], [24.836076, -34.1966495, -1.76], [24.8360759, -34.1966495, -1.76], [24.8360759, -34.1966495, -1.76], [24.8360759, -34.1966495, -1.83], [24.8360759, -34.1966495, -1.83], [24.8360759, -34.1966495, -1.83], [24.8360759, -34.1966495, -1.83], [24.8360758, -34.1966496, -1.88], [24.8360758, -34.1966496, -1.88], [24.8360757, -34.1966496, -1.88], [24.8360757, -34.1966496, -1.88], [24.8360757, -34.1966497, -1.87], [24.8360757, -34.1966497, -1.87], [24.8360757, -34.1966497, -1.87], [24.8360756, -34.1966497, -1.87], [24.8360757, -34.1966496, -1.78], [24.8360757, -34.1966496, -1.78], [24.8360757, -34.1966496, -1.78], [24.8360757, -34.1966496, -1.78], [24.8360757, -34.1966496, -1.89], [24.8360757, -34.1966496, -1.89], [24.8360758, -34.1966496, -1.89], [24.8360758, -34.1966496, -1.89], [24.8360757, -34.1966497, -1.83], [24.8360757, -34.1966498, -1.83], [24.8360757, -34.1966498, -1.83], [24.8360757, -34.1966498, -1.83], [24.8360757, -34.1966498, -1.83], [24.8360757, -34.1966498, -1.83], [24.8360757, -34.1966499, -1.83], [24.8360757, -34.1966499, -1.83], [24.8360757, -34.1966497, -1.86], [24.8360757, -34.1966497, -1.86], [24.8360757, -34.1966497, -1.86], [24.8360757, -34.1966497, -1.86], [24.8360757, -34.1966497, -1.85], [24.8360757, -34.1966497, -1.85], [24.8360757, -34.1966497, -1.85], [24.8360758, -34.1966497, -1.85], [24.8360758, -34.1966497, -1.97], [24.8360758, -34.1966497, -1.97], [24.8360758, -34.1966497, -1.97], [24.8360758, -34.1966497, -1.97], [24.8360759, -34.1966497, -1.91], [24.8360759, -34.1966497, -1.91], [24.8360759, -34.1966497, -1.91], [24.8360759, -34.1966497, -1.91], [24.8360757, -34.1966497, -1.83], [24.8360757, -34.1966497, -1.83], [24.8360757, -34.1966497, -1.83], [24.8360757, -34.1966497, -1.83], [24.8360757, -34.1966497, -1.84], [24.8360757, -34.1966497, -1.84], [24.8360757, -34.1966497, -1.84], [24.8360757, -34.1966497, -1.84], [24.8360756, -34.1966496, -1.84], [24.8360756, -34.1966496, -1.84], [24.8360756, -34.1966496, -1.84], [24.8360756, -34.1966496, -1.84], [24.8360756, -34.1966496, -1.93], [24.8360756, -34.1966496, -1.93], [24.8360756, -34.1966496, -1.93], [24.8360756, -34.1966496, -1.93], [24.8360756, -34.1966496, -1.82], [24.8360756, -34.1966496, -1.82], [24.8360756, -34.1966496, -1.82], [24.8360756, -34.1966496, -1.82], [24.8360756, -34.1966496, -1.87], [24.8360756, -34.1966496, -1.87], [24.8360756, -34.1966496, -1.87], [24.8360756, -34.1966496, -1.87], [24.8360755, -34.1966496, -1.83], [24.8360755, -34.1966496, -1.83], [24.8360754, -34.1966496, -1.83], [24.8360754, -34.1966496, -1.83], [24.8360754, -34.1966497, -1.75], [24.8360754, -34.1966497, -1.75], [24.8360754, -34.1966497, -1.75], [24.8360754, -34.1966497, -1.75], [24.8360753, -34.1966497, -1.76], [24.8360755, -34.1966496, -1.76], [24.8360755, -34.1966496, -1.76], [24.8360755, -34.1966496, -1.76], [24.8360755, -34.1966496, -1.84], [24.8360756, -34.1966496, -1.84], [24.8360756, -34.1966496, -1.84], [24.8360756, -34.1966496, -1.84], [24.8360756, -34.1966496, -1.82], [24.8360757, -34.1966496, -1.82], [24.8360757, -34.1966496, -1.82], [24.8360757, -34.1966495, -1.82], [24.8360757, -34.1966495, -1.81], [24.8360757, -34.1966495, -1.81], [24.8360757, -34.1966495, -1.81], [24.8360758, -34.1966495, -1.81], [24.8360756, -34.1966496, -1.91], [24.8360756, -34.1966496, -1.91], [24.8360756, -34.1966497, -1.91], [24.8360755, -34.1966497, -1.91], [24.8360755, -34.1966497, -1.88], [24.8360755, -34.1966497, -1.88], [24.8360755, -34.1966497, -1.88], [24.8360755, -34.1966497, -1.88], [24.8360755, -34.1966497, -1.91], [24.8360755, -34.1966497, -1.91], [24.8360755, -34.1966497, -1.91], [24.8360755, -34.1966497, -1.91], [24.8360755, -34.1966497, -1.92], [24.8360755, -34.1966497, -1.92], [24.8360755, -34.1966497, -1.92], [24.8360755, -34.1966497, -1.92], [24.8360755, -34.1966496, -1.83], [24.8360755, -34.1966496, -1.83], [24.8360755, -34.1966496, -1.83], [24.8360755, -34.1966496, -1.83], [24.8360755, -34.1966496, -1.87], [24.8360755, -34.1966496, -1.87], [24.8360755, -34.1966496, -1.87], [24.8360755, -34.1966496, -1.87], [24.8360756, -34.1966496, -1.82], [24.8360754, -34.1966496, -1.82], [24.8360754, -34.1966496, -1.82], [24.8360753, -34.1966497, -1.82], [24.8360753, -34.1966497, -1.82], [24.8360753, -34.1966497, -1.82], [24.8360753, -34.1966497, -1.82], [24.8360753, -34.1966498, -1.82], [24.8360753, -34.1966497, -1.95], [24.8360753, -34.1966497, -1.95], [24.8360753, -34.1966497, -1.95], [24.8360754, -34.1966498, -1.95], [24.8360754, -34.1966498, -1.86], [24.8360754, -34.1966498, -1.86], [24.8360754, -34.1966498, -1.86], [24.8360754, -34.1966499, -1.86], [24.8360753, -34.1966496, -1.8], [24.8360753, -34.1966496, -1.8], [24.8360753, -34.1966496, -1.8], [24.8360754, -34.1966496, -1.8], [24.8360754, -34.1966496, -1.73], [24.8360754, -34.1966495, -1.73], [24.8360754, -34.1966495, -1.73], [24.8360754, -34.1966495, -1.73], [24.8360753, -34.1966494, -1.86], [24.8360753, -34.1966494, -1.86], [24.8360753, -34.1966494, -1.86], [24.8360753, -34.1966494, -1.86], [24.8360753, -34.1966494, -1.85], [24.8360753, -34.1966493, -1.85], [24.8360753, -34.1966493, -1.85], [24.8360753, -34.1966493, -1.85], [24.8360753, -34.1966494, -1.78], [24.8360753, -34.1966494, -1.78], [24.8360753, -34.1966494, -1.78], [24.8360753, -34.1966494, -1.78], [24.8360753, -34.1966494, -1.73], [24.8360753, -34.1966494, -1.73], [24.8360753, -34.1966494, -1.73], [24.8360753, -34.1966494, -1.73], [24.8360753, -34.1966494, -1.82], [24.8360753, -34.1966493, -1.82], [24.8360753, -34.1966493, -1.82], [24.8360753, -34.1966492, -1.82], [24.8360753, -34.1966492, -1.83], [24.8360753, -34.1966492, -1.83], [24.8360754, -34.1966492, -1.83], [24.8360754, -34.1966492, -1.83], [24.8360753, -34.1966491, -1.9], [24.8360753, -34.1966491, -1.9], [24.8360753, -34.1966491, -1.9], [24.8360753, -34.1966491, -1.9], [24.8360753, -34.1966491, -1.67], [24.8360753, -34.1966491, -1.67], [24.8360753, -34.1966491, -1.67], [24.8360753, -34.1966491, -1.67], [24.8360753, -34.1966492, -1.53], [24.8360753, -34.1966492, -1.53], [24.8360753, -34.1966492, -1.53], [24.8360753, -34.1966492, -1.53], [24.8360754, -34.1966492, -1.48], [24.8360754, -34.1966492, -1.48], [24.8360754, -34.1966492, -1.48], [24.8360754, -34.1966492, -1.48], [24.8360753, -34.1966491, -1.44], [24.8360753, -34.1966491, -1.44], [24.8360753, -34.196649, -1.44], [24.8360754, -34.196649, -1.44], [24.8360754, -34.196649, -1.54], [24.8360754, -34.196649, -1.54], [24.8360754, -34.196649, -1.54], [24.8360754, -34.196649, -1.54], [24.8360753, -34.196649, -1.5], [24.8360753, -34.196649, -1.5], [24.8360753, -34.196649, -1.5], [24.8360754, -34.196649, -1.5], [24.8360754, -34.1966489, -1.48], [24.8360754, -34.1966489, -1.48], [24.8360754, -34.1966489, -1.48], [24.8360754, -34.1966489, -1.48], [24.8360754, -34.1966489, -1.51], [24.8360752, -34.1966492, -1.51], [24.8360752, -34.1966492, -1.51], [24.8360752, -34.1966492, -1.51], [24.8360752, -34.1966492, -1.47], [24.8360752, -34.1966492, -1.47], [24.8360752, -34.1966493, -1.47], [24.8360752, -34.1966493, -1.47], [24.8360751, -34.1966496, -1.43], [24.8360751, -34.1966496, -1.43], [24.8360751, -34.1966496, -1.43], [24.836075, -34.1966497, -1.43], [24.836075, -34.1966498, -1.4], [24.836075, -34.1966498, -1.4], [24.836075, -34.1966498, -1.4], [24.836075, -34.1966499, -1.4], [24.8360749, -34.1966495, -1.39], [24.8360748, -34.1966495, -1.39], [24.8360748, -34.1966495, -1.39], [24.8360748, -34.1966495, -1.39], [24.8360748, -34.1966495, -1.49], [24.8360748, -34.1966495, -1.49], [24.8360747, -34.1966495, -1.49], [24.8360747, -34.1966495, -1.49], [24.8360747, -34.1966497, -1.52], [24.8360747, -34.1966497, -1.52], [24.8360747, -34.1966497, -1.52], [24.8360746, -34.1966498, -1.52], [24.8360746, -34.1966498, -1.48], [24.8360746, -34.1966498, -1.48], [24.8360746, -34.1966498, -1.48], [24.8360746, -34.1966499, -1.48], [24.8360747, -34.1966496, -1.53], [24.8360747, -34.1966496, -1.53], [24.8360747, -34.1966496, -1.53], [24.8360748, -34.1966496, -1.53], [24.8360748, -34.1966496, -1.48], [24.8360748, -34.1966496, -1.48], [24.8360748, -34.1966496, -1.48], [24.8360748, -34.1966496, -1.48], [24.8360748, -34.1966496, -1.46], [24.8360747, -34.1966496, -1.46], [24.8360747, -34.1966497, -1.46], [24.8360747, -34.1966497, -1.46], [24.8360747, -34.1966497, -1.52], [24.8360747, -34.1966497, -1.52], [24.8360746, -34.1966497, -1.52], [24.8360746, -34.1966498, -1.52], [24.8360746, -34.1966495, -1.45], [24.8360746, -34.1966495, -1.45], [24.8360746, -34.1966494, -1.45], [24.8360746, -34.1966494, -1.45], [24.8360746, -34.1966494, -1.49], [24.8360746, -34.1966494, -1.49], [24.8360746, -34.1966494, -1.49], [24.8360746, -34.1966494, -1.49], [24.8360746, -34.1966493, -1.56], [24.8360746, -34.1966493, -1.56], [24.8360746, -34.1966493, -1.56], [24.8360747, -34.1966493, -1.56], [24.8360747, -34.1966493, -1.53], [24.8360747, -34.1966493, -1.53], [24.8360747, -34.1966493, -1.53], [24.8360747, -34.1966493, -1.53], [24.8360746, -34.1966492, -1.47], [24.8360746, -34.1966492, -1.47], [24.8360746, -34.1966492, -1.47], [24.8360746, -34.1966492, -1.47], [24.8360746, -34.1966492, -1.47], [24.8360746, -34.1966492, -1.47], [24.8360746, -34.1966492, -1.47], [24.8360746, -34.1966492, -1.47], [24.8360746, -34.1966493, -1.44], [24.8360746, -34.1966493, -1.44], [24.8360746, -34.1966493, -1.44], [24.8360746, -34.1966493, -1.44], [24.8360746, -34.1966493, -1.46], [24.8360746, -34.1966493, -1.46], [24.8360746, -34.1966493, -1.46], [24.8360746, -34.1966493, -1.46], [24.8360746, -34.1966493, -1.41], [24.8360746, -34.1966492, -1.41], [24.8360746, -34.1966492, -1.41], [24.8360746, -34.1966491, -1.41], [24.8360746, -34.1966491, -1.52], [24.8360746, -34.1966491, -1.52], [24.8360746, -34.1966491, -1.52], [24.8360746, -34.1966491, -1.52], [24.8360746, -34.196649, -1.5], [24.8360746, -34.196649, -1.5], [24.8360746, -34.196649, -1.5], [24.8360746, -34.196649, -1.5], [24.8360746, -34.196649, -1.59], [24.8360746, -34.196649, -1.59], [24.8360746, -34.196649, -1.59], [24.8360746, -34.196649, -1.59], [24.8360745, -34.196649, -1.57], [24.8360745, -34.196649, -1.57], [24.8360745, -34.196649, -1.57], [24.8360745, -34.1966489, -1.57], [24.8360745, -34.1966489, -1.57], [24.8360745, -34.1966489, -1.57], [24.8360745, -34.1966489, -1.57], [24.8360745, -34.1966489, -1.57], [24.8360745, -34.1966489, -1.53], [24.8360745, -34.1966489, -1.53], [24.8360745, -34.1966489, -1.53], [24.8360745, -34.1966489, -1.53], [24.8360745, -34.1966489, -1.56], [24.8360745, -34.1966489, -1.56], [24.8360745, -34.1966489, -1.56], [24.8360746, -34.1966489, -1.56], [24.8360745, -34.1966486, -1.52], [24.8360745, -34.1966485, -1.52], [24.8360745, -34.1966485, -1.52], [24.8360745, -34.1966485, -1.52], [24.8360745, -34.1966485, -1.52], [24.8360745, -34.1966485, -1.52], [24.8360745, -34.1966484, -1.52], [24.8360745, -34.1966484, -1.52], [24.8360745, -34.1966484, -1.53], [24.8360747, -34.1966484, -1.53], [24.8360747, -34.1966484, -1.53], [24.8360747, -34.1966484, -1.53], [24.8360747, -34.1966484, -1.55], [24.8360747, -34.1966484, -1.55], [24.8360748, -34.1966484, -1.55], [24.8360748, -34.1966484, -1.55], [24.8360745, -34.1966483, -1.42], [24.8360745, -34.1966483, -1.42], [24.8360745, -34.1966483, -1.42], [24.8360744, -34.1966483, -1.42], [24.8360744, -34.1966483, -1.46], [24.8360744, -34.1966483, -1.46], [24.8360744, -34.1966483, -1.46], [24.8360744, -34.1966483, -1.46], [24.8360745, -34.196648, -1.47], [24.8360746, -34.196648, -1.47], [24.8360746, -34.196648, -1.47], [24.8360746, -34.196648, -1.47], [24.8360746, -34.196648, -1.46], [24.8360746, -34.1966479, -1.46], [24.8360746, -34.1966479, -1.46], [24.8360747, -34.1966479, -1.46], [24.8360745, -34.1966477, -1.51], [24.8360745, -34.1966477, -1.51], [24.8360745, -34.1966477, -1.51], [24.8360744, -34.1966477, -1.51], [24.8360744, -34.1966477, -1.41], [24.8360744, -34.1966478, -1.41], [24.8360744, -34.1966478, -1.41], [24.8360744, -34.1966478, -1.41], [24.8360744, -34.1966477, -1.52], [24.8360744, -34.1966477, -1.52], [24.8360744, -34.1966477, -1.52], [24.8360744, -34.1966477, -1.52], [24.8360744, -34.1966477, -1.49], [24.8360744, -34.1966477, -1.49], [24.8360744, -34.1966477, -1.49], [24.8360745, -34.1966477, -1.49], [24.8360745, -34.1966477, -1.41], [24.8360745, -34.1966477, -1.41], [24.8360744, -34.1966476, -1.41], [24.8360744, -34.1966476, -1.41], [24.8360744, -34.1966476, -1.37], [24.8360744, -34.1966476, -1.37], [24.8360744, -34.1966476, -1.37], [24.8360744, -34.1966475, -1.37], [24.8360743, -34.1966476, -1.42], [24.8360743, -34.1966476, -1.42], [24.8360743, -34.1966477, -1.42], [24.8360742, -34.1966477, -1.42], [24.8360742, -34.1966477, -1.49], [24.8360742, -34.1966477, -1.49], [24.8360742, -34.1966477, -1.49], [24.8360742, -34.1966478, -1.49], [24.8360743, -34.1966477, -1.56], [24.8360743, -34.1966477, -1.56], [24.8360743, -34.1966477, -1.56], [24.8360743, -34.1966477, -1.56], [24.8360744, -34.1966477, -1.56], [24.8360744, -34.1966477, -1.56], [24.8360744, -34.1966477, -1.56], [24.8360744, -34.1966477, -1.56], [24.8360742, -34.1966478, -1.52], [24.8360742, -34.1966478, -1.52], [24.8360742, -34.1966478, -1.52], [24.8360742, -34.1966478, -1.52], [24.8360742, -34.1966478, -1.51], [24.8360742, -34.1966478, -1.51], [24.8360742, -34.1966478, -1.51], [24.8360742, -34.1966478, -1.51], [24.8360742, -34.1966477, -1.5], [24.8360742, -34.1966477, -1.5], [24.8360742, -34.1966477, -1.5], [24.8360742, -34.1966477, -1.5], [24.8360742, -34.1966477, -1.53], [24.8360742, -34.1966477, -1.53], [24.8360742, -34.1966477, -1.53], [24.8360742, -34.1966477, -1.53], [24.8360742, -34.1966477, -1.48], [24.8360742, -34.1966477, -1.48], [24.8360742, -34.1966477, -1.48], [24.8360742, -34.1966477, -1.48], [24.8360742, -34.1966476, -1.52], [24.8360742, -34.1966476, -1.52], [24.8360742, -34.1966476, -1.52], [24.8360743, -34.1966476, -1.52], [24.8360742, -34.1966478, -1.45], [24.8360742, -34.1966478, -1.45], [24.8360742, -34.1966478, -1.45], [24.8360742, -34.1966478, -1.45], [24.8360742, -34.1966479, -1.76], [24.8360742, -34.1966479, -1.76], [24.8360742, -34.1966479, -1.76], [24.8360742, -34.1966479, -1.76], [24.8360743, -34.1966479, -1.81], [24.8360743, -34.1966479, -1.81], [24.8360743, -34.1966479, -1.81], [24.8360743, -34.1966479, -1.81], [24.8360744, -34.1966479, -1.83], [24.8360744, -34.1966479, -1.83], [24.8360744, -34.1966479, -1.83], [24.8360744, -34.1966479, -1.83], [24.8360742, -34.1966475, -1.83], [24.8360742, -34.1966475, -1.83], [24.8360742, -34.1966475, -1.83], [24.8360741, -34.1966475, -1.83], [24.8360741, -34.1966475, -1.82], [24.8360741, -34.1966474, -1.82], [24.8360741, -34.1966474, -1.82], [24.8360741, -34.1966474, -1.82], [24.8360742, -34.1966476, -1.83], [24.8360742, -34.1966476, -1.83], [24.8360742, -34.1966476, -1.83], [24.8360742, -34.1966476, -1.83], [24.8360742, -34.1966476, -1.76], [24.8360742, -34.1966476, -1.76], [24.8360742, -34.1966476, -1.76], [24.8360742, -34.1966476, -1.76], [24.8360742, -34.1966476, -1.81], [24.8360742, -34.1966476, -1.81], [24.8360742, -34.1966476, -1.81], [24.8360742, -34.1966477, -1.81], [24.8360742, -34.1966477, -1.83], [24.8360742, -34.1966477, -1.83], [24.8360742, -34.1966477, -1.83], [24.8360742, -34.1966477, -1.83], [24.8360741, -34.1966477, -1.83], [24.8360741, -34.1966477, -1.83], [24.8360741, -34.1966477, -1.83], [24.8360741, -34.1966477, -1.83], [24.836074, -34.1966477, -1.81], [24.836074, -34.1966477, -1.81], [24.836074, -34.1966477, -1.81], [24.836074, -34.1966477, -1.81], [24.836074, -34.1966476, -1.88], [24.836074, -34.1966476, -1.88], [24.836074, -34.1966475, -1.88], [24.836074, -34.1966475, -1.88], [24.836074, -34.1966475, -1.85], [24.836074, -34.1966475, -1.85], [24.836074, -34.1966475, -1.85], [24.836074, -34.1966474, -1.85], [24.836074, -34.1966475, -1.86], [24.836074, -34.1966475, -1.86], [24.836074, -34.1966475, -1.86], [24.836074, -34.1966475, -1.86], [24.8360739, -34.1966475, -1.87], [24.8360739, -34.1966475, -1.87], [24.8360739, -34.1966475, -1.87], [24.8360739, -34.1966475, -1.87], [24.8360739, -34.1966476, -1.83], [24.8360739, -34.1966476, -1.83], [24.8360739, -34.1966477, -1.83], [24.8360739, -34.1966477, -1.83], [24.8360739, -34.1966477, -1.81], [24.836074, -34.1966477, -1.81], [24.836074, -34.1966477, -1.81], [24.836074, -34.1966478, -1.81], [24.836074, -34.1966478, -1.81], [24.8360739, -34.1966475, -1.81], [24.8360739, -34.1966475, -1.81], [24.8360739, -34.1966475, -1.81], [24.8360739, -34.1966474, -1.8], [24.8360739, -34.1966474, -1.8], [24.8360739, -34.1966474, -1.8], [24.8360739, -34.1966473, -1.8], [24.8360739, -34.1966474, -1.75], [24.8360739, -34.1966474, -1.75], [24.8360739, -34.1966474, -1.75], [24.8360739, -34.1966474, -1.75], [24.8360739, -34.1966474, -1.78], [24.8360739, -34.1966474, -1.78], [24.8360739, -34.1966474, -1.78], [24.8360739, -34.1966475, -1.78], [24.8360739, -34.1966474, -1.74], [24.8360739, -34.1966474, -1.74], [24.8360739, -34.1966474, -1.74], [24.836074, -34.1966474, -1.74], [24.836074, -34.1966474, -1.67], [24.836074, -34.1966474, -1.67], [24.836074, -34.1966474, -1.67], [24.836074, -34.1966474, -1.67], [24.8360739, -34.1966473, -1.72], [24.8360739, -34.1966473, -1.72], [24.8360739, -34.1966473, -1.72], [24.8360739, -34.1966473, -1.72], [24.8360738, -34.1966473, -1.82], [24.8360738, -34.1966473, -1.82], [24.8360738, -34.1966473, -1.82], [24.8360738, -34.1966472, -1.82], [24.8360738, -34.1966473, -1.75], [24.8360738, -34.1966473, -1.75], [24.8360738, -34.1966473, -1.75], [24.8360738, -34.1966473, -1.75], [24.8360738, -34.1966473, -1.73], [24.8360738, -34.1966473, -1.73], [24.8360738, -34.1966473, -1.73], [24.8360739, -34.1966473, -1.73], [24.8360739, -34.1966473, -1.75], [24.8360738, -34.1966474, -1.75], [24.8360738, -34.1966474, -1.75], [24.8360738, -34.1966474, -1.75], [24.8360738, -34.1966474, -1.67], [24.8360738, -34.1966474, -1.67], [24.8360738, -34.1966474, -1.67], [24.8360738, -34.1966474, -1.67], [24.8360737, -34.1966474, -1.67], [24.8360737, -34.1966474, -1.67], [24.8360737, -34.1966474, -1.67], [24.8360737, -34.1966474, -1.67], [24.8360737, -34.1966474, -1.72], [24.8360737, -34.1966474, -1.72], [24.8360737, -34.1966474, -1.72], [24.8360737, -34.1966474, -1.72], [24.8360736, -34.1966475, -1.74], [24.8360736, -34.1966475, -1.74], [24.8360736, -34.1966476, -1.74], [24.8360736, -34.1966476, -1.74], [24.8360736, -34.1966476, -1.78], [24.8360735, -34.1966476, -1.78], [24.8360735, -34.1966476, -1.78], [24.8360735, -34.1966477, -1.78], [24.8360735, -34.1966479, -1.77], [24.8360735, -34.1966479, -1.77], [24.8360735, -34.1966479, -1.77], [24.8360735, -34.1966479, -1.77], [24.8360735, -34.1966479, -1.79], [24.8360735, -34.196648, -1.79], [24.8360735, -34.196648, -1.79], [24.8360735, -34.196648, -1.79], [24.8360734, -34.196648, -1.77], [24.8360734, -34.196648, -1.77], [24.8360734, -34.196648, -1.77], [24.8360734, -34.196648, -1.77], [24.8360734, -34.1966481, -1.72], [24.8360734, -34.1966481, -1.72], [24.8360734, -34.1966481, -1.72], [24.8360734, -34.1966481, -1.72], [24.8360734, -34.1966481, -1.75], [24.8360733, -34.1966481, -1.75], [24.8360733, -34.1966481, -1.75], [24.8360733, -34.1966481, -1.75], [24.8360733, -34.1966481, -1.74], [24.8360733, -34.1966481, -1.74], [24.8360732, -34.1966481, -1.74], [24.8360732, -34.1966481, -1.74], [24.8360731, -34.1966482, -1.74], [24.8360731, -34.1966482, -1.74], [24.8360731, -34.1966482, -1.74], [24.836073, -34.1966482, -1.74], [24.836073, -34.1966483, -1.62], [24.836073, -34.1966483, -1.62], [24.836073, -34.1966483, -1.62], [24.836073, -34.1966483, -1.62], [24.8360731, -34.1966483, -1.64], [24.8360731, -34.1966483, -1.64], [24.8360731, -34.1966483, -1.64], [24.8360732, -34.1966483, -1.64], [24.8360732, -34.1966483, -1.66], [24.8360732, -34.1966483, -1.66], [24.8360732, -34.1966483, -1.66], [24.8360732, -34.1966483, -1.66], [24.8360728, -34.1966483, -1.7], [24.8360728, -34.1966483, -1.7], [24.8360728, -34.1966483, -1.7], [24.8360728, -34.1966483, -1.7], [24.8360728, -34.1966483, -1.7], [24.8360727, -34.1966483, -1.7], [24.8360727, -34.1966484, -1.7], [24.8360727, -34.1966484, -1.7], [24.8360728, -34.1966484, -1.78], [24.8360728, -34.1966484, -1.78], [24.8360728, -34.1966484, -1.78], [24.8360728, -34.1966484, -1.78], [24.8360728, -34.1966484, -1.74], [24.8360728, -34.1966484, -1.74], [24.8360728, -34.1966484, -1.74], [24.8360728, -34.1966484, -1.74], [24.8360728, -34.1966484, -1.68], [24.8360728, -34.1966485, -1.68], [24.8360728, -34.1966485, -1.68], [24.8360728, -34.1966485, -1.68], [24.8360728, -34.1966485, -1.68], [24.8360728, -34.1966485, -1.68], [24.8360728, -34.1966485, -1.68], [24.8360728, -34.1966486, -1.68], [24.8360727, -34.1966488, -1.66], [24.8360727, -34.1966488, -1.66], [24.8360727, -34.1966489, -1.66], [24.8360727, -34.1966489, -1.66], [24.8360727, -34.1966489, -1.71], [24.8360727, -34.1966489, -1.71], [24.8360727, -34.1966489, -1.71], [24.8360727, -34.1966489, -1.71], [24.8360727, -34.196649, -1.73], [24.8360727, -34.196649, -1.73], [24.8360727, -34.196649, -1.73], [24.8360727, -34.196649, -1.73], [24.8360727, -34.196649, -1.83], [24.8360727, -34.196649, -1.83], [24.8360727, -34.196649, -1.83], [24.8360727, -34.196649, -1.83], [24.8360726, -34.1966491, -1.79], [24.8360726, -34.1966491, -1.79], [24.8360726, -34.1966491, -1.79], [24.8360726, -34.1966492, -1.79], [24.8360726, -34.1966492, -1.76], [24.8360726, -34.1966492, -1.76], [24.8360726, -34.1966492, -1.76], [24.8360725, -34.1966492, -1.76], [24.8360727, -34.1966491, -1.77], [24.8360727, -34.1966491, -1.77], [24.8360727, -34.1966491, -1.77], [24.8360727, -34.196649, -1.77], [24.8360728, -34.196649, -1.76], [24.8360728, -34.196649, -1.76], [24.8360728, -34.1966489, -1.76], [24.8360728, -34.1966489, -1.76], [24.8360728, -34.1966489, -1.77], [24.8360727, -34.1966491, -1.77], [24.8360727, -34.1966491, -1.77], [24.8360727, -34.1966491, -1.77], [24.8360727, -34.1966491, -1.67], [24.8360727, -34.1966491, -1.67], [24.8360727, -34.1966491, -1.67], [24.8360727, -34.1966491, -1.67], [24.8360727, -34.1966491, -1.76], [24.8360727, -34.1966491, -1.76], [24.8360727, -34.1966491, -1.76], [24.8360727, -34.1966491, -1.76], [24.8360727, -34.1966491, -1.73], [24.8360727, -34.1966491, -1.73], [24.8360727, -34.1966491, -1.73], [24.8360727, -34.1966491, -1.73], [24.8360726, -34.1966493, -1.75], [24.8360726, -34.1966493, -1.75], [24.8360726, -34.1966493, -1.75], [24.8360726, -34.1966494, -1.75], [24.8360726, -34.1966494, -1.74], [24.8360726, -34.1966494, -1.74], [24.8360726, -34.1966494, -1.74], [24.8360726, -34.1966494, -1.74], [24.8360728, -34.1966494, -1.67], [24.8360728, -34.1966494, -1.67], [24.8360728, -34.1966494, -1.67], [24.8360729, -34.1966494, -1.67], [24.8360729, -34.1966494, -1.62], [24.8360729, -34.1966494, -1.62], [24.8360729, -34.1966494, -1.62], [24.836073, -34.1966494, -1.62], [24.8360727, -34.1966495, -1.69], [24.8360727, -34.1966495, -1.69], [24.8360727, -34.1966495, -1.69], [24.8360727, -34.1966495, -1.69], [24.8360727, -34.1966495, -1.67], [24.8360727, -34.1966495, -1.67], [24.8360727, -34.1966495, -1.67], [24.8360727, -34.1966495, -1.67], [24.8360727, -34.1966495, -1.67], [24.8360726, -34.1966496, -1.67], [24.8360726, -34.1966496, -1.67], [24.8360726, -34.1966496, -1.67], [24.8360725, -34.1966496, -1.73], [24.8360725, -34.1966496, -1.73], [24.8360725, -34.1966496, -1.73], [24.8360725, -34.1966496, -1.73], [24.8360724, -34.1966497, -1.7], [24.8360724, -34.1966497, -1.7], [24.8360724, -34.1966497, -1.7], [24.8360723, -34.1966497, -1.7], [24.8360723, -34.1966497, -1.68], [24.8360723, -34.1966497, -1.68], [24.8360723, -34.1966497, -1.68], [24.8360723, -34.1966497, -1.68], [24.8360724, -34.1966498, -1.69], [24.8360724, -34.1966498, -1.69], [24.8360724, -34.1966498, -1.69], [24.8360724, -34.1966498, -1.69], [24.8360724, -34.1966498, -1.62], [24.8360724, -34.1966498, -1.62], [24.8360724, -34.1966498, -1.62], [24.8360724, -34.1966498, -1.62], [24.8360723, -34.19665, -1.6], [24.8360723, -34.19665, -1.6], [24.8360723, -34.19665, -1.6], [24.8360723, -34.19665, -1.6], [24.8360723, -34.19665, -1.66], [24.8360723, -34.19665, -1.66], [24.8360723, -34.19665, -1.66], [24.8360723, -34.19665, -1.66], [24.8360722, -34.1966502, -1.65], [24.8360721, -34.1966502, -1.65], [24.8360721, -34.1966502, -1.65], [24.8360721, -34.1966502, -1.65], [24.8360721, -34.1966502, -1.66], [24.8360721, -34.1966502, -1.66], [24.836072, -34.1966502, -1.66], [24.836072, -34.1966502, -1.66], [24.836072, -34.1966502, -1.64], [24.836072, -34.1966502, -1.64], [24.8360719, -34.1966503, -1.64], [24.8360719, -34.1966503, -1.64], [24.8360719, -34.1966503, -1.66], [24.8360719, -34.1966503, -1.66], [24.8360719, -34.1966503, -1.66], [24.8360718, -34.1966503, -1.66], [24.836072, -34.1966504, -1.69], [24.836072, -34.1966504, -1.69], [24.836072, -34.1966504, -1.69], [24.8360721, -34.1966504, -1.69], [24.8360721, -34.1966504, -1.65], [24.8360721, -34.1966504, -1.65], [24.8360721, -34.1966503, -1.65], [24.8360722, -34.1966503, -1.65], [24.836072, -34.1966505, -1.72], [24.836072, -34.1966505, -1.72], [24.836072, -34.1966505, -1.72], [24.836072, -34.1966505, -1.72], [24.836072, -34.1966505, -1.63], [24.836072, -34.1966505, -1.63], [24.836072, -34.1966505, -1.63], [24.836072, -34.1966505, -1.63], [24.8360721, -34.1966508, -1.62], [24.8360721, -34.1966508, -1.62], [24.8360721, -34.1966508, -1.62], [24.8360721, -34.1966508, -1.62], [24.8360721, -34.1966508, -1.63], [24.8360721, -34.1966509, -1.63], [24.8360721, -34.1966509, -1.63], [24.8360721, -34.1966509, -1.63], [24.836072, -34.196651, -1.6], [24.836072, -34.196651, -1.6], [24.836072, -34.196651, -1.6], [24.8360719, -34.196651, -1.6], [24.8360719, -34.196651, -1.7], [24.8360719, -34.1966511, -1.7], [24.8360719, -34.1966511, -1.7], [24.8360719, -34.1966511, -1.7], [24.8360719, -34.1966511, -1.74], [24.8360718, -34.1966512, -1.74], [24.8360719, -34.196651, -1.74], [24.8360719, -34.196651, -1.74], [24.8360719, -34.196651, -1.63], [24.8360719, -34.196651, -1.63], [24.8360719, -34.196651, -1.63], [24.8360719, -34.196651, -1.63], [24.836072, -34.196651, -1.62], [24.836072, -34.196651, -1.62], [24.836072, -34.196651, -1.62], [24.836072, -34.196651, -1.62], [24.836072, -34.196651, -1.61], [24.836072, -34.196651, -1.61], [24.836072, -34.196651, -1.61], [24.836072, -34.1966509, -1.61], [24.8360717, -34.1966511, -1.62], [24.8360717, -34.1966511, -1.62], [24.8360717, -34.1966511, -1.62], [24.8360716, -34.1966511, -1.62], [24.8360716, -34.1966511, -1.69], [24.8360716, -34.1966511, -1.69], [24.8360715, -34.1966511, -1.69], [24.8360715, -34.1966512, -1.69], [24.8360717, -34.196651, -1.61], [24.8360717, -34.196651, -1.61], [24.8360717, -34.1966509, -1.61], [24.8360717, -34.1966509, -1.61], [24.8360716, -34.1966509, -1.54], [24.8360716, -34.1966508, -1.54], [24.8360716, -34.1966508, -1.54], [24.8360716, -34.1966507, -1.54], [24.8360716, -34.1966511, -1.57], [24.8360716, -34.1966511, -1.57], [24.8360716, -34.1966511, -1.57], [24.8360716, -34.1966511, -1.57], [24.8360716, -34.1966511, -1.54], [24.8360716, -34.196651, -1.54], [24.8360715, -34.196651, -1.54], [24.8360715, -34.196651, -1.54], [24.8360715, -34.196651, -1.61], [24.8360716, -34.1966509, -1.61], [24.8360716, -34.1966509, -1.61], [24.8360716, -34.1966509, -1.61], [24.8360716, -34.1966509, -1.66], [24.8360717, -34.1966508, -1.66], [24.8360717, -34.1966508, -1.66], [24.8360717, -34.1966508, -1.66], [24.8360715, -34.196651, -1.64], [24.8360714, -34.196651, -1.64], [24.8360714, -34.196651, -1.64], [24.8360713, -34.196651, -1.64], [24.8360713, -34.196651, -1.66], [24.8360713, -34.196651, -1.66], [24.8360712, -34.196651, -1.66], [24.8360712, -34.196651, -1.66], [24.8360715, -34.1966511, -1.68], [24.8360715, -34.1966511, -1.68], [24.8360715, -34.1966511, -1.68], [24.8360715, -34.1966511, -1.68], [24.8360715, -34.1966511, -1.62], [24.8360715, -34.1966511, -1.62], [24.8360715, -34.1966511, -1.62], [24.8360715, -34.1966512, -1.62], [24.8360714, -34.1966512, -1.68], [24.8360714, -34.1966512, -1.68], [24.8360714, -34.1966512, -1.68], [24.8360714, -34.1966512, -1.68], [24.8360714, -34.1966512, -1.74], [24.8360714, -34.1966512, -1.74], [24.8360714, -34.1966512, -1.74], [24.8360714, -34.1966512, -1.74], [24.8360715, -34.1966513, -1.72], [24.8360715, -34.1966513, -1.72], [24.8360715, -34.1966513, -1.72], [24.8360716, -34.1966513, -1.72], [24.8360716, -34.1966513, -1.68], [24.8360716, -34.1966513, -1.68], [24.8360716, -34.1966513, -1.68], [24.8360716, -34.1966513, -1.68], [24.8360716, -34.1966513, -1.6], [24.8360716, -34.1966515, -1.6], [24.8360716, -34.1966515, -1.6], [24.8360716, -34.1966515, -1.6], [24.8360716, -34.1966515, -1.59], [24.8360716, -34.1966515, -1.59], [24.8360716, -34.1966515, -1.59], [24.8360716, -34.1966515, -1.59], [24.8360716, -34.1966517, -1.6], [24.8360716, -34.1966517, -1.6], [24.8360716, -34.1966517, -1.6], [24.8360716, -34.1966518, -1.6], [24.8360716, -34.1966518, -1.67], [24.8360716, -34.1966518, -1.67], [24.8360716, -34.1966519, -1.67], [24.8360716, -34.1966519, -1.67], [24.8360715, -34.1966517, -1.71], [24.8360715, -34.1966517, -1.71], [24.8360715, -34.1966517, -1.71], [24.8360715, -34.1966517, -1.71], [24.8360715, -34.1966517, -1.67], [24.8360715, -34.1966517, -1.67], [24.8360715, -34.1966517, -1.67], [24.8360715, -34.1966517, -1.67], [24.8360715, -34.1966518, -1.66], [24.8360715, -34.1966518, -1.66], [24.8360715, -34.1966518, -1.66], [24.8360715, -34.1966518, -1.66], [24.8360715, -34.1966518, -1.67], [24.8360715, -34.1966518, -1.67], [24.8360715, -34.1966518, -1.67], [24.8360715, -34.1966518, -1.67], [24.8360714, -34.1966519, -1.73], [24.8360714, -34.196652, -1.73], [24.8360714, -34.196652, -1.73], [24.8360714, -34.196652, -1.73], [24.8360714, -34.196652, -1.67], [24.8360714, -34.196652, -1.67], [24.8360714, -34.1966521, -1.67], [24.8360714, -34.1966521, -1.67], [24.8360714, -34.1966521, -1.75], [24.8360715, -34.196652, -1.75], [24.8360715, -34.196652, -1.75], [24.8360715, -34.196652, -1.75], [24.8360716, -34.196652, -1.8], [24.8360716, -34.196652, -1.8], [24.8360716, -34.196652, -1.8], [24.8360716, -34.196652, -1.8], [24.8360717, -34.1966519, -1.64], [24.8360717, -34.1966519, -1.64], [24.8360717, -34.1966519, -1.64], [24.8360717, -34.1966519, -1.64], [24.8360718, -34.1966519, -1.59], [24.8360718, -34.1966519, -1.59], [24.8360718, -34.1966519, -1.59], [24.8360718, -34.1966519, -1.59], [24.8360718, -34.1966519, -1.72], [24.8360718, -34.1966519, -1.72], [24.8360718, -34.1966519, -1.72], [24.8360718, -34.1966519, -1.72], [24.8360719, -34.1966519, -1.74], [24.8360719, -34.1966519, -1.74], [24.8360719, -34.1966519, -1.74], [24.8360719, -34.1966519, -1.74], [24.8360719, -34.1966521, -1.72], [24.8360719, -34.1966522, -1.72], [24.8360719, -34.1966522, -1.72], [24.8360719, -34.1966522, -1.72], [24.8360719, -34.1966522, -1.73], [24.8360719, -34.1966522, -1.73], [24.8360719, -34.1966522, -1.73], [24.8360719, -34.1966523, -1.73], [24.8360719, -34.1966521, -1.78], [24.8360719, -34.1966521, -1.78], [24.8360719, -34.1966521, -1.78], [24.8360719, -34.1966521, -1.78], [24.8360719, -34.1966521, -1.74], [24.8360719, -34.196652, -1.74], [24.8360719, -34.196652, -1.74], [24.8360719, -34.196652, -1.74], [24.8360719, -34.196652, -1.7], [24.8360718, -34.1966522, -1.7], [24.8360718, -34.1966522, -1.7], [24.8360718, -34.1966522, -1.7], [24.8360718, -34.1966522, -1.7], [24.8360718, -34.1966522, -1.7], [24.8360718, -34.1966522, -1.7], [24.8360718, -34.1966522, -1.7], [24.8360719, -34.1966522, -1.74], [24.8360719, -34.1966522, -1.74], [24.8360719, -34.1966522, -1.74], [24.8360719, -34.1966522, -1.74], [24.8360719, -34.1966522, -1.74], [24.836072, -34.1966522, -1.74], [24.836072, -34.1966521, -1.74], [24.836072, -34.1966521, -1.74], [24.8360719, -34.1966523, -1.68], [24.8360719, -34.1966523, -1.68], [24.8360719, -34.1966523, -1.68], [24.8360719, -34.1966523, -1.68], [24.8360719, -34.1966524, -1.72], [24.8360719, -34.1966524, -1.72], [24.8360719, -34.1966524, -1.72], [24.8360719, -34.1966524, -1.72], [24.836072, -34.1966522, -1.72], [24.836072, -34.1966522, -1.72], [24.836072, -34.1966522, -1.72], [24.836072, -34.1966522, -1.72], [24.836072, -34.1966521, -1.71], [24.836072, -34.1966521, -1.71], [24.836072, -34.1966521, -1.71], [24.836072, -34.1966521, -1.71], [24.836072, -34.1966522, -1.73], [24.836072, -34.1966522, -1.73], [24.836072, -34.1966522, -1.73], [24.836072, -34.1966522, -1.73], [24.836072, -34.1966522, -1.71], [24.836072, -34.1966522, -1.71], [24.836072, -34.1966522, -1.71], [24.8360719, -34.1966522, -1.71], [24.8360719, -34.1966522, -1.65], [24.8360721, -34.1966523, -1.65], [24.8360721, -34.1966523, -1.65], [24.8360721, -34.1966523, -1.65], [24.8360721, -34.1966523, -1.7], [24.8360721, -34.1966523, -1.7], [24.8360721, -34.1966523, -1.7], [24.8360722, -34.1966523, -1.7], [24.8360723, -34.1966523, -1.73], [24.8360723, -34.1966523, -1.73], [24.8360723, -34.1966523, -1.73], [24.8360723, -34.1966523, -1.73], [24.8360723, -34.1966523, -1.73], [24.8360723, -34.1966523, -1.73], [24.8360723, -34.1966523, -1.73], [24.8360723, -34.1966523, -1.73], [24.8360723, -34.1966525, -1.79], [24.8360723, -34.1966525, -1.79], [24.8360723, -34.1966525, -1.79], [24.8360723, -34.1966525, -1.79], [24.8360723, -34.1966525, -1.77], [24.8360723, -34.1966526, -1.77], [24.8360723, -34.1966526, -1.77], [24.8360723, -34.1966526, -1.77], [24.8360724, -34.1966526, -1.71], [24.8360724, -34.1966526, -1.71], [24.8360724, -34.1966526, -1.71], [24.8360725, -34.1966526, -1.71], [24.8360725, -34.1966526, -1.69], [24.8360725, -34.1966526, -1.69], [24.8360725, -34.1966525, -1.69], [24.8360725, -34.1966525, -1.69], [24.8360728, -34.1966525, -1.77], [24.8360728, -34.1966524, -1.77], [24.8360728, -34.1966524, -1.77], [24.8360729, -34.1966524, -1.77], [24.8360729, -34.1966524, -1.77], [24.8360729, -34.1966524, -1.77], [24.836073, -34.1966523, -1.77], [24.836073, -34.1966523, -1.77], [24.836073, -34.1966523, -1.77], [24.8360728, -34.1966525, -1.77], [24.8360728, -34.1966526, -1.77], [24.8360728, -34.1966526, -1.77], [24.8360728, -34.1966526, -1.8], [24.8360728, -34.1966526, -1.8], [24.8360728, -34.1966526, -1.8], [24.8360727, -34.1966527, -1.8], [24.8360728, -34.1966527, -1.82], [24.8360728, -34.1966527, -1.82], [24.8360728, -34.1966527, -1.82], [24.8360728, -34.1966526, -1.82], [24.8360728, -34.1966526, -1.79], [24.8360728, -34.1966526, -1.79], [24.8360727, -34.1966526, -1.79], [24.8360727, -34.1966526, -1.79], [24.8360729, -34.1966528, -1.77], [24.8360729, -34.1966528, -1.77], [24.8360729, -34.1966528, -1.77], [24.836073, -34.1966528, -1.77], [24.836073, -34.1966528, -1.8], [24.836073, -34.1966528, -1.8], [24.836073, -34.1966528, -1.8], [24.836073, -34.1966528, -1.8], [24.8360729, -34.1966529, -1.71], [24.8360729, -34.1966529, -1.71], [24.8360728, -34.1966529, -1.71], [24.8360728, -34.1966529, -1.71], [24.8360728, -34.1966529, -1.76], [24.8360728, -34.1966529, -1.76], [24.8360728, -34.1966529, -1.76], [24.8360727, -34.1966529, -1.76], [24.836073, -34.1966528, -1.81], [24.836073, -34.1966527, -1.81], [24.836073, -34.1966527, -1.81], [24.836073, -34.1966527, -1.81], [24.836073, -34.1966527, -1.88], [24.836073, -34.1966527, -1.88], [24.836073, -34.1966527, -1.88], [24.8360731, -34.1966526, -1.88], [24.8360731, -34.1966526, -1.68], [24.8360731, -34.1966528, -1.68], [24.8360731, -34.1966528, -1.68], [24.836073, -34.1966528, -1.68], [24.836073, -34.1966528, -1.71], [24.836073, -34.1966528, -1.71], [24.836073, -34.1966528, -1.71], [24.836073, -34.1966528, -1.71], [24.836073, -34.1966528, -1.64], [24.8360729, -34.1966528, -1.64], [24.8360729, -34.1966528, -1.64], [24.8360729, -34.1966528, -1.64], [24.8360729, -34.1966528, -1.72], [24.8360729, -34.1966528, -1.72], [24.8360729, -34.1966528, -1.72], [24.8360728, -34.1966528, -1.72], [24.8360731, -34.1966528, -1.75], [24.8360731, -34.1966528, -1.75], [24.8360731, -34.1966528, -1.75], [24.8360731, -34.1966527, -1.75], [24.8360731, -34.1966527, -1.77], [24.8360732, -34.1966527, -1.77], [24.8360732, -34.1966527, -1.77], [24.8360732, -34.1966526, -1.77], [24.8360732, -34.1966528, -1.79], [24.8360732, -34.1966528, -1.79], [24.8360732, -34.1966528, -1.79], [24.8360732, -34.1966528, -1.79], [24.8360732, -34.1966528, -1.8], [24.8360732, -34.1966528, -1.8], [24.8360732, -34.1966529, -1.8], [24.8360732, -34.1966529, -1.8], [24.8360733, -34.1966528, -1.82], [24.8360733, -34.1966528, -1.82], [24.8360733, -34.1966527, -1.82], [24.8360732, -34.1966527, -1.82], [24.8360732, -34.1966527, -1.84], [24.8360732, -34.1966527, -1.84], [24.8360732, -34.1966527, -1.84], [24.8360732, -34.1966527, -1.84], [24.8360732, -34.1966526, -1.72], [24.8360733, -34.196653, -1.72], [24.8360733, -34.196653, -1.72], [24.8360733, -34.196653, -1.72], [24.8360733, -34.1966531, -1.74], [24.8360733, -34.1966531, -1.74], [24.8360733, -34.1966531, -1.74], [24.8360733, -34.1966531, -1.74], [24.8360735, -34.196653, -1.75], [24.8360735, -34.196653, -1.75], [24.8360735, -34.196653, -1.75], [24.8360735, -34.196653, -1.75], [24.8360735, -34.196653, -1.74], [24.8360735, -34.196653, -1.74], [24.8360735, -34.196653, -1.74], [24.8360735, -34.1966529, -1.74], [24.8360735, -34.196653, -1.72], [24.8360735, -34.196653, -1.72], [24.8360735, -34.196653, -1.72], [24.8360734, -34.196653, -1.72], [24.8360734, -34.196653, -1.78], [24.8360734, -34.196653, -1.78], [24.8360734, -34.196653, -1.78], [24.8360734, -34.196653, -1.78], [24.8360736, -34.1966532, -1.76], [24.8360736, -34.1966533, -1.76], [24.8360736, -34.1966533, -1.76], [24.8360736, -34.1966533, -1.76], [24.8360736, -34.1966533, -1.78], [24.8360736, -34.1966533, -1.78], [24.8360736, -34.1966534, -1.78], [24.8360736, -34.1966534, -1.78], [24.8360737, -34.1966533, -1.73], [24.8360737, -34.1966533, -1.73], [24.8360737, -34.1966533, -1.73], [24.8360737, -34.1966533, -1.73], [24.8360737, -34.1966533, -1.72], [24.8360737, -34.1966533, -1.72], [24.8360737, -34.1966533, -1.72], [24.8360737, -34.1966533, -1.72], [24.8360737, -34.1966533, -1.76], [24.8360738, -34.1966533, -1.76], [24.8360738, -34.1966533, -1.76], [24.8360738, -34.1966532, -1.76], [24.8360738, -34.1966532, -1.78], [24.8360738, -34.1966532, -1.78], [24.8360738, -34.1966532, -1.78], [24.8360737, -34.1966532, -1.78], [24.8360742, -34.1966533, -1.73], [24.8360742, -34.1966533, -1.73], [24.8360742, -34.1966533, -1.73], [24.8360743, -34.1966533, -1.73], [24.8360743, -34.1966533, -1.71], [24.8360744, -34.1966533, -1.71], [24.8360744, -34.1966532, -1.71], [24.8360745, -34.1966532, -1.71], [24.8360743, -34.1966533, -1.68], [24.8360743, -34.1966533, -1.68], [24.8360743, -34.1966533, -1.68], [24.8360743, -34.1966533, -1.68], [24.8360743, -34.1966533, -1.64], [24.8360743, -34.1966533, -1.64], [24.8360743, -34.1966533, -1.64], [24.8360743, -34.1966533, -1.64], [24.8360743, -34.1966534, -1.72], [24.8360743, -34.1966535, -1.72], [24.8360743, -34.1966535, -1.72], [24.8360743, -34.1966535, -1.72], [24.8360742, -34.1966535, -1.66], [24.8360742, -34.1966535, -1.66], [24.8360742, -34.1966535, -1.66], [24.8360742, -34.1966536, -1.66], [24.8360743, -34.1966535, -1.7], [24.8360743, -34.1966535, -1.7], [24.8360743, -34.1966535, -1.7], [24.8360743, -34.1966535, -1.7], [24.8360743, -34.1966535, -1.7], [24.8360743, -34.1966535, -1.7], [24.8360743, -34.1966535, -1.7], [24.8360743, -34.1966535, -1.7], [24.8360743, -34.1966535, -1.67], [24.8360747, -34.1966535, -1.67], [24.8360747, -34.1966535, -1.67], [24.8360748, -34.1966535, -1.67], [24.8360748, -34.1966535, -1.76], [24.8360748, -34.1966535, -1.76], [24.8360748, -34.1966535, -1.76], [24.8360749, -34.1966535, -1.76], [24.8360747, -34.1966535, -1.66], [24.8360747, -34.1966535, -1.66], [24.8360747, -34.1966535, -1.66], [24.8360746, -34.1966535, -1.66], [24.8360746, -34.1966535, -1.64], [24.8360746, -34.1966535, -1.64], [24.8360746, -34.1966535, -1.64], [24.8360746, -34.1966535, -1.64], [24.8360748, -34.1966535, -1.7], [24.8360748, -34.1966535, -1.7], [24.8360748, -34.1966535, -1.7], [24.8360748, -34.1966535, -1.7], [24.8360748, -34.1966535, -1.74], [24.8360748, -34.1966535, -1.74], [24.8360748, -34.1966535, -1.74], [24.8360748, -34.1966535, -1.74], [24.8360749, -34.1966536, -1.63], [24.8360749, -34.1966536, -1.63], [24.8360749, -34.1966536, -1.63], [24.8360749, -34.1966536, -1.63], [24.8360749, -34.1966536, -1.64], [24.8360749, -34.1966536, -1.64], [24.8360749, -34.1966536, -1.64], [24.8360749, -34.1966536, -1.64], [24.836075, -34.1966536, -1.73], [24.836075, -34.1966536, -1.73], [24.836075, -34.1966536, -1.73], [24.836075, -34.1966536, -1.73], [24.836075, -34.1966536, -1.67], [24.836075, -34.1966536, -1.67], [24.836075, -34.1966536, -1.67], [24.836075, -34.1966536, -1.67], [24.8360749, -34.1966536, -1.69], [24.8360751, -34.1966536, -1.69], [24.8360751, -34.1966536, -1.69], [24.8360751, -34.1966536, -1.69], [24.8360751, -34.1966536, -1.73], [24.8360751, -34.1966536, -1.73], [24.8360751, -34.1966536, -1.73], [24.8360751, -34.1966536, -1.73], [24.8360754, -34.1966537, -1.66], [24.8360754, -34.1966537, -1.66], [24.8360754, -34.1966537, -1.66], [24.8360754, -34.1966537, -1.66], [24.8360754, -34.1966537, -1.75], [24.8360754, -34.1966537, -1.75], [24.8360755, -34.1966537, -1.75], [24.8360755, -34.1966537, -1.75], [24.8360756, -34.1966537, -1.79], [24.8360756, -34.1966537, -1.79], [24.8360756, -34.1966537, -1.79], [24.8360756, -34.1966537, -1.79], [24.8360756, -34.1966537, -1.67], [24.8360756, -34.1966537, -1.67], [24.8360756, -34.1966537, -1.67], [24.8360756, -34.1966537, -1.67], [24.8360757, -34.1966537, -1.61], [24.8360757, -34.1966537, -1.61], [24.8360757, -34.1966537, -1.61], [24.8360757, -34.1966537, -1.61], [24.8360757, -34.1966537, -1.56], [24.8360757, -34.1966537, -1.56], [24.8360757, -34.1966537, -1.56], [24.8360756, -34.1966537, -1.56], [24.8360757, -34.1966539, -1.63], [24.8360757, -34.1966539, -1.63], [24.8360757, -34.1966539, -1.63], [24.8360757, -34.1966539, -1.63], [24.8360757, -34.1966539, -1.62], [24.8360757, -34.1966539, -1.62], [24.8360757, -34.1966539, -1.62], [24.8360757, -34.1966539, -1.62], [24.8360757, -34.1966539, -1.64], [24.8360759, -34.1966537, -1.64], [24.8360759, -34.1966537, -1.64], [24.8360759, -34.1966536, -1.64], [24.8360759, -34.1966536, -1.65], [24.8360759, -34.1966536, -1.65], [24.8360759, -34.1966536, -1.65], [24.8360759, -34.1966535, -1.65], [24.836076, -34.196654, -1.63], [24.836076, -34.196654, -1.63], [24.836076, -34.196654, -1.63], [24.836076, -34.1966541, -1.63], [24.836076, -34.1966541, -1.61], [24.836076, -34.1966541, -1.61], [24.836076, -34.1966542, -1.61], [24.836076, -34.1966542, -1.61], [24.8360763, -34.1966538, -1.53], [24.8360763, -34.1966538, -1.53], [24.8360763, -34.1966538, -1.53], [24.8360763, -34.1966537, -1.53], [24.8360763, -34.1966537, -1.65], [24.8360764, -34.1966537, -1.65], [24.8360764, -34.1966537, -1.65], [24.8360764, -34.1966536, -1.65], [24.8360764, -34.196654, -1.57], [24.8360764, -34.196654, -1.57], [24.8360764, -34.1966541, -1.57], [24.8360764, -34.1966541, -1.57], [24.8360764, -34.1966541, -1.61], [24.8360764, -34.1966541, -1.61], [24.8360764, -34.1966541, -1.61], [24.8360764, -34.1966542, -1.61], [24.8360765, -34.196654, -1.65], [24.8360765, -34.1966539, -1.65], [24.8360765, -34.1966539, -1.65], [24.8360765, -34.1966539, -1.65], [24.8360765, -34.1966539, -1.65], [24.8360765, -34.1966539, -1.65], [24.8360765, -34.1966538, -1.65], [24.8360765, -34.1966538, -1.65], [24.8360765, -34.1966538, -1.61], [24.8360766, -34.196654, -1.61], [24.8360766, -34.1966541, -1.61], [24.8360765, -34.1966541, -1.61], [24.8360765, -34.1966541, -1.51], [24.8360765, -34.1966541, -1.51], [24.8360765, -34.1966541, -1.51], [24.8360765, -34.1966542, -1.51], [24.8360767, -34.196654, -1.61], [24.8360767, -34.196654, -1.61], [24.8360767, -34.196654, -1.61], [24.8360767, -34.196654, -1.61], [24.8360767, -34.196654, -1.64], [24.8360767, -34.196654, -1.64], [24.8360767, -34.196654, -1.64], [24.8360767, -34.196654, -1.64], [24.8360768, -34.1966541, -1.66], [24.8360768, -34.1966541, -1.66], [24.8360768, -34.1966541, -1.66], [24.8360768, -34.1966541, -1.66], [24.8360768, -34.1966541, -1.68], [24.8360768, -34.1966542, -1.68], [24.8360769, -34.1966542, -1.68], [24.8360769, -34.1966542, -1.68], [24.836077, -34.1966541, -1.64], [24.836077, -34.1966541, -1.64], [24.836077, -34.1966541, -1.64], [24.836077, -34.1966541, -1.64], [24.836077, -34.1966541, -1.58], [24.836077, -34.1966541, -1.58], [24.836077, -34.1966541, -1.58], [24.836077, -34.1966541, -1.58], [24.836077, -34.1966541, -1.57], [24.836077, -34.1966541, -1.57], [24.836077, -34.1966541, -1.57], [24.8360769, -34.1966541, -1.57], [24.8360769, -34.1966541, -1.6], [24.8360769, -34.1966541, -1.6], [24.8360769, -34.1966541, -1.6], [24.8360769, -34.1966541, -1.6], [24.8360769, -34.1966541, -1.65], [24.8360772, -34.1966541, -1.65], [24.8360772, -34.1966541, -1.65], [24.8360772, -34.1966541, -1.65], [24.8360772, -34.1966541, -1.56], [24.8360772, -34.1966541, -1.56], [24.8360772, -34.1966541, -1.56], [24.8360773, -34.1966541, -1.56], [24.8360773, -34.1966543, -1.58], [24.8360773, -34.1966544, -1.58], [24.8360773, -34.1966544, -1.58], [24.8360773, -34.1966544, -1.58], [24.8360773, -34.1966544, -1.54], [24.8360773, -34.1966544, -1.54], [24.8360773, -34.1966545, -1.54], [24.8360773, -34.1966545, -1.54], [24.8360774, -34.1966544, -1.6], [24.8360774, -34.1966544, -1.6], [24.8360774, -34.1966544, -1.6], [24.8360774, -34.1966545, -1.6], [24.8360774, -34.1966545, -1.62], [24.8360774, -34.1966545, -1.62], [24.8360774, -34.1966545, -1.62], [24.8360774, -34.1966546, -1.62], [24.8360774, -34.1966543, -1.59], [24.8360774, -34.1966543, -1.59], [24.8360774, -34.1966543, -1.59], [24.8360774, -34.1966543, -1.59], [24.8360775, -34.1966543, -1.67], [24.8360775, -34.1966543, -1.67], [24.8360775, -34.1966543, -1.67], [24.8360775, -34.1966543, -1.67], [24.8360773, -34.1966545, -1.58], [24.8360773, -34.1966545, -1.58], [24.8360773, -34.1966545, -1.58], [24.8360773, -34.1966545, -1.58], [24.8360773, -34.1966545, -1.64], [24.8360772, -34.1966546, -1.64], [24.8360772, -34.1966546, -1.64], [24.8360772, -34.1966546, -1.64], [24.8360772, -34.1966546, -1.68], [24.8360776, -34.1966547, -1.68], [24.8360776, -34.1966547, -1.68], [24.8360776, -34.1966547, -1.68], [24.8360777, -34.1966547, -1.69], [24.8360777, -34.1966547, -1.69], [24.8360777, -34.1966548, -1.69], [24.8360778, -34.1966548, -1.69], [24.8360777, -34.1966547, -1.67], [24.8360777, -34.1966547, -1.67], [24.8360777, -34.1966547, -1.67], [24.8360777, -34.1966547, -1.67], [24.8360777, -34.1966547, -0.83], [24.8360776, -34.1966547, -0.83], [24.8360776, -34.1966547, -0.83], [24.8360776, -34.1966547, -0.83], [24.8360777, -34.1966548, -0.91], [24.8360777, -34.1966548, -0.91], [24.8360777, -34.1966548, -0.91], [24.8360777, -34.1966548, -0.91], [24.8360777, -34.1966548, -1.0], [24.8360777, -34.1966548, -1.0], [24.8360777, -34.1966548, -1.0], [24.8360777, -34.1966548, -1.0], [24.8360777, -34.1966549, -0.97], [24.8360777, -34.1966549, -0.97], [24.8360777, -34.1966549, -0.97], [24.8360777, -34.1966549, -0.97], [24.8360777, -34.1966549, -0.92], [24.8360777, -34.1966549, -0.92], [24.8360777, -34.1966549, -0.92], [24.8360777, -34.1966549, -0.92], [24.8360778, -34.196655, -0.96], [24.8360778, -34.196655, -0.96], [24.8360778, -34.196655, -0.96], [24.8360778, -34.196655, -0.96], [24.8360778, -34.196655, -0.93], [24.8360778, -34.196655, -0.93], [24.8360778, -34.196655, -0.93], [24.8360778, -34.196655, -0.93], [24.8360778, -34.196655, -0.97], [24.8360779, -34.1966549, -0.97], [24.8360779, -34.1966549, -0.97], [24.8360779, -34.1966548, -0.97], [24.8360779, -34.1966548, -0.9], [24.8360779, -34.1966548, -0.9], [24.8360779, -34.1966548, -0.9], [24.8360779, -34.1966547, -0.9], [24.8360779, -34.1966551, -0.92], [24.8360779, -34.1966551, -0.92], [24.8360779, -34.1966551, -0.92], [24.8360779, -34.1966551, -0.92], [24.8360779, -34.1966551, -0.95], [24.8360778, -34.1966551, -0.95], [24.8360778, -34.1966551, -0.95], [24.8360778, -34.1966551, -0.95], [24.8360778, -34.1966552, -0.97], [24.8360778, -34.1966551, -0.97], [24.8360778, -34.1966551, -0.97], [24.8360778, -34.1966551, -0.97], [24.8360778, -34.1966551, -1.02], [24.8360778, -34.1966551, -1.02], [24.8360778, -34.196655, -1.02], [24.8360778, -34.196655, -1.02], [24.836078, -34.1966553, -0.96], [24.836078, -34.1966553, -0.96], [24.836078, -34.1966553, -0.96], [24.836078, -34.1966553, -0.96], [24.836078, -34.1966553, -1.0], [24.8360781, -34.1966553, -1.0], [24.8360781, -34.1966553, -1.0], [24.8360781, -34.1966553, -1.0], [24.8360778, -34.1966554, -1.02], [24.8360778, -34.1966554, -1.02], [24.8360778, -34.1966554, -1.02], [24.8360778, -34.1966554, -1.02], [24.8360777, -34.1966554, -1.07], [24.8360777, -34.1966554, -1.07], [24.8360777, -34.1966554, -1.07], [24.8360777, -34.1966554, -1.07], [24.8360776, -34.1966554, -0.98], [24.8360778, -34.1966553, -0.98], [24.8360778, -34.1966553, -0.98], [24.8360778, -34.1966552, -0.98], [24.8360778, -34.1966552, -1.0], [24.8360778, -34.1966552, -1.0], [24.8360778, -34.1966551, -1.0], [24.8360778, -34.1966551, -1.0], [24.8360779, -34.1966553, -0.96], [24.8360779, -34.1966553, -0.96], [24.8360779, -34.1966553, -0.96], [24.836078, -34.1966553, -0.96], [24.836078, -34.1966553, -1.03], [24.836078, -34.1966553, -1.03], [24.836078, -34.1966553, -1.03], [24.836078, -34.1966553, -1.03], [24.836078, -34.1966555, -1.01], [24.836078, -34.1966555, -1.01], [24.836078, -34.1966555, -1.01], [24.836078, -34.1966555, -1.01], [24.836078, -34.1966555, -0.96], [24.836078, -34.1966555, -0.96], [24.836078, -34.1966555, -0.96], [24.836078, -34.1966555, -0.96], [24.8360778, -34.1966556, -1.02], [24.8360778, -34.1966556, -1.02], [24.8360778, -34.1966556, -1.02], [24.8360777, -34.1966556, -1.02], [24.8360777, -34.1966556, -0.94], [24.8360777, -34.1966556, -0.94], [24.8360776, -34.1966557, -0.94], [24.8360776, -34.1966557, -0.94], [24.8360778, -34.1966557, -0.95], [24.8360778, -34.1966557, -0.95], [24.8360779, -34.1966557, -0.95], [24.8360779, -34.1966556, -0.95], [24.8360779, -34.1966556, -0.96], [24.8360779, -34.1966556, -0.96], [24.8360779, -34.1966556, -0.96], [24.836078, -34.1966556, -0.96], [24.836078, -34.1966556, -0.93], [24.8360777, -34.1966556, -0.93], [24.8360777, -34.1966556, -0.93], [24.8360777, -34.1966556, -0.93], [24.8360777, -34.1966556, -0.95], [24.8360777, -34.1966556, -0.95], [24.8360776, -34.1966556, -0.95], [24.8360776, -34.1966556, -0.95], [24.8360776, -34.1966558, -1.02], [24.8360776, -34.1966559, -1.02], [24.8360776, -34.1966559, -1.02], [24.8360776, -34.1966559, -1.02], [24.8360776, -34.1966559, -0.99], [24.8360775, -34.1966559, -0.99], [24.8360775, -34.196656, -0.99], [24.8360775, -34.196656, -0.99], [24.8360777, -34.1966559, -1.03], [24.8360777, -34.1966559, -1.03], [24.8360777, -34.196656, -1.03], [24.8360777, -34.196656, -1.03], [24.8360777, -34.196656, -0.91], [24.8360777, -34.196656, -0.91], [24.8360777, -34.196656, -0.91], [24.8360777, -34.196656, -0.91], [24.8360777, -34.196656, -0.93], [24.8360777, -34.196656, -0.93], [24.8360777, -34.196656, -0.93], [24.8360777, -34.196656, -0.93], [24.8360777, -34.196656, -0.93], [24.8360777, -34.1966559, -0.93], [24.8360777, -34.1966559, -0.93], [24.8360777, -34.1966559, -0.93], [24.8360779, -34.1966559, -0.96], [24.8360779, -34.1966559, -0.96], [24.8360779, -34.1966558, -0.96], [24.8360779, -34.1966558, -0.96], [24.836078, -34.1966558, -0.97], [24.836078, -34.1966558, -0.97], [24.836078, -34.1966558, -0.97], [24.836078, -34.1966557, -0.97], [24.836078, -34.1966557, -0.92], [24.8360778, -34.1966559, -0.92], [24.8360778, -34.1966559, -0.92], [24.8360778, -34.1966559, -0.92], [24.8360778, -34.1966559, -0.98], [24.8360778, -34.1966559, -0.98], [24.8360778, -34.1966559, -0.98], [24.8360778, -34.1966559, -0.98], [24.8360778, -34.1966559, -0.91], [24.8360778, -34.1966559, -0.91], [24.8360778, -34.1966559, -0.91], [24.8360778, -34.1966559, -0.91], [24.8360778, -34.1966559, -0.95], [24.8360778, -34.196656, -0.95], [24.8360777, -34.196656, -0.95], [24.8360777, -34.196656, -0.95], [24.8360777, -34.1966561, -0.88], [24.8360777, -34.1966561, -0.88], [24.8360777, -34.1966561, -0.88], [24.8360777, -34.1966561, -0.88], [24.8360777, -34.1966561, -0.86], [24.8360777, -34.1966561, -0.86], [24.8360777, -34.1966561, -0.86], [24.8360777, -34.1966561, -0.86], [24.8360778, -34.1966562, -0.9], [24.8360779, -34.1966562, -0.9], [24.8360779, -34.1966561, -0.9], [24.8360779, -34.1966561, -0.9], [24.8360779, -34.1966561, -0.9], [24.8360779, -34.1966561, -0.9], [24.8360779, -34.1966561, -0.9], [24.836078, -34.1966561, -0.9], [24.8360779, -34.1966562, -0.86], [24.8360779, -34.1966562, -0.86], [24.8360779, -34.1966562, -0.86], [24.8360779, -34.1966562, -0.86], [24.8360779, -34.1966562, -0.89], [24.8360779, -34.1966562, -0.89], [24.8360779, -34.1966562, -0.89], [24.8360779, -34.1966562, -0.89], [24.8360779, -34.1966562, -0.9], [24.8360779, -34.1966564, -0.9], [24.8360779, -34.1966564, -0.9], [24.8360778, -34.1966564, -0.9], [24.8360778, -34.1966564, -0.9], [24.8360778, -34.1966565, -0.9], [24.8360778, -34.1966565, -0.9], [24.8360778, -34.1966565, -0.9], [24.8360779, -34.1966565, -0.91], [24.8360779, -34.1966565, -0.91], [24.8360779, -34.1966565, -0.91], [24.8360779, -34.1966565, -0.91], [24.8360779, -34.1966566, -0.88], [24.8360779, -34.1966566, -0.88], [24.8360779, -34.1966566, -0.88], [24.8360779, -34.1966566, -0.88], [24.8360779, -34.1966567, -0.96], [24.8360779, -34.1966567, -0.96], [24.8360779, -34.1966567, -0.96], [24.8360779, -34.1966568, -0.96], [24.8360779, -34.1966568, -0.94], [24.8360779, -34.1966568, -0.94], [24.8360779, -34.1966568, -0.94], [24.8360779, -34.1966569, -0.94], [24.836078, -34.1966567, -0.92], [24.836078, -34.1966567, -0.92], [24.836078, -34.1966567, -0.92], [24.836078, -34.1966568, -0.92], [24.836078, -34.1966568, -0.95], [24.836078, -34.1966568, -0.95], [24.836078, -34.1966568, -0.95], [24.836078, -34.1966568, -0.95], [24.8360781, -34.1966567, -0.91], [24.8360781, -34.1966567, -0.91], [24.8360781, -34.1966567, -0.91], [24.8360781, -34.1966567, -0.91], [24.8360781, -34.1966567, -0.99], [24.8360781, -34.1966567, -0.99], [24.8360781, -34.1966567, -0.99], [24.8360781, -34.1966567, -0.99], [24.836078, -34.1966567, -0.96], [24.8360782, -34.1966566, -0.96], [24.8360782, -34.1966566, -0.96], [24.8360782, -34.1966566, -0.96], [24.8360782, -34.1966566, -0.89], [24.8360782, -34.1966566, -0.89], [24.8360782, -34.1966565, -0.89], [24.8360782, -34.1966565, -0.89], [24.8360782, -34.1966566, -0.92], [24.8360782, -34.1966566, -0.92], [24.8360782, -34.1966566, -0.92], [24.8360782, -34.1966566, -0.92], [24.8360782, -34.1966566, -0.43], [24.8360782, -34.1966566, -0.43], [24.8360782, -34.1966566, -0.43], [24.8360782, -34.1966566, -0.43], [24.8360783, -34.1966566, -0.35], [24.8360783, -34.1966566, -0.35], [24.8360783, -34.1966566, -0.35], [24.8360783, -34.1966566, -0.35], [24.8360783, -34.1966566, -0.3], [24.8360783, -34.1966566, -0.3], [24.8360783, -34.1966566, -0.3], [24.8360783, -34.1966566, -0.3], [24.8360783, -34.1966565, -0.29], [24.8360783, -34.1966565, -0.29], [24.8360783, -34.1966565, -0.29], [24.8360783, -34.1966565, -0.29], [24.8360783, -34.1966565, -0.28], [24.8360783, -34.1966565, -0.28], [24.8360783, -34.1966565, -0.28], [24.8360784, -34.1966565, -0.28], [24.8360784, -34.1966565, -0.3], [24.8360784, -34.1966565, -0.3], [24.8360784, -34.1966565, -0.3], [24.8360784, -34.1966565, -0.3], [24.8360784, -34.1966565, -0.37], [24.8360784, -34.1966564, -0.37], [24.8360784, -34.1966564, -0.37], [24.8360784, -34.1966564, -0.37], [24.8360784, -34.1966564, -0.27], [24.8360783, -34.1966563, -0.27], [24.8360783, -34.1966563, -0.27], [24.8360783, -34.1966563, -0.27], [24.8360783, -34.1966562, -0.24], [24.8360783, -34.1966562, -0.24], [24.8360783, -34.1966562, -0.24], [24.8360783, -34.1966561, -0.24], [24.8360783, -34.1966563, -0.23], [24.8360783, -34.1966563, -0.23], [24.8360783, -34.1966563, -0.23], [24.8360783, -34.1966563, -0.23], [24.8360783, -34.1966563, -0.25], [24.8360783, -34.1966563, -0.25], [24.8360783, -34.1966563, -0.25], [24.8360783, -34.1966563, -0.25], [24.8360782, -34.1966564, -0.29], [24.8360782, -34.1966564, -0.29], [24.8360782, -34.1966564, -0.29], [24.8360782, -34.1966564, -0.29], [24.8360782, -34.1966564, -0.24], [24.8360782, -34.1966564, -0.24], [24.8360782, -34.1966564, -0.24], [24.8360782, -34.1966563, -0.24], [24.8360781, -34.1966561, -0.27], [24.8360781, -34.1966561, -0.27], [24.8360781, -34.1966561, -0.27], [24.8360781, -34.1966561, -0.27], [24.8360781, -34.1966561, -0.39], [24.8360781, -34.196656, -0.39], [24.836078, -34.196656, -0.39], [24.836078, -34.196656, -0.39], [24.8360781, -34.1966563, -0.27], [24.8360781, -34.1966563, -0.27], [24.8360781, -34.1966563, -0.27], [24.8360781, -34.1966563, -0.27], [24.8360781, -34.1966563, -0.18], [24.8360781, -34.1966563, -0.18], [24.8360781, -34.1966563, -0.18], [24.8360782, -34.1966563, -0.18], [24.8360782, -34.1966563, -0.17], [24.8360784, -34.1966562, -0.17], [24.8360784, -34.1966562, -0.17], [24.8360785, -34.1966562, -0.17], [24.8360785, -34.1966562, -0.31], [24.8360785, -34.1966562, -0.31], [24.8360785, -34.1966561, -0.31], [24.8360786, -34.1966561, -0.31], [24.8360784, -34.1966562, -0.28], [24.8360784, -34.1966562, -0.28], [24.8360784, -34.1966562, -0.28], [24.8360784, -34.1966562, -0.28], [24.8360784, -34.1966562, -0.28], [24.8360784, -34.1966562, -0.28], [24.8360784, -34.1966562, -0.28], [24.8360784, -34.1966562, -0.28], [24.8360784, -34.1966562, -0.31], [24.8360784, -34.1966562, -0.31], [24.8360784, -34.1966562, -0.31], [24.8360784, -34.1966562, -0.31], [24.8360784, -34.1966562, -0.25], [24.8360784, -34.1966562, -0.25], [24.8360784, -34.1966562, -0.25], [24.8360784, -34.1966562, -0.25], [24.8360781, -34.1966562, -0.25], [24.8360781, -34.1966562, -0.25], [24.8360781, -34.1966562, -0.25], [24.836078, -34.1966563, -0.25], [24.836078, -34.1966563, -0.29], [24.836078, -34.1966563, -0.29], [24.836078, -34.1966563, -0.29], [24.8360779, -34.1966563, -0.29], [24.8360782, -34.1966563, -0.28], [24.8360782, -34.1966563, -0.28], [24.8360782, -34.1966563, -0.28], [24.8360782, -34.1966563, -0.28], [24.8360782, -34.1966563, -0.24], [24.8360782, -34.1966563, -0.24], [24.8360782, -34.1966562, -0.24], [24.8360782, -34.1966562, -0.24], [24.8360782, -34.1966562, -0.34], [24.8360782, -34.1966563, -0.34], [24.8360782, -34.1966563, -0.34], [24.8360782, -34.1966563, -0.34], [24.8360782, -34.1966563, -0.36], [24.8360782, -34.1966563, -0.36], [24.8360782, -34.1966563, -0.36], [24.8360782, -34.1966564, -0.36], [24.8360783, -34.1966564, -0.31], [24.8360783, -34.1966564, -0.31], [24.8360783, -34.1966564, -0.31], [24.8360783, -34.1966563, -0.31], [24.8360784, -34.1966563, -0.41], [24.8360784, -34.1966563, -0.41], [24.8360784, -34.1966563, -0.41], [24.8360784, -34.1966563, -0.41], [24.8360784, -34.1966563, -0.37], [24.8360784, -34.1966562, -0.37], [24.8360784, -34.1966562, -0.37], [24.8360784, -34.1966562, -0.37], [24.8360784, -34.1966562, -0.4], [24.8360784, -34.1966562, -0.4], [24.8360784, -34.1966561, -0.4], [24.8360784, -34.1966561, -0.4], [24.8360784, -34.1966564, -0.45], [24.8360784, -34.1966564, -0.45], [24.8360784, -34.1966564, -0.45], [24.8360784, -34.1966564, -0.45], [24.8360784, -34.1966564, -0.37], [24.8360784, -34.1966564, -0.37], [24.8360783, -34.1966564, -0.37], [24.8360783, -34.1966564, -0.37], [24.8360784, -34.1966564, -0.25], [24.8360784, -34.1966564, -0.25], [24.8360784, -34.1966564, -0.25], [24.8360784, -34.1966564, -0.25], [24.8360784, -34.1966564, -0.28], [24.8360784, -34.1966563, -0.28], [24.8360784, -34.1966563, -0.28], [24.8360784, -34.1966563, -0.28], [24.8360784, -34.1966563, -0.31], [24.8360785, -34.1966565, -0.31], [24.8360785, -34.1966565, -0.31], [24.8360785, -34.1966565, -0.31], [24.8360785, -34.1966565, -0.3], [24.8360785, -34.1966565, -0.3], [24.8360785, -34.1966565, -0.3], [24.8360785, -34.1966565, -0.3], [24.8360785, -34.1966566, -0.33], [24.8360785, -34.1966566, -0.33], [24.8360785, -34.1966566, -0.33], [24.8360786, -34.1966566, -0.33], [24.8360786, -34.1966566, -0.36], [24.8360786, -34.1966566, -0.36], [24.8360786, -34.1966565, -0.36], [24.8360786, -34.1966565, -0.36], [24.8360786, -34.1966566, -0.34], [24.8360786, -34.1966566, -0.34], [24.8360786, -34.1966566, -0.34], [24.8360787, -34.1966566, -0.34], [24.8360787, -34.1966566, -0.23], [24.8360787, -34.1966566, -0.23], [24.8360787, -34.1966566, -0.23], [24.8360787, -34.1966566, -0.23], [24.8360787, -34.1966567, -0.28], [24.8360787, -34.1966567, -0.28], [24.8360787, -34.1966568, -0.28], [24.8360787, -34.1966568, -0.28], [24.8360787, -34.1966569, -0.26], [24.8360786, -34.1966569, -0.26], [24.8360786, -34.1966569, -0.26], [24.8360786, -34.196657, -0.26], [24.8360786, -34.1966567, -0.3], [24.8360786, -34.1966567, -0.3], [24.8360786, -34.1966567, -0.3], [24.8360786, -34.1966567, -0.3], [24.8360786, -34.1966567, -0.33], [24.8360786, -34.1966566, -0.33], [24.8360786, -34.1966566, -0.33], [24.8360787, -34.1966566, -0.33], [24.8360787, -34.1966566, -0.3], [24.8360787, -34.1966567, -0.3], [24.8360787, -34.1966567, -0.3], [24.8360787, -34.1966567, -0.3], [24.8360787, -34.1966567, -0.31], [24.8360787, -34.1966567, -0.31], [24.8360787, -34.1966567, -0.31], [24.8360786, -34.1966568, -0.31], [24.8360786, -34.1966568, -0.33], [24.8360786, -34.1966568, -0.33], [24.8360786, -34.1966568, -0.33], [24.8360785, -34.1966568, -0.33], [24.8360785, -34.1966568, -0.25], [24.8360785, -34.1966568, -0.25], [24.8360785, -34.1966568, -0.25], [24.8360785, -34.1966568, -0.25], [24.8360786, -34.1966569, -0.28], [24.8360786, -34.1966569, -0.28], [24.8360786, -34.1966569, -0.28], [24.8360786, -34.1966569, -0.28], [24.8360786, -34.1966569, -0.21], [24.8360786, -34.1966569, -0.21], [24.8360786, -34.1966569, -0.21], [24.8360786, -34.196657, -0.21], [24.8360786, -34.1966571, -0.29], [24.8360786, -34.1966571, -0.29], [24.8360786, -34.1966571, -0.29], [24.8360787, -34.1966572, -0.29], [24.8360787, -34.1966572, -0.34], [24.8360787, -34.1966572, -0.34], [24.8360787, -34.1966572, -0.34], [24.8360787, -34.1966572, -0.34], [24.8360787, -34.1966574, -0.29], [24.8360787, -34.1966574, -0.29], [24.8360787, -34.1966574, -0.29], [24.8360787, -34.1966575, -0.29], [24.8360787, -34.1966575, -0.24], [24.8360787, -34.1966575, -0.24], [24.8360787, -34.1966575, -0.24], [24.8360787, -34.1966576, -0.24], [24.8360787, -34.1966576, -0.28], [24.8360787, -34.1966576, -0.28], [24.8360787, -34.1966577, -0.28], [24.8360787, -34.1966577, -0.28], [24.8360787, -34.1966577, -0.24], [24.8360787, -34.1966577, -0.24], [24.8360787, -34.1966577, -0.24], [24.8360787, -34.1966578, -0.24], [24.8360787, -34.1966576, -0.3], [24.8360787, -34.1966576, -0.3], [24.8360787, -34.1966576, -0.3], [24.8360787, -34.1966576, -0.3], [24.8360787, -34.1966576, -0.71], [24.8360787, -34.1966576, -0.71], [24.8360787, -34.1966576, -0.71], [24.8360787, -34.1966576, -0.71], [24.8360787, -34.1966576, -0.77], [24.8360787, -34.1966576, -0.77], [24.8360787, -34.1966576, -0.77], [24.8360787, -34.1966576, -0.77], [24.8360787, -34.1966576, -0.79], [24.8360787, -34.1966576, -0.79], [24.8360787, -34.1966576, -0.79], [24.8360786, -34.1966576, -0.79], [24.8360786, -34.1966579, -0.83], [24.8360786, -34.1966579, -0.83], [24.8360786, -34.1966579, -0.83], [24.8360786, -34.1966579, -0.83], [24.8360786, -34.196658, -0.74], [24.8360786, -34.196658, -0.74], [24.8360786, -34.196658, -0.74], [24.8360786, -34.196658, -0.74], [24.8360786, -34.196658, -0.75], [24.8360786, -34.1966581, -0.75], [24.8360786, -34.1966581, -0.75], [24.8360786, -34.1966581, -0.75], [24.8360786, -34.1966581, -0.81], [24.8360786, -34.1966581, -0.81], [24.8360786, -34.1966581, -0.81], [24.8360785, -34.1966582, -0.81], [24.8360785, -34.1966582, -0.83], [24.8360787, -34.1966581, -0.83], [24.8360787, -34.1966581, -0.83], [24.8360787, -34.1966581, -0.83], [24.8360787, -34.1966581, -0.75], [24.8360787, -34.1966581, -0.75], [24.8360788, -34.1966581, -0.75], [24.8360788, -34.196658, -0.75], [24.8360787, -34.196658, -0.83], [24.8360787, -34.196658, -0.83], [24.8360787, -34.196658, -0.83], [24.8360787, -34.196658, -0.83], [24.8360787, -34.196658, -0.81], [24.8360787, -34.196658, -0.81], [24.8360787, -34.196658, -0.81], [24.8360788, -34.196658, -0.81], [24.8360787, -34.1966584, -0.85], [24.8360787, -34.1966584, -0.85], [24.8360787, -34.1966584, -0.85], [24.8360787, -34.1966585, -0.85], [24.8360787, -34.1966585, -0.83], [24.8360787, -34.1966586, -0.83], [24.8360787, -34.1966586, -0.83], [24.8360787, -34.1966587, -0.83], [24.8360787, -34.1966583, -0.83], [24.8360787, -34.1966582, -0.83], [24.8360787, -34.1966582, -0.83], [24.8360787, -34.1966582, -0.83], [24.8360787, -34.1966582, -0.86], [24.8360788, -34.1966582, -0.86], [24.8360788, -34.1966582, -0.86], [24.8360788, -34.1966581, -0.86], [24.8360788, -34.1966583, -0.82], [24.8360788, -34.1966583, -0.82], [24.8360788, -34.1966583, -0.82], [24.8360788, -34.1966584, -0.82], [24.8360788, -34.1966584, -0.83], [24.8360788, -34.1966584, -0.83], [24.8360788, -34.1966584, -0.83], [24.8360788, -34.1966584, -0.83], [24.8360789, -34.1966584, -0.85], [24.8360787, -34.1966584, -0.85], [24.8360787, -34.1966584, -0.85], [24.8360787, -34.1966584, -0.85], [24.8360787, -34.1966584, -0.75], [24.8360787, -34.1966584, -0.75], [24.8360787, -34.1966584, -0.75], [24.8360787, -34.1966584, -0.75], [24.8360786, -34.1966584, -0.73], [24.8360786, -34.1966584, -0.73], [24.8360786, -34.1966584, -0.73], [24.8360786, -34.1966584, -0.73], [24.8360786, -34.1966584, -0.79], [24.8360786, -34.1966584, -0.79], [24.8360786, -34.1966584, -0.79], [24.8360786, -34.1966584, -0.79], [24.8360784, -34.1966585, -0.79], [24.8360784, -34.1966585, -0.79], [24.8360784, -34.1966585, -0.79], [24.8360784, -34.1966586, -0.79], [24.8360784, -34.1966586, -0.75], [24.8360783, -34.1966586, -0.75], [24.8360783, -34.1966586, -0.75], [24.8360783, -34.1966586, -0.75], [24.8360783, -34.1966586, -0.81], [24.8360783, -34.1966586, -0.81], [24.8360783, -34.1966586, -0.81], [24.8360783, -34.1966586, -0.81], [24.8360783, -34.1966586, -0.78], [24.8360783, -34.1966586, -0.78], [24.8360783, -34.1966586, -0.78], [24.8360783, -34.1966586, -0.78], [24.8360782, -34.1966587, -0.76], [24.8360782, -34.1966587, -0.76], [24.8360782, -34.1966587, -0.76], [24.8360781, -34.1966588, -0.76], [24.8360781, -34.1966588, -0.74], [24.8360781, -34.1966588, -0.74], [24.8360781, -34.1966588, -0.74], [24.8360781, -34.1966588, -0.74], [24.8360781, -34.1966588, -0.81], [24.8360781, -34.1966587, -0.81], [24.8360781, -34.1966587, -0.81], [24.8360781, -34.1966587, -0.81], [24.8360781, -34.1966587, -0.68], [24.8360781, -34.1966587, -0.68], [24.8360781, -34.1966587, -0.68], [24.8360781, -34.1966587, -0.68], [24.836078, -34.1966587, -0.78], [24.836078, -34.1966587, -0.78], [24.836078, -34.1966587, -0.78], [24.836078, -34.1966587, -0.78], [24.836078, -34.1966587, -0.69], [24.836078, -34.1966587, -0.69], [24.836078, -34.1966587, -0.69], [24.836078, -34.1966586, -0.69], [24.836078, -34.1966587, -0.72], [24.8360781, -34.1966587, -0.72], [24.8360781, -34.1966587, -0.72], [24.8360781, -34.1966587, -0.72], [24.8360781, -34.1966587, -0.79], [24.8360781, -34.1966587, -0.79], [24.8360781, -34.1966587, -0.79], [24.8360782, -34.1966587, -0.79], [24.836078, -34.1966587, -0.76], [24.836078, -34.1966587, -0.76], [24.836078, -34.1966587, -0.76], [24.836078, -34.1966587, -0.76], [24.836078, -34.1966587, -0.66], [24.836078, -34.1966587, -0.66], [24.836078, -34.1966587, -0.66], [24.836078, -34.1966587, -0.66], [24.8360779, -34.1966587, -0.66], [24.8360779, -34.1966587, -0.66], [24.8360779, -34.1966587, -0.66], [24.8360779, -34.1966587, -0.66], [24.8360779, -34.1966587, -0.69], [24.8360779, -34.1966587, -0.69], [24.8360779, -34.1966587, -0.69], [24.8360779, -34.1966587, -0.69], [24.8360779, -34.1966587, -0.75], [24.8360778, -34.1966586, -0.75], [24.8360778, -34.1966586, -0.75], [24.8360778, -34.1966586, -0.75], [24.8360777, -34.1966585, -0.78], [24.8360777, -34.1966585, -0.78], [24.8360777, -34.1966585, -0.78], [24.8360777, -34.1966585, -0.78], [24.8360777, -34.1966586, -0.79], [24.8360777, -34.1966586, -0.79], [24.8360777, -34.1966586, -0.79], [24.8360777, -34.1966586, -0.79], [24.8360777, -34.1966586, -0.81], [24.8360777, -34.1966586, -0.81], [24.8360777, -34.1966586, -0.81], [24.8360777, -34.1966587, -0.81], [24.8360776, -34.1966586, -0.82], [24.8360776, -34.1966586, -0.82], [24.8360776, -34.1966586, -0.82], [24.8360776, -34.1966586, -0.82], [24.8360776, -34.1966586, -0.84], [24.8360776, -34.1966586, -0.84], [24.8360776, -34.1966586, -0.84], [24.8360776, -34.1966586, -0.84], [24.8360775, -34.1966586, -0.81], [24.8360775, -34.1966586, -0.81], [24.8360775, -34.1966586, -0.81], [24.8360775, -34.1966586, -0.81], [24.8360775, -34.1966586, -0.75], [24.8360775, -34.1966586, -0.75], [24.8360775, -34.1966586, -0.75], [24.8360776, -34.1966586, -0.75], [24.8360774, -34.1966585, -0.82], [24.8360774, -34.1966585, -0.82], [24.8360774, -34.1966585, -0.82], [24.8360774, -34.1966585, -0.82], [24.8360774, -34.1966585, -0.83], [24.8360774, -34.1966585, -0.83], [24.8360774, -34.1966585, -0.83], [24.8360774, -34.1966585, -0.83], [24.8360774, -34.1966585, -0.73], [24.8360773, -34.1966585, -0.73], [24.8360773, -34.1966585, -0.73], [24.8360773, -34.1966585, -0.73], [24.8360773, -34.1966585, -0.86], [24.8360773, -34.1966585, -0.86], [24.8360773, -34.1966585, -0.86], [24.8360773, -34.1966585, -0.86], [24.8360771, -34.1966585, -0.81], [24.8360771, -34.1966585, -0.81], [24.8360771, -34.1966585, -0.81], [24.8360771, -34.1966585, -0.81], [24.8360771, -34.1966585, -0.7], [24.8360771, -34.1966585, -0.7], [24.8360771, -34.1966585, -0.7], [24.8360771, -34.1966585, -0.7], [24.836077, -34.1966585, -0.79], [24.836077, -34.1966585, -0.79], [24.836077, -34.1966585, -0.79], [24.836077, -34.1966585, -0.79], [24.836077, -34.1966585, -0.82], [24.836077, -34.1966585, -0.82], [24.836077, -34.1966585, -0.82], [24.836077, -34.1966585, -0.82], [24.8360771, -34.1966584, -0.85], [24.8360771, -34.1966584, -0.85], [24.8360771, -34.1966584, -0.85], [24.8360771, -34.1966584, -0.85], [24.8360771, -34.1966583, -0.79], [24.8360771, -34.1966583, -0.79], [24.8360771, -34.1966583, -0.79], [24.8360771, -34.1966583, -0.79], [24.836077, -34.1966585, -0.73], [24.836077, -34.1966585, -0.73], [24.836077, -34.1966585, -0.73], [24.836077, -34.1966584, -0.73], [24.836077, -34.1966584, -0.7], [24.836077, -34.1966584, -0.7], [24.836077, -34.1966584, -0.7], [24.8360769, -34.1966584, -0.7], [24.8360769, -34.1966584, -0.85], [24.8360769, -34.1966585, -0.85], [24.8360769, -34.1966585, -0.85], [24.8360769, -34.1966585, -0.85], [24.8360769, -34.1966585, -0.84], [24.8360769, -34.1966585, -0.84], [24.8360769, -34.1966585, -0.84], [24.8360769, -34.1966584, -0.84], [24.8360768, -34.1966585, -0.75], [24.8360768, -34.1966585, -0.75], [24.8360768, -34.1966585, -0.75], [24.8360768, -34.1966585, -0.75], [24.8360768, -34.1966585, -0.73], [24.8360768, -34.1966585, -0.73], [24.8360768, -34.1966585, -0.73], [24.8360768, -34.1966585, -0.73], [24.8360767, -34.1966584, -0.76], [24.8360767, -34.1966584, -0.76], [24.8360767, -34.1966584, -0.76], [24.8360767, -34.1966584, -0.76], [24.8360767, -34.1966584, -0.84], [24.8360767, -34.1966583, -0.84], [24.8360767, -34.1966583, -0.84], [24.8360767, -34.1966583, -0.84], [24.8360766, -34.1966585, -0.88], [24.8360766, -34.1966585, -0.88], [24.8360766, -34.1966585, -0.88], [24.8360766, -34.1966585, -0.88], [24.8360766, -34.1966585, -0.9], [24.8360766, -34.1966585, -0.9], [24.8360766, -34.1966585, -0.9], [24.8360766, -34.1966584, -0.9], [24.8360764, -34.1966586, -0.88], [24.8360764, -34.1966586, -0.88], [24.8360764, -34.1966586, -0.88], [24.8360763, -34.1966587, -0.88], [24.8360763, -34.1966587, -0.86], [24.8360763, -34.1966587, -0.86], [24.8360763, -34.1966587, -0.86], [24.8360762, -34.1966587, -0.86], [24.8360762, -34.1966587, -0.91], [24.8360763, -34.1966586, -0.91], [24.8360763, -34.1966586, -0.91], [24.8360763, -34.1966586, -0.91], [24.8360763, -34.1966585, -0.9], [24.8360763, -34.1966585, -0.9], [24.8360763, -34.1966585, -0.9], [24.8360763, -34.1966585, -0.9], [24.8360762, -34.1966588, -0.88], [24.8360762, -34.1966588, -0.88], [24.8360762, -34.1966588, -0.88], [24.8360762, -34.1966589, -0.88], [24.8360762, -34.1966589, -0.86], [24.8360762, -34.1966589, -0.86], [24.8360762, -34.1966589, -0.86], [24.8360762, -34.1966589, -0.86], [24.836076, -34.1966586, -0.84], [24.836076, -34.1966586, -0.84], [24.836076, -34.1966586, -0.84], [24.836076, -34.1966585, -0.84], [24.836076, -34.1966585, -0.86], [24.836076, -34.1966585, -0.86], [24.836076, -34.1966584, -0.86], [24.836076, -34.1966584, -0.86], [24.8360758, -34.1966589, -0.93], [24.8360758, -34.1966589, -0.93], [24.8360758, -34.1966589, -0.93], [24.8360758, -34.1966589, -0.93], [24.8360758, -34.1966589, -0.83], [24.8360758, -34.196659, -0.83], [24.8360758, -34.196659, -0.83], [24.8360758, -34.196659, -0.83], [24.8360757, -34.1966589, -0.91], [24.8360757, -34.1966589, -0.91], [24.8360757, -34.1966589, -0.91], [24.8360757, -34.1966589, -0.91], [24.8360757, -34.1966589, -0.95], [24.8360757, -34.1966589, -0.95], [24.8360757, -34.1966589, -0.95], [24.8360757, -34.1966589, -0.95], [24.8360757, -34.1966589, -0.89], [24.8360759, -34.196659, -0.89], [24.8360759, -34.196659, -0.89], [24.836076, -34.196659, -0.89], [24.836076, -34.196659, -0.81], [24.836076, -34.196659, -0.81], [24.8360761, -34.196659, -0.81], [24.8360761, -34.196659, -0.81], [24.8360759, -34.1966591, -0.79], [24.8360759, -34.1966591, -0.79], [24.8360759, -34.1966591, -0.79], [24.8360759, -34.1966591, -0.79], [24.8360759, -34.1966591, -0.86], [24.8360759, -34.1966591, -0.86], [24.8360759, -34.1966591, -0.86], [24.8360759, -34.1966591, -0.86], [24.8360758, -34.1966592, -0.84], [24.8360758, -34.1966592, -0.84], [24.8360758, -34.1966592, -0.84], [24.8360758, -34.1966593, -0.84], [24.8360758, -34.1966593, -0.86], [24.8360758, -34.1966593, -0.86], [24.8360758, -34.1966593, -0.86], [24.8360757, -34.1966593, -0.86], [24.8360757, -34.1966594, -0.86], [24.8360757, -34.1966594, -0.86], [24.8360757, -34.1966594, -0.86], [24.8360757, -34.1966594, -0.86], [24.8360757, -34.1966594, -0.81], [24.8360757, -34.1966594, -0.81], [24.8360757, -34.1966595, -0.81], [24.8360757, -34.1966595, -0.81], [24.8360758, -34.1966594, -0.88], [24.8360758, -34.1966594, -0.88], [24.8360758, -34.1966594, -0.88], [24.8360759, -34.1966594, -0.88], [24.8360759, -34.1966594, -0.88], [24.8360759, -34.1966594, -0.88], [24.8360759, -34.1966594, -0.88], [24.8360759, -34.1966594, -0.88], [24.8360759, -34.1966594, -0.88], [24.8360758, -34.1966595, -0.88], [24.8360758, -34.1966595, -0.88], [24.8360758, -34.1966595, -0.88], [24.8360758, -34.1966595, -0.83], [24.8360758, -34.1966595, -0.83], [24.8360758, -34.1966594, -0.83], [24.8360758, -34.1966594, -0.83], [24.8360758, -34.1966598, -0.85], [24.8360758, -34.1966598, -0.85], [24.8360758, -34.1966598, -0.85], [24.8360758, -34.1966598, -0.85], [24.8360758, -34.1966599, -0.93], [24.8360758, -34.1966599, -0.93], [24.8360758, -34.1966599, -0.93], [24.8360758, -34.1966599, -0.93], [24.8360757, -34.19666, -0.88], [24.8360757, -34.19666, -0.88], [24.8360757, -34.19666, -0.88], [24.8360757, -34.19666, -0.88], [24.8360757, -34.19666, -0.88], [24.8360757, -34.1966601, -0.88], [24.8360757, -34.1966601, -0.88], [24.8360757, -34.1966601, -0.88], [24.8360757, -34.1966601, -0.81], [24.8360757, -34.1966601, -0.81], [24.8360757, -34.1966601, -0.81], [24.8360757, -34.1966602, -0.81], [24.8360757, -34.1966602, -0.85], [24.8360757, -34.1966602, -0.85], [24.8360757, -34.1966602, -0.85], [24.8360757, -34.1966602, -0.85], [24.8360759, -34.1966602, -0.79], [24.8360759, -34.1966602, -0.79], [24.8360759, -34.1966602, -0.79], [24.8360759, -34.1966602, -0.79], [24.836076, -34.1966602, -0.8], [24.836076, -34.1966602, -0.8], [24.836076, -34.1966602, -0.8], [24.836076, -34.1966602, -0.8], [24.8360761, -34.1966602, -0.85], [24.8360758, -34.1966604, -0.85], [24.8360758, -34.1966604, -0.85], [24.8360757, -34.1966604, -0.85], [24.8360757, -34.1966604, -0.91], [24.8360757, -34.1966604, -0.91], [24.8360757, -34.1966604, -0.91], [24.8360757, -34.1966605, -0.91], [24.8360757, -34.1966605, -0.93], [24.8360757, -34.1966605, -0.93], [24.8360757, -34.1966605, -0.93], [24.8360758, -34.1966605, -0.93], [24.8360758, -34.1966605, -0.84], [24.8360758, -34.1966605, -0.84], [24.8360758, -34.1966605, -0.84], [24.8360758, -34.1966605, -0.84], [24.8360757, -34.1966605, -0.9], [24.8360757, -34.1966605, -0.9], [24.8360757, -34.1966605, -0.9], [24.8360757, -34.1966605, -0.9], [24.8360757, -34.1966605, -0.83], [24.8360757, -34.1966605, -0.83], [24.8360757, -34.1966605, -0.83], [24.8360757, -34.1966605, -0.83], [24.8360755, -34.1966605, -0.86], [24.8360755, -34.1966605, -0.86], [24.8360755, -34.1966605, -0.86], [24.8360755, -34.1966605, -0.86], [24.8360755, -34.1966605, -0.8], [24.8360755, -34.1966605, -0.8], [24.8360755, -34.1966605, -0.8], [24.8360755, -34.1966605, -0.8], [24.8360757, -34.1966605, -0.76], [24.8360757, -34.1966605, -0.76], [24.8360757, -34.1966605, -0.76], [24.8360757, -34.1966605, -0.76], [24.8360758, -34.1966605, -0.81], [24.8360758, -34.1966605, -0.81], [24.8360758, -34.1966605, -0.81], [24.8360758, -34.1966605, -0.81], [24.8360759, -34.1966605, -0.83], [24.8360756, -34.1966606, -0.83], [24.8360756, -34.1966606, -0.83], [24.8360756, -34.1966606, -0.83], [24.8360756, -34.1966606, -0.79], [24.8360756, -34.1966606, -0.79], [24.8360756, -34.1966606, -0.79], [24.8360756, -34.1966606, -0.79], [24.8360753, -34.1966606, -0.86], [24.8360753, -34.1966606, -0.86], [24.8360753, -34.1966606, -0.86], [24.8360752, -34.1966606, -0.86], [24.8360752, -34.1966606, -0.85], [24.8360752, -34.1966606, -0.85], [24.8360751, -34.1966606, -0.85], [24.8360751, -34.1966606, -0.85], [24.8360754, -34.1966608, -0.86], [24.8360754, -34.1966608, -0.86], [24.8360755, -34.1966608, -0.86], [24.8360755, -34.1966608, -0.86], [24.8360755, -34.1966608, -0.86], [24.8360755, -34.1966608, -0.86], [24.8360755, -34.1966608, -0.86], [24.8360756, -34.1966608, -0.86], [24.8360752, -34.1966608, -0.82], [24.8360752, -34.1966608, -0.82], [24.8360752, -34.1966609, -0.82], [24.8360751, -34.1966609, -0.82], [24.8360751, -34.1966609, -0.83], [24.8360751, -34.1966609, -0.83], [24.836075, -34.1966609, -0.83], [24.836075, -34.1966609, -0.83], [24.8360751, -34.196661, -0.9], [24.8360751, -34.196661, -0.9], [24.8360751, -34.196661, -0.9], [24.8360751, -34.1966611, -0.9], [24.8360751, -34.1966611, -0.82], [24.8360751, -34.1966611, -0.82], [24.8360751, -34.1966611, -0.82], [24.8360751, -34.1966611, -0.82], [24.8360751, -34.1966611, -0.82], [24.836075, -34.1966611, -0.82], [24.836075, -34.1966611, -0.82], [24.836075, -34.1966611, -0.82], [24.836075, -34.1966611, -0.82], [24.836075, -34.1966611, -0.82], [24.836075, -34.1966611, -0.82], [24.8360749, -34.1966611, -0.82], [24.8360749, -34.1966613, -0.83], [24.8360749, -34.1966613, -0.83], [24.8360749, -34.1966613, -0.83], [24.8360749, -34.1966613, -0.83], [24.8360749, -34.1966613, -0.75], [24.8360749, -34.1966613, -0.75], [24.8360749, -34.1966613, -0.75], [24.8360749, -34.1966613, -0.75], [24.8360749, -34.1966612, -0.75], [24.836075, -34.1966612, -0.75], [24.836075, -34.1966612, -0.75], [24.836075, -34.1966612, -0.75], [24.836075, -34.1966612, -0.77], [24.836075, -34.1966612, -0.77], [24.836075, -34.1966612, -0.77], [24.8360751, -34.1966612, -0.77], [24.8360749, -34.1966612, -0.75], [24.8360749, -34.1966612, -0.75], [24.8360749, -34.1966612, -0.75], [24.8360749, -34.1966612, -0.75], [24.8360749, -34.1966612, -0.8], [24.8360749, -34.1966612, -0.8], [24.8360749, -34.1966612, -0.8], [24.8360748, -34.1966612, -0.8], [24.8360747, -34.1966612, -0.69], [24.8360746, -34.1966612, -0.69], [24.8360746, -34.1966611, -0.69], [24.8360746, -34.1966611, -0.69], [24.8360746, -34.1966611, -0.67], [24.8360746, -34.1966611, -0.67], [24.8360745, -34.1966611, -0.67], [24.8360745, -34.196661, -0.67], [24.8360745, -34.196661, -0.65], [24.8360746, -34.1966613, -0.65], [24.8360746, -34.1966613, -0.65], [24.8360746, -34.1966613, -0.65], [24.8360746, -34.1966613, -0.66], [24.8360745, -34.1966613, -0.66], [24.8360745, -34.1966613, -0.66], [24.8360745, -34.1966613, -0.66], [24.8360746, -34.1966612, -0.74], [24.8360746, -34.1966612, -0.74], [24.8360746, -34.1966612, -0.74], [24.8360746, -34.1966613, -0.74], [24.8360746, -34.1966613, -0.79], [24.8360746, -34.1966613, -0.79], [24.8360746, -34.1966613, -0.79], [24.8360746, -34.1966613, -0.79], [24.8360746, -34.1966612, -0.72], [24.8360746, -34.1966612, -0.72], [24.8360746, -34.1966612, -0.72], [24.8360746, -34.1966612, -0.72], [24.8360746, -34.1966612, -0.74], [24.8360746, -34.1966612, -0.74], [24.8360746, -34.1966612, -0.74], [24.8360746, -34.1966611, -0.74], [24.8360746, -34.1966612, -0.7], [24.8360746, -34.1966612, -0.7], [24.8360746, -34.1966612, -0.7], [24.8360746, -34.1966612, -0.7], [24.8360746, -34.1966612, -0.75], [24.8360746, -34.1966612, -0.75], [24.8360746, -34.1966612, -0.75], [24.8360746, -34.1966612, -0.75], [24.8360746, -34.1966612, -0.79], [24.8360746, -34.1966612, -0.79], [24.8360746, -34.1966612, -0.79], [24.8360746, -34.1966613, -0.79], [24.8360747, -34.1966613, -0.75], [24.8360747, -34.1966613, -0.75], [24.8360747, -34.1966613, -0.75], [24.8360747, -34.1966613, -0.75], [24.8360747, -34.1966613, -0.75], [24.8360747, -34.1966614, -0.75], [24.8360747, -34.1966614, -0.75], [24.8360747, -34.1966614, -0.75], [24.8360747, -34.1966614, -0.78], [24.8360747, -34.1966614, -0.78], [24.8360747, -34.1966615, -0.78], [24.8360747, -34.1966615, -0.78], [24.8360747, -34.1966614, -0.74], [24.8360747, -34.1966614, -0.74], [24.8360747, -34.1966614, -0.74], [24.8360747, -34.1966614, -0.74], [24.8360747, -34.1966614, -0.69], [24.8360747, -34.1966614, -0.69], [24.8360747, -34.1966614, -0.69], [24.8360747, -34.1966614, -0.69], [24.8360747, -34.1966612, -0.65], [24.8360747, -34.1966612, -0.65], [24.8360747, -34.1966612, -0.65], [24.8360747, -34.1966612, -0.65], [24.8360747, -34.1966612, -0.63], [24.8360747, -34.1966612, -0.63], [24.8360747, -34.1966612, -0.63], [24.8360747, -34.1966612, -0.63], [24.8360747, -34.1966613, -0.73], [24.8360747, -34.1966613, -0.73], [24.8360747, -34.1966613, -0.73], [24.8360748, -34.1966613, -0.73], [24.8360748, -34.1966614, -0.75], [24.8360748, -34.1966614, -0.75], [24.8360748, -34.1966614, -0.75], [24.8360748, -34.1966614, -0.75], [24.8360749, -34.196661, -0.79], [24.8360749, -34.196661, -0.79], [24.8360749, -34.196661, -0.79], [24.8360749, -34.1966611, -0.79], [24.836075, -34.1966611, -0.72], [24.836075, -34.1966611, -0.72], [24.836075, -34.1966611, -0.72], [24.836075, -34.1966611, -0.72], [24.8360751, -34.1966611, -0.77], [24.8360749, -34.1966613, -0.77], [24.8360749, -34.1966613, -0.77], [24.8360749, -34.1966614, -0.77], [24.8360749, -34.1966614, -0.78], [24.8360749, -34.1966615, -0.78], [24.8360749, -34.1966615, -0.78], [24.8360749, -34.1966616, -0.78], [24.8360749, -34.196661, -0.78], [24.8360749, -34.196661, -0.78], [24.8360749, -34.196661, -0.78], [24.8360749, -34.1966609, -0.78], [24.8360749, -34.1966609, -0.73], [24.8360749, -34.1966609, -0.73], [24.8360749, -34.1966609, -0.73], [24.8360749, -34.1966609, -0.73], [24.8360749, -34.196661, -0.75], [24.836075, -34.196661, -0.75], [24.836075, -34.196661, -0.75], [24.836075, -34.196661, -0.75], [24.836075, -34.196661, -0.83], [24.836075, -34.196661, -0.83], [24.836075, -34.196661, -0.83], [24.8360751, -34.196661, -0.83], [24.836075, -34.1966613, -0.82], [24.836075, -34.1966613, -0.82], [24.836075, -34.1966613, -0.82], [24.836075, -34.1966614, -0.82], [24.836075, -34.1966614, -0.81], [24.836075, -34.1966614, -0.81], [24.836075, -34.1966614, -0.81], [24.836075, -34.1966615, -0.81], [24.836075, -34.1966614, -0.77], [24.836075, -34.1966614, -0.77], [24.836075, -34.1966614, -0.77], [24.836075, -34.1966614, -0.77], [24.836075, -34.1966614, -0.79], [24.836075, -34.1966614, -0.79], [24.836075, -34.1966614, -0.79], [24.836075, -34.1966614, -0.79], [24.836075, -34.1966614, -0.73], [24.836075, -34.1966614, -0.73], [24.836075, -34.1966614, -0.73], [24.836075, -34.1966614, -0.73], [24.8360751, -34.1966614, -0.79], [24.8360751, -34.1966614, -0.79], [24.8360751, -34.1966613, -0.79], [24.8360751, -34.1966613, -0.79], [24.836075, -34.1966612, -0.69], [24.836075, -34.1966612, -0.69], [24.836075, -34.1966612, -0.69], [24.836075, -34.1966611, -0.69], [24.836075, -34.1966611, -0.69], [24.836075, -34.1966611, -0.69], [24.836075, -34.1966611, -0.69], [24.836075, -34.196661, -0.69], [24.8360749, -34.1966613, -0.72], [24.8360749, -34.1966613, -0.72], [24.8360749, -34.1966613, -0.72], [24.8360748, -34.1966613, -0.72], [24.8360748, -34.1966613, -0.76], [24.8360748, -34.1966613, -0.76], [24.8360748, -34.1966613, -0.76], [24.8360748, -34.1966613, -0.76], [24.8360749, -34.1966613, -0.75], [24.8360749, -34.1966613, -0.75], [24.8360749, -34.1966613, -0.75], [24.836075, -34.1966613, -0.75], [24.836075, -34.1966613, -0.73], [24.836075, -34.1966613, -0.73], [24.836075, -34.1966613, -0.73], [24.836075, -34.1966613, -0.73], [24.8360749, -34.1966613, -0.72], [24.8360749, -34.1966613, -0.72], [24.8360749, -34.1966613, -0.72], [24.8360749, -34.1966613, -0.72], [24.8360749, -34.1966613, -0.69], [24.8360749, -34.1966613, -0.69], [24.8360749, -34.1966613, -0.69], [24.8360749, -34.1966613, -0.69], [24.8360749, -34.1966614, -0.8], [24.8360749, -34.1966614, -0.8], [24.8360749, -34.1966614, -0.8], [24.8360749, -34.1966614, -0.8], [24.8360749, -34.1966614, -0.79], [24.8360749, -34.1966614, -0.79], [24.8360749, -34.1966614, -0.79], [24.8360749, -34.1966614, -0.79], [24.8360749, -34.196661, -0.74], [24.8360749, -34.196661, -0.74], [24.8360749, -34.196661, -0.74], [24.8360749, -34.1966609, -0.74], [24.8360749, -34.1966609, -0.76], [24.836075, -34.1966609, -0.76], [24.836075, -34.1966608, -0.76], [24.836075, -34.1966608, -0.76], [24.8360748, -34.1966609, -0.73], [24.8360747, -34.1966609, -0.73], [24.8360747, -34.1966609, -0.73], [24.8360747, -34.1966609, -0.73], [24.8360747, -34.1966609, -0.74], [24.8360747, -34.1966609, -0.74], [24.8360746, -34.1966609, -0.74], [24.8360746, -34.196661, -0.74], [24.8360746, -34.1966609, -0.74], [24.8360746, -34.1966609, -0.74], [24.8360746, -34.1966609, -0.74], [24.8360746, -34.1966609, -0.74], [24.8360746, -34.1966609, -0.74], [24.8360746, -34.1966608, -0.74], [24.8360746, -34.1966608, -0.74], [24.8360745, -34.1966608, -0.74], [24.8360747, -34.196661, -0.76], [24.8360747, -34.196661, -0.76], [24.8360747, -34.196661, -0.76], [24.8360748, -34.196661, -0.76], [24.8360748, -34.196661, -0.78], [24.8360748, -34.196661, -0.78], [24.8360748, -34.196661, -0.78], [24.8360748, -34.1966609, -0.78], [24.8360748, -34.1966609, -0.67], [24.8360745, -34.1966609, -0.67], [24.8360745, -34.1966609, -0.67], [24.8360744, -34.1966609, -0.67], [24.8360744, -34.1966608, -0.7], [24.8360744, -34.1966608, -0.7], [24.8360744, -34.1966608, -0.7], [24.8360743, -34.1966608, -0.7], [24.8360745, -34.196661, -0.67], [24.8360745, -34.196661, -0.67], [24.8360745, -34.196661, -0.67], [24.8360745, -34.196661, -0.67], [24.8360745, -34.1966609, -1.12], [24.8360745, -34.1966609, -1.12], [24.8360745, -34.1966609, -1.12], [24.8360745, -34.1966609, -1.12], [24.8360744, -34.1966611, -1.11], [24.8360744, -34.1966611, -1.11], [24.8360744, -34.1966611, -1.11], [24.8360744, -34.1966611, -1.11], [24.8360744, -34.1966611, -1.16], [24.8360744, -34.1966611, -1.16], [24.8360744, -34.1966611, -1.16], [24.8360744, -34.1966611, -1.16], [24.8360744, -34.196661, -1.13], [24.8360744, -34.196661, -1.13], [24.8360744, -34.196661, -1.13], [24.8360744, -34.196661, -1.13], [24.8360744, -34.196661, -1.13], [24.8360744, -34.196661, -1.13], [24.8360744, -34.196661, -1.13], [24.8360744, -34.196661, -1.13], [24.8360744, -34.1966609, -1.17], [24.8360744, -34.1966609, -1.17], [24.8360744, -34.1966609, -1.17], [24.8360744, -34.1966609, -1.17], [24.8360744, -34.1966609, -1.14], [24.8360744, -34.1966609, -1.14], [24.8360744, -34.1966609, -1.14], [24.8360744, -34.1966608, -1.14], [24.8360744, -34.1966608, -1.12], [24.8360744, -34.1966608, -1.12], [24.8360744, -34.1966608, -1.12], [24.8360744, -34.1966608, -1.12], [24.8360744, -34.1966608, -1.19], [24.8360744, -34.1966608, -1.19], [24.8360744, -34.1966608, -1.19], [24.8360744, -34.1966609, -1.19], [24.8360744, -34.1966609, -1.19], [24.8360744, -34.1966609, -1.19], [24.8360744, -34.1966609, -1.19], [24.8360744, -34.196661, -1.19], [24.8360744, -34.196661, -1.13], [24.8360744, -34.196661, -1.13], [24.8360744, -34.196661, -1.13], [24.8360744, -34.196661, -1.13], [24.8360743, -34.196661, -1.17], [24.8360743, -34.196661, -1.17], [24.8360743, -34.196661, -1.17], [24.8360743, -34.196661, -1.17], [24.8360743, -34.196661, -1.11], [24.8360742, -34.1966611, -1.11], [24.8360742, -34.1966611, -1.11], [24.8360742, -34.1966611, -1.11], [24.8360744, -34.1966612, -1.11], [24.8360744, -34.1966612, -1.11], [24.8360744, -34.1966612, -1.11], [24.8360744, -34.1966612, -1.11], [24.8360744, -34.1966612, -1.17], [24.8360744, -34.1966611, -1.17], [24.8360744, -34.1966611, -1.17], [24.8360744, -34.1966611, -1.17], [24.8360744, -34.1966612, -1.13], [24.8360744, -34.1966612, -1.13], [24.8360744, -34.1966612, -1.13], [24.8360744, -34.1966612, -1.13], [24.8360744, -34.1966613, -1.18], [24.8360744, -34.1966613, -1.18], [24.8360744, -34.1966613, -1.18], [24.8360744, -34.1966613, -1.18], [24.8360744, -34.1966613, -1.24], [24.8360741, -34.1966611, -1.24], [24.8360741, -34.1966611, -1.24], [24.8360741, -34.1966611, -1.24], [24.8360741, -34.1966611, -1.26], [24.836074, -34.1966611, -1.26], [24.836074, -34.1966611, -1.26], [24.836074, -34.1966611, -1.26], [24.8360741, -34.196661, -1.24], [24.8360741, -34.196661, -1.24], [24.8360741, -34.196661, -1.24], [24.8360741, -34.196661, -1.24], [24.8360741, -34.196661, -1.25], [24.8360741, -34.196661, -1.25], [24.8360741, -34.196661, -1.25], [24.8360741, -34.196661, -1.25], [24.8360739, -34.196661, -1.26], [24.8360739, -34.196661, -1.26], [24.8360739, -34.196661, -1.26], [24.8360739, -34.196661, -1.26], [24.8360739, -34.196661, -1.21], [24.8360738, -34.196661, -1.21], [24.8360738, -34.196661, -1.21], [24.8360738, -34.196661, -1.21], [24.8360739, -34.1966611, -1.17], [24.8360739, -34.1966611, -1.17], [24.8360739, -34.1966611, -1.17], [24.836074, -34.1966611, -1.17], [24.836074, -34.1966611, -1.21], [24.836074, -34.1966611, -1.21], [24.836074, -34.1966611, -1.21], [24.836074, -34.1966611, -1.21], [24.8360738, -34.196661, -1.16], [24.8360738, -34.196661, -1.16], [24.8360738, -34.196661, -1.16], [24.8360738, -34.196661, -1.16], [24.8360738, -34.196661, -1.12], [24.8360738, -34.196661, -1.12], [24.8360738, -34.196661, -1.12], [24.8360738, -34.196661, -1.12], [24.8360738, -34.196661, -1.18], [24.8360737, -34.1966609, -1.18], [24.8360736, -34.1966609, -1.18], [24.8360736, -34.1966608, -1.18], [24.8360736, -34.1966608, -1.16], [24.8360736, -34.1966608, -1.16], [24.8360736, -34.1966608, -1.16], [24.8360735, -34.1966608, -1.16], [24.8360737, -34.1966609, -1.1], [24.8360737, -34.196661, -1.1], [24.8360737, -34.196661, -1.1], [24.8360737, -34.196661, -1.1], [24.8360737, -34.196661, -1.13], [24.8360737, -34.196661, -1.13], [24.8360737, -34.1966611, -1.13], [24.8360737, -34.1966611, -1.13], [24.8360735, -34.1966611, -1.05], [24.8360735, -34.1966611, -1.05], [24.8360735, -34.1966611, -1.05], [24.8360734, -34.1966611, -1.05], [24.8360734, -34.1966611, -1.1], [24.8360734, -34.1966611, -1.1], [24.8360733, -34.1966611, -1.1], [24.8360733, -34.1966611, -1.1], [24.8360735, -34.1966613, -1.1], [24.8360735, -34.1966613, -1.1], [24.8360735, -34.1966613, -1.1], [24.8360735, -34.1966613, -1.1], [24.8360735, -34.1966614, -1.13], [24.8360735, -34.1966614, -1.13], [24.8360735, -34.1966614, -1.13], [24.8360735, -34.1966614, -1.13], [24.8360735, -34.1966615, -1.13], [24.8360735, -34.1966615, -1.13], [24.8360735, -34.1966615, -1.13], [24.8360735, -34.1966615, -1.13], [24.8360735, -34.1966615, -1.12], [24.8360735, -34.1966615, -1.12], [24.8360735, -34.1966615, -1.12], [24.8360735, -34.1966615, -1.12], [24.8360735, -34.1966616, -1.18], [24.8360735, -34.1966614, -1.18], [24.8360735, -34.1966614, -1.18], [24.8360735, -34.1966614, -1.18], [24.8360735, -34.1966614, -1.11], [24.8360735, -34.1966614, -1.11], [24.8360735, -34.1966614, -1.11], [24.8360735, -34.1966614, -1.11], [24.8360735, -34.1966614, -1.12], [24.8360735, -34.1966614, -1.12], [24.8360735, -34.1966614, -1.12], [24.8360735, -34.1966614, -1.12], [24.8360734, -34.1966614, -1.12], [24.8360734, -34.1966614, -1.12], [24.8360734, -34.1966614, -1.12], [24.8360734, -34.1966614, -1.12], [24.8360736, -34.1966612, -1.15], [24.8360736, -34.1966612, -1.15], [24.8360736, -34.1966611, -1.15], [24.8360737, -34.1966611, -1.15], [24.8360737, -34.1966611, -1.12], [24.8360737, -34.196661, -1.12], [24.8360737, -34.196661, -1.12], [24.8360737, -34.196661, -1.12], [24.8360738, -34.1966614, -1.15], [24.8360738, -34.1966614, -1.15], [24.8360738, -34.1966615, -1.15], [24.8360737, -34.1966615, -1.15], [24.8360737, -34.1966615, -1.11], [24.8360737, -34.1966615, -1.11], [24.8360737, -34.1966615, -1.11], [24.8360737, -34.1966616, -1.11], [24.8360738, -34.1966614, -1.19], [24.8360738, -34.1966614, -1.19], [24.8360738, -34.1966614, -1.19], [24.8360738, -34.1966614, -1.19], [24.8360738, -34.1966614, -1.11], [24.8360738, -34.1966614, -1.11], [24.8360738, -34.1966613, -1.11], [24.8360737, -34.1966613, -1.11], [24.8360737, -34.1966613, -1.11], [24.8360738, -34.1966614, -1.11], [24.8360738, -34.1966614, -1.11], [24.8360738, -34.1966614, -1.11], [24.8360738, -34.1966614, -1.16], [24.8360738, -34.1966614, -1.16], [24.8360738, -34.1966614, -1.16], [24.8360737, -34.1966614, -1.16], [24.8360738, -34.1966614, -1.18], [24.8360737, -34.1966614, -1.18], [24.8360737, -34.1966614, -1.18], [24.8360737, -34.1966614, -1.18], [24.8360737, -34.1966614, -1.22], [24.8360737, -34.1966614, -1.22], [24.8360737, -34.1966614, -1.22], [24.8360736, -34.1966614, -1.22], [24.8360739, -34.1966614, -1.16], [24.8360739, -34.1966614, -1.16], [24.8360739, -34.1966614, -1.16], [24.8360739, -34.1966614, -1.16], [24.8360739, -34.1966614, -1.22], [24.8360739, -34.1966614, -1.22], [24.8360739, -34.1966614, -1.22], [24.836074, -34.1966614, -1.22], [24.836074, -34.1966617, -1.19], [24.836074, -34.1966618, -1.19], [24.836074, -34.1966618, -1.19], [24.836074, -34.1966619, -1.19], [24.836074, -34.1966619, -1.17], [24.836074, -34.1966619, -1.17], [24.836074, -34.1966619, -1.17], [24.836074, -34.196662, -1.17], [24.836074, -34.1966615, -1.17], [24.836074, -34.1966615, -1.17], [24.836074, -34.1966615, -1.17], [24.836074, -34.1966615, -1.17], [24.836074, -34.1966615, -1.19], [24.836074, -34.1966615, -1.19], [24.836074, -34.1966615, -1.19], [24.836074, -34.1966615, -1.19], [24.836074, -34.1966615, -1.16], [24.836074, -34.1966616, -1.16], [24.836074, -34.1966617, -1.16], [24.836074, -34.1966617, -1.16], [24.836074, -34.1966618, -1.14], [24.836074, -34.1966618, -1.14], [24.836074, -34.1966618, -1.14], [24.836074, -34.1966619, -1.14], [24.836074, -34.1966616, -1.24], [24.836074, -34.1966616, -1.24], [24.836074, -34.1966616, -1.24], [24.8360739, -34.1966617, -1.24], [24.8360739, -34.1966617, -1.3], [24.8360739, -34.1966617, -1.3], [24.8360739, -34.1966617, -1.3], [24.8360739, -34.1966618, -1.3], [24.8360741, -34.1966616, -1.09], [24.8360741, -34.1966616, -1.09], [24.8360741, -34.1966616, -1.09], [24.8360741, -34.1966617, -1.09], [24.8360741, -34.1966617, -1.11], [24.8360742, -34.1966617, -1.11], [24.8360742, -34.1966617, -1.11], [24.8360742, -34.1966617, -1.11], [24.836074, -34.1966617, -1.1], [24.836074, -34.1966617, -1.1], [24.836074, -34.1966617, -1.1], [24.836074, -34.1966617, -1.1], [24.836074, -34.1966617, -1.09], [24.8360739, -34.1966617, -1.09], [24.8360739, -34.1966617, -1.09], [24.8360739, -34.1966617, -1.09], [24.8360741, -34.1966618, -1.07], [24.8360741, -34.1966618, -1.07], [24.8360741, -34.1966618, -1.07], [24.8360741, -34.1966617, -1.07], [24.8360741, -34.1966617, -1.04], [24.8360741, -34.1966617, -1.04], [24.8360741, -34.1966617, -1.04], [24.836074, -34.1966617, -1.04], [24.836074, -34.1966617, -1.1], [24.8360742, -34.196662, -1.1], [24.8360742, -34.196662, -1.1], [24.8360742, -34.196662, -1.1], [24.8360742, -34.1966621, -1.14], [24.8360742, -34.1966621, -1.14], [24.8360742, -34.1966621, -1.14], [24.8360743, -34.1966622, -1.14], [24.8360742, -34.196662, -1.05], [24.8360741, -34.1966619, -1.05], [24.8360741, -34.1966619, -1.05], [24.8360741, -34.1966619, -1.05], [24.8360741, -34.1966619, -1.1], [24.8360741, -34.1966619, -1.1], [24.8360741, -34.1966619, -1.1], [24.836074, -34.1966618, -1.1], [24.8360744, -34.1966618, -1.09], [24.8360744, -34.1966618, -1.09], [24.8360744, -34.1966618, -1.09], [24.8360745, -34.1966618, -1.09], [24.8360745, -34.1966618, -1.14], [24.8360745, -34.1966617, -1.14], [24.8360746, -34.1966617, -1.14], [24.8360746, -34.1966617, -1.14], [24.8360743, -34.1966618, -1.16], [24.8360743, -34.1966618, -1.16], [24.8360743, -34.1966618, -1.16], [24.8360742, -34.1966618, -1.16], [24.8360742, -34.1966618, -1.14], [24.8360742, -34.1966618, -1.14], [24.8360742, -34.1966618, -1.14], [24.8360741, -34.1966618, -1.14], [24.8360743, -34.1966618, -1.06], [24.8360743, -34.1966618, -1.06], [24.8360743, -34.1966618, -1.06], [24.8360743, -34.1966618, -1.06], [24.8360743, -34.1966618, -1.04], [24.8360743, -34.1966618, -1.04], [24.8360743, -34.1966618, -1.04], [24.8360743, -34.1966618, -1.04], [24.8360743, -34.1966618, -1.04], [24.8360744, -34.1966619, -1.04], [24.8360744, -34.1966619, -1.04], [24.8360744, -34.1966619, -1.04], [24.8360744, -34.1966619, -1.04], [24.8360744, -34.1966619, -1.04], [24.8360744, -34.1966619, -1.04], [24.8360744, -34.1966619, -1.04], [24.8360744, -34.1966621, -1.08], [24.8360744, -34.1966621, -1.08], [24.8360744, -34.1966621, -1.08], [24.8360744, -34.1966621, -1.08], [24.8360744, -34.1966621, -1.04], [24.8360744, -34.1966621, -1.04], [24.8360744, -34.1966621, -1.04], [24.8360744, -34.1966621, -1.04], [24.8360744, -34.1966623, -1.11], [24.8360744, -34.1966623, -1.11], [24.8360744, -34.1966624, -1.11], [24.8360744, -34.1966624, -1.11], [24.8360744, -34.1966624, -1.1], [24.8360744, -34.1966624, -1.1], [24.8360744, -34.1966624, -1.1], [24.8360744, -34.1966624, -1.1], [24.8360744, -34.1966623, -1.09], [24.8360744, -34.1966623, -1.09], [24.8360744, -34.1966623, -1.09], [24.8360744, -34.1966623, -1.09], [24.8360744, -34.1966622, -1.07], [24.8360743, -34.1966622, -1.07], [24.8360743, -34.1966622, -1.07], [24.8360743, -34.1966622, -1.07], [24.8360743, -34.1966621, -1.06], [24.8360742, -34.1966621, -1.06], [24.8360742, -34.1966621, -1.06], [24.8360742, -34.1966621, -1.06], [24.8360742, -34.196662, -1.07], [24.8360742, -34.196662, -1.07], [24.8360741, -34.196662, -1.07], [24.8360741, -34.196662, -1.07], [24.8360741, -34.1966619, -1.12], [24.8360744, -34.196662, -1.12], [24.8360744, -34.196662, -1.12], [24.8360744, -34.196662, -1.12], [24.8360744, -34.196662, -1.14], [24.8360745, -34.196662, -1.14], [24.8360745, -34.1966619, -1.14], [24.8360745, -34.1966619, -1.14], [24.8360744, -34.1966622, -1.16], [24.8360744, -34.1966622, -1.16], [24.8360744, -34.1966622, -1.16], [24.8360743, -34.1966622, -1.16], [24.8360743, -34.1966622, -1.13], [24.8360743, -34.1966622, -1.13], [24.8360743, -34.1966622, -1.13], [24.8360743, -34.1966622, -1.13], [24.8360744, -34.1966622, -1.15], [24.8360744, -34.1966622, -1.15], [24.8360744, -34.1966622, -1.15], [24.8360744, -34.1966622, -1.15], [24.8360744, -34.1966622, -1.17], [24.8360744, -34.1966622, -1.17], [24.8360744, -34.1966621, -1.17], [24.8360744, -34.1966621, -1.17], [24.8360744, -34.1966622, -1.03], [24.8360744, -34.1966622, -1.03], [24.8360744, -34.1966622, -1.03], [24.8360744, -34.1966622, -1.03], [24.8360744, -34.1966622, -1.1], [24.8360743, -34.1966622, -1.1], [24.8360743, -34.1966622, -1.1], [24.8360743, -34.1966622, -1.1], [24.8360743, -34.1966624, -1.18], [24.8360743, -34.1966624, -1.18], [24.8360743, -34.1966624, -1.18], [24.8360742, -34.1966624, -1.18], [24.8360742, -34.1966625, -1.18], [24.8360742, -34.1966625, -1.18], [24.8360742, -34.1966625, -1.18], [24.8360742, -34.1966625, -1.18], [24.8360742, -34.1966625, -1.1], [24.8360744, -34.1966628, -1.1], [24.8360744, -34.1966628, -1.1], [24.8360744, -34.1966629, -1.1], [24.8360744, -34.196663, -1.13], [24.8360744, -34.196663, -1.13], [24.8360744, -34.196663, -1.13], [24.8360744, -34.1966631, -1.13], [24.8360744, -34.1966629, -1.11], [24.8360743, -34.1966629, -1.11], [24.8360743, -34.1966629, -1.11], [24.8360743, -34.196663, -1.11], [24.8360743, -34.196663, -1.1], [24.8360743, -34.196663, -1.1], [24.8360742, -34.196663, -1.1], [24.8360742, -34.196663, -1.1], [24.8360744, -34.196663, -1.18], [24.8360744, -34.196663, -1.18], [24.8360744, -34.1966629, -1.18], [24.8360744, -34.1966629, -1.18], [24.8360744, -34.1966629, -1.14], [24.8360744, -34.1966629, -1.14], [24.8360744, -34.1966629, -1.14], [24.8360744, -34.1966629, -1.14], [24.8360744, -34.1966629, -1.1], [24.8360744, -34.1966628, -1.1], [24.8360744, -34.1966628, -1.1], [24.8360744, -34.1966628, -1.1], [24.8360744, -34.1966628, -1.16], [24.8360744, -34.1966628, -1.16], [24.8360744, -34.1966628, -1.16], [24.8360744, -34.1966627, -1.16], [24.8360747, -34.1966629, -1.08], [24.8360747, -34.1966628, -1.08], [24.8360748, -34.1966628, -1.08], [24.8360748, -34.1966628, -1.08], [24.8360748, -34.1966628, -1.08], [24.8360749, -34.1966628, -1.08], [24.8360749, -34.1966628, -1.08], [24.836075, -34.1966627, -1.08], [24.836075, -34.1966627, -1.07], [24.8360748, -34.1966628, -1.07], [24.8360748, -34.1966628, -1.07], [24.8360748, -34.1966628, -1.07], [24.8360748, -34.1966628, -0.98], [24.8360748, -34.1966628, -0.98], [24.8360748, -34.1966629, -0.98], [24.8360748, -34.1966629, -0.98], [24.8360748, -34.1966629, -1.06], [24.8360748, -34.1966629, -1.06], [24.8360748, -34.1966629, -1.06], [24.8360748, -34.1966629, -1.06], [24.8360748, -34.196663, -1.06], [24.8360748, -34.196663, -1.06], [24.8360748, -34.196663, -1.06], [24.8360748, -34.196663, -1.06], [24.8360747, -34.1966629, -1.07], [24.8360747, -34.1966629, -1.07], [24.8360746, -34.1966629, -1.07], [24.8360746, -34.1966629, -1.07], [24.8360746, -34.1966629, -1.05], [24.8360746, -34.1966629, -1.05], [24.8360746, -34.1966629, -1.05], [24.8360745, -34.196663, -1.05], [24.8360747, -34.1966629, -1.03], [24.8360747, -34.1966629, -1.03], [24.8360747, -34.1966629, -1.03], [24.8360747, -34.1966629, -1.03], [24.8360747, -34.1966629, -1.07], [24.8360747, -34.1966629, -1.07], [24.8360747, -34.1966629, -1.07], [24.8360747, -34.1966629, -1.07], [24.8360747, -34.196663, -1.13], [24.8360747, -34.196663, -1.13], [24.8360747, -34.196663, -1.13], [24.8360746, -34.1966631, -1.13], [24.8360746, -34.1966631, -1.01], [24.8360746, -34.1966631, -1.01], [24.8360746, -34.1966631, -1.01], [24.8360746, -34.1966631, -1.01], [24.8360746, -34.1966631, -1.06], [24.8360747, -34.196663, -1.06], [24.8360747, -34.196663, -1.06], [24.8360747, -34.196663, -1.06], [24.8360747, -34.196663, -1.03], [24.8360747, -34.196663, -1.03], [24.8360747, -34.196663, -1.03], [24.8360747, -34.1966631, -1.03], [24.8360748, -34.1966631, -1.05], [24.8360748, -34.1966631, -1.05], [24.8360748, -34.1966631, -1.05], [24.8360748, -34.1966631, -1.05], [24.8360748, -34.1966631, -1.25], [24.8360748, -34.1966631, -1.25], [24.8360747, -34.1966631, -1.25], [24.8360747, -34.1966631, -1.25], [24.8360748, -34.196663, -1.37], [24.8360748, -34.196663, -1.37], [24.8360748, -34.196663, -1.37], [24.8360748, -34.196663, -1.37], [24.8360748, -34.196663, -1.38], [24.8360748, -34.196663, -1.38], [24.8360748, -34.196663, -1.38], [24.8360748, -34.196663, -1.38], [24.8360748, -34.196663, -1.4], [24.8360747, -34.196663, -1.4], [24.8360747, -34.196663, -1.4], [24.8360747, -34.196663, -1.4], [24.8360747, -34.196663, -1.41], [24.8360747, -34.196663, -1.41], [24.8360746, -34.196663, -1.41], [24.8360746, -34.196663, -1.41], [24.8360748, -34.1966629, -1.47], [24.8360748, -34.1966629, -1.47], [24.8360748, -34.1966629, -1.47], [24.8360748, -34.1966628, -1.47], [24.8360748, -34.1966628, -1.41], [24.8360748, -34.1966628, -1.41], [24.8360749, -34.1966628, -1.41], [24.8360749, -34.1966628, -1.41], [24.8360749, -34.1966628, -1.33], [24.836075, -34.1966628, -1.33], [24.836075, -34.1966628, -1.33], [24.836075, -34.1966628, -1.33], [24.836075, -34.1966628, -1.33], [24.836075, -34.1966628, -1.33], [24.8360751, -34.1966628, -1.33], [24.8360751, -34.1966628, -1.33], [24.8360749, -34.196663, -1.4], [24.8360749, -34.196663, -1.4], [24.8360749, -34.196663, -1.4], [24.8360748, -34.196663, -1.4], [24.8360748, -34.196663, -1.39], [24.8360748, -34.1966631, -1.39], [24.8360748, -34.1966631, -1.39], [24.8360747, -34.1966631, -1.39], [24.836075, -34.1966634, -1.47], [24.836075, -34.1966634, -1.47], [24.8360751, -34.1966634, -1.47], [24.8360751, -34.1966635, -1.47], [24.8360751, -34.1966635, -1.39], [24.8360751, -34.1966636, -1.39], [24.8360751, -34.1966636, -1.39], [24.8360752, -34.1966637, -1.39], [24.8360752, -34.1966634, -1.34], [24.8360752, -34.1966634, -1.34], [24.8360752, -34.1966634, -1.34], [24.8360752, -34.1966634, -1.34], [24.8360752, -34.1966634, -1.43], [24.8360752, -34.1966634, -1.43], [24.8360752, -34.1966634, -1.43], [24.8360751, -34.1966634, -1.43], [24.8360752, -34.1966634, -1.43], [24.8360752, -34.1966634, -1.43], [24.8360752, -34.1966634, -1.43], [24.8360752, -34.1966634, -1.43], [24.8360752, -34.1966634, -1.34], [24.8360752, -34.1966634, -1.34], [24.8360752, -34.1966634, -1.34], [24.8360752, -34.1966634, -1.34], [24.8360752, -34.1966634, -1.34], [24.8360754, -34.1966635, -1.34], [24.8360754, -34.1966634, -1.34], [24.8360754, -34.1966634, -1.34], [24.8360754, -34.1966634, -1.37], [24.8360754, -34.1966634, -1.37], [24.8360754, -34.1966634, -1.37], [24.8360754, -34.1966633, -1.37], [24.8360754, -34.1966636, -1.39], [24.8360754, -34.1966636, -1.39], [24.8360754, -34.1966636, -1.39], [24.8360754, -34.1966636, -1.39], [24.8360754, -34.1966636, -1.33], [24.8360754, -34.1966636, -1.33], [24.8360754, -34.1966637, -1.33], [24.8360754, -34.1966637, -1.33], [24.8360755, -34.1966636, -1.35], [24.8360755, -34.1966636, -1.35], [24.8360755, -34.1966636, -1.35], [24.8360755, -34.1966636, -1.35], [24.8360755, -34.1966636, -1.31], [24.8360755, -34.1966636, -1.31], [24.8360755, -34.1966636, -1.31], [24.8360755, -34.1966637, -1.31], [24.8360754, -34.1966637, -1.29], [24.8360754, -34.1966637, -1.29], [24.8360753, -34.1966637, -1.29], [24.8360753, -34.1966637, -1.29], [24.8360753, -34.1966637, -1.38], [24.8360753, -34.1966637, -1.38], [24.8360753, -34.1966637, -1.38], [24.8360753, -34.1966637, -1.38], [24.8360755, -34.1966639, -1.3], [24.8360755, -34.1966639, -1.3], [24.8360755, -34.1966639, -1.3], [24.8360755, -34.1966639, -1.3], [24.8360755, -34.1966639, -1.34], [24.8360755, -34.1966639, -1.34], [24.8360755, -34.1966639, -1.34], [24.8360755, -34.1966639, -1.34], [24.8360755, -34.1966639, -1.25], [24.8360757, -34.196664, -1.25], [24.8360758, -34.196664, -1.25], [24.8360758, -34.196664, -1.25], [24.8360758, -34.196664, -1.31], [24.8360758, -34.196664, -1.31], [24.8360758, -34.196664, -1.31], [24.8360759, -34.196664, -1.31], [24.8360759, -34.1966641, -1.36], [24.8360759, -34.1966641, -1.36], [24.8360759, -34.1966641, -1.36], [24.8360759, -34.1966641, -1.36], [24.8360759, -34.1966642, -1.33], [24.8360759, -34.1966642, -1.33], [24.8360759, -34.1966642, -1.33], [24.8360759, -34.1966642, -1.33], [24.836076, -34.1966641, -1.33], [24.836076, -34.1966641, -1.33], [24.836076, -34.1966641, -1.33], [24.836076, -34.1966641, -1.33], [24.836076, -34.1966641, -1.25], [24.836076, -34.1966641, -1.25], [24.8360761, -34.1966641, -1.25], [24.8360761, -34.1966641, -1.25], [24.8360764, -34.1966642, -1.35], [24.8360764, -34.1966642, -1.35], [24.8360764, -34.1966643, -1.35], [24.8360765, -34.1966643, -1.35], [24.8360765, -34.1966643, -1.35], [24.8360765, -34.1966643, -1.35], [24.8360765, -34.1966643, -1.35], [24.8360766, -34.1966644, -1.35], [24.8360767, -34.1966644, -1.37], [24.8360767, -34.1966645, -1.37], [24.8360767, -34.1966645, -1.37], [24.8360768, -34.1966645, -1.37], [24.8360768, -34.1966645, -1.24], [24.8360768, -34.1966645, -1.24], [24.8360768, -34.1966645, -1.24], [24.8360769, -34.1966646, -1.24], [24.8360769, -34.1966646, -1.33], [24.8360768, -34.1966644, -1.33], [24.8360768, -34.1966643, -1.33], [24.8360768, -34.1966643, -1.33], [24.8360768, -34.1966643, -1.35], [24.8360768, -34.1966643, -1.35], [24.8360768, -34.1966643, -1.35], [24.8360768, -34.1966642, -1.35], [24.8360767, -34.1966645, -1.37], [24.8360767, -34.1966645, -1.37], [24.8360767, -34.1966645, -1.37], [24.8360767, -34.1966645, -1.37], [24.8360766, -34.1966645, -1.34], [24.8360766, -34.1966645, -1.34], [24.8360766, -34.1966645, -1.34], [24.8360766, -34.1966645, -1.34], [24.8360767, -34.1966646, -1.33], [24.8360766, -34.1966646, -1.33], [24.8360766, -34.1966646, -1.33], [24.8360766, -34.1966646, -1.33], [24.8360766, -34.1966646, -1.35], [24.8360766, -34.1966646, -1.35], [24.8360766, -34.1966646, -1.35], [24.8360765, -34.1966646, -1.35], [24.8360767, -34.1966649, -1.39], [24.8360767, -34.1966649, -1.39], [24.8360767, -34.196665, -1.39], [24.8360767, -34.196665, -1.39], [24.8360767, -34.196665, -1.34], [24.8360767, -34.1966651, -1.34], [24.8360767, -34.1966651, -1.34], [24.8360767, -34.1966652, -1.34], [24.8360769, -34.1966651, -1.36], [24.836077, -34.1966651, -1.36], [24.836077, -34.1966651, -1.36], [24.836077, -34.1966651, -1.36], [24.836077, -34.1966652, -1.37], [24.836077, -34.1966652, -1.37], [24.8360771, -34.1966652, -1.37], [24.8360771, -34.1966652, -1.37], [24.8360771, -34.1966653, -1.34], [24.8360771, -34.1966652, -1.34], [24.8360771, -34.1966652, -1.34], [24.8360771, -34.1966652, -1.34], [24.8360771, -34.1966652, -1.32], [24.8360771, -34.1966652, -1.32], [24.8360771, -34.1966652, -1.32], [24.836077, -34.1966652, -1.32], [24.836077, -34.1966652, -1.3], [24.836077, -34.1966651, -1.3], [24.836077, -34.1966651, -1.3], [24.836077, -34.1966651, -1.3], [24.8360769, -34.1966651, -1.39], [24.8360769, -34.1966651, -1.39], [24.8360769, -34.196665, -1.39], [24.8360769, -34.196665, -1.39], [24.8360771, -34.1966653, -1.35], [24.8360771, -34.1966653, -1.35], [24.8360771, -34.1966653, -1.35], [24.8360772, -34.1966653, -1.35], [24.8360772, -34.1966653, -1.36], [24.8360772, -34.1966653, -1.36], [24.8360772, -34.1966653, -1.36], [24.8360772, -34.1966653, -1.36], [24.8360771, -34.1966652, -1.42], [24.836077, -34.1966652, -1.42], [24.836077, -34.1966652, -1.42], [24.836077, -34.1966653, -1.42], [24.836077, -34.1966653, -1.31], [24.836077, -34.1966653, -1.31], [24.8360769, -34.1966653, -1.31], [24.8360769, -34.1966653, -1.31], [24.836077, -34.1966653, -1.35], [24.836077, -34.1966653, -1.35], [24.836077, -34.1966653, -1.35], [24.836077, -34.1966653, -1.35], [24.836077, -34.1966653, -1.39], [24.836077, -34.1966654, -1.39], [24.836077, -34.1966654, -1.39], [24.836077, -34.1966654, -1.39], [24.836077, -34.1966654, -1.46], [24.8360771, -34.1966652, -1.46], [24.8360772, -34.1966652, -1.46], [24.8360772, -34.1966652, -1.46], [24.8360772, -34.1966652, -1.45], [24.8360772, -34.1966653, -1.45], [24.8360772, -34.1966653, -1.45], [24.8360773, -34.1966653, -1.45], [24.8360771, -34.1966651, -1.43], [24.8360771, -34.1966651, -1.43], [24.8360771, -34.196665, -1.43], [24.8360771, -34.196665, -1.43], [24.8360771, -34.196665, -0.51], [24.8360771, -34.196665, -0.51], [24.8360771, -34.196665, -0.51], [24.8360771, -34.196665, -0.51], [24.8360772, -34.1966649, -0.33], [24.8360772, -34.1966649, -0.33], [24.8360772, -34.1966649, -0.33], [24.8360772, -34.1966648, -0.33], [24.8360772, -34.1966648, -0.38], [24.8360772, -34.1966648, -0.38], [24.8360772, -34.1966648, -0.38], [24.8360773, -34.1966647, -0.38], [24.8360773, -34.1966652, -0.44], [24.8360773, -34.1966652, -0.44], [24.8360773, -34.1966652, -0.44], [24.8360773, -34.1966652, -0.44], [24.8360773, -34.1966652, -0.34], [24.8360773, -34.1966652, -0.34], [24.8360773, -34.1966651, -0.34], [24.8360773, -34.1966651, -0.34], [24.8360774, -34.1966653, -0.37], [24.8360774, -34.1966654, -0.37], [24.8360774, -34.1966654, -0.37], [24.8360774, -34.1966654, -0.37], [24.8360774, -34.1966654, -0.48], [24.8360774, -34.1966654, -0.48], [24.8360774, -34.1966655, -0.48], [24.8360774, -34.1966655, -0.48], [24.8360774, -34.1966655, -0.48], [24.8360774, -34.1966654, -0.48], [24.8360774, -34.1966654, -0.48], [24.8360773, -34.1966654, -0.48], [24.8360773, -34.1966654, -0.45], [24.8360773, -34.1966654, -0.45], [24.8360773, -34.1966654, -0.45], [24.8360773, -34.1966654, -0.45], [24.8360773, -34.1966653, -0.39], [24.8360773, -34.1966653, -0.39], [24.8360773, -34.1966652, -0.39], [24.8360773, -34.1966652, -0.39], [24.8360773, -34.1966651, -0.48], [24.8360773, -34.1966651, -0.48], [24.8360773, -34.1966651, -0.48], [24.8360773, -34.196665, -0.48], [24.8360773, -34.1966653, -0.39], [24.8360773, -34.1966653, -0.39], [24.8360773, -34.1966653, -0.39], [24.8360773, -34.1966653, -0.39], [24.8360773, -34.1966653, -0.36], [24.8360773, -34.1966652, -0.36], [24.8360773, -34.1966652, -0.36], [24.8360773, -34.1966652, -0.36], [24.8360772, -34.1966653, -0.29], [24.8360771, -34.1966653, -0.29], [24.8360771, -34.1966653, -0.29], [24.8360771, -34.1966653, -0.29], [24.8360771, -34.1966653, -0.37], [24.8360771, -34.1966653, -0.37], [24.8360771, -34.1966653, -0.37], [24.836077, -34.1966653, -0.37], [24.8360773, -34.1966655, -0.44], [24.8360773, -34.1966655, -0.44], [24.8360774, -34.1966655, -0.44], [24.8360774, -34.1966655, -0.44], [24.8360774, -34.1966655, -0.5], [24.8360774, -34.1966655, -0.5], [24.8360774, -34.1966655, -0.5], [24.8360775, -34.1966656, -0.5], [24.8360775, -34.1966656, -0.52], [24.8360775, -34.1966655, -0.52], [24.8360775, -34.1966654, -0.52], [24.8360775, -34.1966654, -0.52], [24.8360775, -34.1966654, -0.37], [24.8360775, -34.1966653, -0.37], [24.8360775, -34.1966653, -0.37], [24.8360775, -34.1966652, -0.37], [24.8360772, -34.1966655, -0.4], [24.8360772, -34.1966655, -0.4], [24.8360772, -34.1966655, -0.4], [24.8360771, -34.1966655, -0.4], [24.8360771, -34.1966655, -0.44], [24.836077, -34.1966655, -0.44], [24.836077, -34.1966655, -0.44], [24.8360769, -34.1966655, -0.44], [24.8360773, -34.1966656, -0.4], [24.8360773, -34.1966656, -0.4], [24.8360773, -34.1966656, -0.4], [24.8360773, -34.1966656, -0.4], [24.8360773, -34.1966656, -0.44], [24.8360773, -34.1966655, -0.44], [24.8360773, -34.1966655, -0.44], [24.8360773, -34.1966655, -0.44], [24.8360774, -34.1966657, -0.44], [24.8360774, -34.1966657, -0.44], [24.8360774, -34.1966656, -0.44], [24.8360774, -34.1966656, -0.44], [24.8360774, -34.1966656, -0.42], [24.8360774, -34.1966656, -0.42], [24.8360774, -34.1966656, -0.42], [24.8360774, -34.1966655, -0.42], [24.8360774, -34.1966657, -0.47], [24.8360774, -34.1966657, -0.47], [24.8360774, -34.1966657, -0.47], [24.8360774, -34.1966657, -0.47], [24.8360774, -34.1966657, -0.48], [24.8360774, -34.1966657, -0.48], [24.8360774, -34.1966657, -0.48], [24.8360773, -34.1966657, -0.48], [24.8360773, -34.1966657, -0.44], [24.8360774, -34.1966659, -0.44], [24.8360774, -34.1966659, -0.44], [24.8360774, -34.1966659, -0.44], [24.8360774, -34.1966659, -0.46], [24.8360774, -34.1966659, -0.46], [24.8360774, -34.1966659, -0.46], [24.8360774, -34.196666, -0.46], [24.8360775, -34.1966658, -0.42], [24.8360775, -34.1966658, -0.42], [24.8360775, -34.1966658, -0.42], [24.8360775, -34.1966658, -0.42], [24.8360775, -34.1966657, -0.42], [24.8360775, -34.1966657, -0.42], [24.8360775, -34.1966657, -0.42], [24.8360775, -34.1966657, -0.42], [24.8360775, -34.1966659, -0.41], [24.8360775, -34.1966659, -0.41], [24.8360775, -34.1966659, -0.41], [24.8360775, -34.1966659, -0.41], [24.8360775, -34.1966659, -0.48], [24.8360776, -34.1966659, -0.48], [24.8360776, -34.1966659, -0.48], [24.8360776, -34.1966659, -0.48], [24.8360777, -34.1966661, -0.44], [24.8360777, -34.1966661, -0.44], [24.8360777, -34.1966661, -0.44], [24.8360777, -34.1966661, -0.44], [24.8360777, -34.1966661, -0.43], [24.8360777, -34.1966661, -0.43], [24.8360777, -34.196666, -0.43], [24.8360778, -34.196666, -0.43], [24.8360777, -34.196666, -0.45], [24.8360777, -34.196666, -0.45], [24.8360777, -34.196666, -0.45], [24.8360777, -34.196666, -0.45], [24.8360777, -34.196666, -0.48], [24.8360777, -34.1966659, -0.48], [24.8360777, -34.1966659, -0.48], [24.8360777, -34.1966659, -0.48], [24.8360777, -34.1966659, -0.42], [24.836078, -34.1966665, -0.42], [24.836078, -34.1966665, -0.42], [24.8360781, -34.1966666, -0.42], [24.8360781, -34.1966666, -0.51], [24.8360781, -34.1966667, -0.51], [24.8360782, -34.1966667, -0.51], [24.8360782, -34.1966667, -0.51], [24.8360781, -34.1966666, -0.49], [24.8360781, -34.1966666, -0.49], [24.8360781, -34.1966666, -0.49], [24.8360781, -34.1966666, -0.49], [24.8360781, -34.1966666, -0.44], [24.8360781, -34.1966666, -0.44], [24.8360781, -34.1966666, -0.44], [24.8360781, -34.1966666, -0.44], [24.8360782, -34.1966667, -0.41], [24.8360782, -34.1966667, -0.41], [24.8360782, -34.1966667, -0.41], [24.8360782, -34.1966667, -0.41], [24.8360782, -34.1966667, -0.46], [24.8360782, -34.1966667, -0.46], [24.8360782, -34.1966667, -0.46], [24.8360782, -34.1966667, -0.46], [24.8360783, -34.1966669, -0.57], [24.8360783, -34.1966669, -0.57], [24.8360783, -34.1966669, -0.57], [24.8360783, -34.1966669, -0.57], [24.8360783, -34.1966669, -0.57], [24.8360783, -34.1966669, -0.57], [24.8360783, -34.1966669, -0.57], [24.8360783, -34.1966669, -0.57], [24.8360784, -34.196667, -0.49], [24.8360784, -34.196667, -0.49], [24.8360784, -34.196667, -0.49], [24.8360784, -34.196667, -0.49], [24.8360784, -34.196667, -0.5], [24.8360784, -34.1966669, -0.5], [24.8360784, -34.1966669, -0.5], [24.8360784, -34.1966669, -0.5], [24.8360784, -34.1966669, -0.51], [24.8360785, -34.1966671, -0.51], [24.8360785, -34.1966671, -0.51], [24.8360785, -34.1966671, -0.51], [24.8360785, -34.1966671, -0.47], [24.8360785, -34.1966671, -0.47], [24.8360785, -34.1966671, -0.47], [24.8360785, -34.1966671, -0.47], [24.8360784, -34.1966671, -0.47], [24.8360784, -34.1966671, -0.47], [24.8360784, -34.1966671, -0.47], [24.8360783, -34.1966671, -0.47], [24.8360783, -34.1966671, -0.52], [24.8360783, -34.1966671, -0.52], [24.8360783, -34.1966671, -0.52], [24.8360783, -34.1966671, -0.52], [24.8360784, -34.1966674, -0.42], [24.8360784, -34.1966674, -0.42], [24.8360784, -34.1966674, -0.42], [24.8360784, -34.1966675, -0.42], [24.8360784, -34.1966675, -0.49], [24.8360784, -34.1966675, -0.49], [24.8360783, -34.1966676, -0.49], [24.8360783, -34.1966676, -0.49], [24.8360784, -34.1966675, -0.37], [24.8360784, -34.1966675, -0.37], [24.8360784, -34.1966675, -0.37], [24.8360784, -34.1966676, -0.37], [24.8360784, -34.1966676, -0.42], [24.8360784, -34.1966676, -0.42], [24.8360783, -34.1966676, -0.42], [24.8360783, -34.1966676, -0.42], [24.8360783, -34.1966675, -0.46], [24.8360783, -34.1966675, -0.46], [24.8360783, -34.1966675, -0.46], [24.8360783, -34.1966675, -0.46], [24.8360782, -34.1966675, -0.49], [24.8360782, -34.1966675, -0.49], [24.8360782, -34.1966675, -0.49], [24.8360782, -34.1966675, -0.49], [24.8360782, -34.1966675, -0.47], [24.8360785, -34.1966676, -0.47], [24.8360785, -34.1966676, -0.47], [24.8360785, -34.1966676, -0.47], [24.8360785, -34.1966676, -0.53], [24.8360785, -34.1966676, -0.53], [24.8360786, -34.1966676, -0.53], [24.8360786, -34.1966676, -0.53], [24.8360785, -34.1966677, -0.48], [24.8360785, -34.1966677, -0.48], [24.8360785, -34.1966678, -0.48], [24.8360785, -34.1966678, -0.48], [24.8360785, -34.1966678, 0.32], [24.8360784, -34.1966678, 0.32], [24.8360784, -34.1966678, 0.32], [24.8360784, -34.1966678, 0.32], [24.8360785, -34.1966679, 0.36], [24.8360785, -34.1966679, 0.36], [24.8360785, -34.1966679, 0.36], [24.8360785, -34.1966679, 0.36], [24.8360785, -34.1966679, 0.43], [24.8360785, -34.196668, 0.43], [24.8360785, -34.196668, 0.43], [24.8360785, -34.196668, 0.43], [24.8360785, -34.1966679, 0.42], [24.8360785, -34.1966679, 0.42], [24.8360785, -34.196668, 0.42], [24.8360785, -34.196668, 0.42], [24.8360785, -34.196668, 0.36], [24.8360785, -34.196668, 0.36], [24.8360785, -34.196668, 0.36], [24.8360785, -34.196668, 0.36], [24.8360785, -34.196668, 0.39], [24.8360785, -34.196668, 0.39], [24.8360785, -34.196668, 0.39], [24.8360784, -34.1966681, 0.39], [24.8360784, -34.1966681, 0.42], [24.8360784, -34.1966681, 0.42], [24.8360784, -34.1966681, 0.42], [24.8360784, -34.1966681, 0.42], [24.8360784, -34.1966681, 0.41], [24.8360785, -34.196668, 0.41], [24.8360785, -34.196668, 0.41], [24.8360785, -34.196668, 0.41], [24.8360785, -34.196668, 0.45], [24.8360785, -34.196668, 0.45], [24.8360785, -34.1966679, 0.45], [24.8360785, -34.1966679, 0.45], [24.8360784, -34.1966679, 0.45], [24.8360784, -34.1966679, 0.45], [24.8360784, -34.1966679, 0.45], [24.8360784, -34.1966679, 0.45], [24.8360783, -34.1966679, 0.41], [24.8360783, -34.1966679, 0.41], [24.8360783, -34.1966679, 0.41], [24.8360783, -34.1966679, 0.41], [24.8360784, -34.1966679, 0.39], [24.8360784, -34.1966679, 0.39], [24.8360784, -34.1966679, 0.39], [24.8360784, -34.1966679, 0.39], [24.8360784, -34.196668, 0.43], [24.8360784, -34.196668, 0.43], [24.8360784, -34.196668, 0.43], [24.8360784, -34.196668, 0.43], [24.8360784, -34.1966677, 0.46], [24.8360784, -34.1966677, 0.46], [24.8360784, -34.1966677, 0.46], [24.8360784, -34.1966676, 0.46], [24.8360784, -34.1966676, 0.42], [24.8360784, -34.1966676, 0.42], [24.8360784, -34.1966676, 0.42], [24.8360784, -34.1966676, 0.42], [24.8360782, -34.1966676, 0.45], [24.8360782, -34.1966676, 0.45], [24.8360782, -34.1966676, 0.45], [24.8360782, -34.1966676, 0.45], [24.8360782, -34.1966676, 0.38], [24.8360781, -34.1966676, 0.38], [24.8360781, -34.1966676, 0.38], [24.8360781, -34.1966676, 0.38], [24.8360781, -34.1966676, 0.46], [24.8360783, -34.1966676, 0.46], [24.8360783, -34.1966676, 0.46], [24.8360783, -34.1966675, 0.46], [24.8360783, -34.1966675, 0.43], [24.8360783, -34.1966675, 0.43], [24.8360783, -34.1966675, 0.43], [24.8360783, -34.1966675, 0.43], [24.8360785, -34.1966675, 0.4], [24.8360785, -34.1966675, 0.4], [24.8360786, -34.1966675, 0.4], [24.8360786, -34.1966675, 0.4], [24.8360786, -34.1966674, 0.4], [24.8360787, -34.1966674, 0.4], [24.8360787, -34.1966674, 0.4], [24.8360787, -34.1966674, 0.4], [24.8360783, -34.1966674, 0.49], [24.8360783, -34.1966674, 0.49], [24.8360783, -34.1966674, 0.49], [24.8360783, -34.1966675, 0.49], [24.8360782, -34.1966675, 0.43], [24.8360782, -34.1966675, 0.43], [24.8360782, -34.1966675, 0.43], [24.8360782, -34.1966675, 0.43], [24.8360784, -34.1966676, 0.43], [24.8360784, -34.1966676, 0.43], [24.8360784, -34.1966676, 0.43], [24.8360784, -34.1966676, 0.43], [24.8360784, -34.1966676, 0.47], [24.8360784, -34.1966676, 0.47], [24.8360784, -34.1966676, 0.47], [24.8360784, -34.1966676, 0.47], [24.8360783, -34.1966677, 0.5], [24.8360783, -34.1966677, 0.5], [24.8360783, -34.1966677, 0.5], [24.8360782, -34.1966677, 0.5], [24.8360782, -34.1966677, 0.54], [24.8360782, -34.1966677, 0.54], [24.8360782, -34.1966677, 0.54], [24.8360782, -34.1966677, 0.54], [24.8360782, -34.1966677, 0.41], [24.8360783, -34.1966677, 0.41], [24.8360783, -34.1966677, 0.41], [24.8360783, -34.1966677, 0.41], [24.8360783, -34.1966677, 0.41], [24.8360783, -34.1966677, 0.41], [24.8360783, -34.1966677, 0.41], [24.8360783, -34.1966677, 0.41], [24.8360783, -34.1966678, 0.5], [24.8360783, -34.1966678, 0.5], [24.8360783, -34.1966678, 0.5], [24.8360783, -34.1966678, 0.5], [24.8360783, -34.1966679, 0.4], [24.8360783, -34.1966679, 0.4], [24.8360783, -34.1966679, 0.4], [24.8360783, -34.1966679, 0.4], [24.8360782, -34.1966678, 0.42], [24.8360782, -34.1966678, 0.42], [24.8360782, -34.1966678, 0.42], [24.8360782, -34.1966678, 0.42], [24.8360782, -34.1966678, 0.41], [24.8360782, -34.1966678, 0.41], [24.8360782, -34.1966679, 0.41], [24.8360782, -34.1966679, 0.41], [24.8360782, -34.196668, 0.43], [24.8360782, -34.196668, 0.43], [24.8360783, -34.196668, 0.43], [24.8360783, -34.196668, 0.43], [24.8360783, -34.196668, 0.5], [24.8360783, -34.196668, 0.5], [24.8360783, -34.196668, 0.5], [24.8360784, -34.1966681, 0.5], [24.8360782, -34.1966678, 0.39], [24.8360782, -34.1966678, 0.39], [24.8360782, -34.1966678, 0.39], [24.8360782, -34.1966678, 0.39], [24.8360782, -34.1966678, 0.41], [24.8360782, -34.1966678, 0.41], [24.8360782, -34.1966678, 0.41], [24.8360782, -34.1966678, 0.41], [24.8360782, -34.1966678, 0.43], [24.8360782, -34.1966679, 0.43], [24.8360782, -34.1966679, 0.43], [24.8360782, -34.1966679, 0.43], [24.8360782, -34.1966679, 0.47], [24.8360782, -34.1966679, 0.47], [24.8360782, -34.196668, 0.47], [24.8360782, -34.196668, 0.47], [24.8360784, -34.196668, 0.49], [24.8360784, -34.196668, 0.49], [24.8360784, -34.196668, 0.49], [24.8360784, -34.1966681, 0.49], [24.8360784, -34.1966681, 0.42], [24.8360785, -34.1966681, 0.42], [24.8360785, -34.1966681, 0.42], [24.8360785, -34.1966681, 0.42], [24.8360782, -34.1966681, 0.42], [24.8360782, -34.1966681, 0.42], [24.8360781, -34.1966681, 0.42], [24.8360781, -34.1966681, 0.42], [24.8360781, -34.1966681, 0.46], [24.836078, -34.1966681, 0.46], [24.836078, -34.1966681, 0.46], [24.836078, -34.1966681, 0.46], [24.8360781, -34.196668, 0.47], [24.8360781, -34.196668, 0.47], [24.8360781, -34.196668, 0.47], [24.8360781, -34.196668, 0.47], [24.8360781, -34.196668, 0.47], [24.8360781, -34.196668, 0.47], [24.8360781, -34.196668, 0.47], [24.8360781, -34.196668, 0.47], [24.8360782, -34.1966682, 0.4], [24.8360782, -34.1966682, 0.4], [24.8360782, -34.1966682, 0.4], [24.8360783, -34.1966682, 0.4], [24.8360783, -34.1966682, 0.49], [24.8360783, -34.1966682, 0.49], [24.8360783, -34.1966681, 0.49], [24.8360783, -34.1966681, 0.49], [24.8360783, -34.1966681, 0.53], [24.8360783, -34.1966683, 0.53], [24.8360783, -34.1966683, 0.53], [24.8360783, -34.1966683, 0.53], [24.8360783, -34.1966683, 0.47], [24.8360783, -34.1966683, 0.47], [24.8360783, -34.1966683, 0.47], [24.8360783, -34.1966683, 0.47], [24.8360784, -34.1966683, 0.47], [24.8360784, -34.1966683, 0.47], [24.8360784, -34.1966683, 0.47], [24.8360784, -34.1966683, 0.47], [24.8360784, -34.1966683, 0.43], [24.8360784, -34.1966683, 0.43], [24.8360785, -34.1966683, 0.43], [24.8360785, -34.1966683, 0.43], [24.8360786, -34.1966683, 0.48], [24.8360786, -34.1966683, 0.48], [24.8360786, -34.1966683, 0.48], [24.8360787, -34.1966682, 0.48], [24.8360787, -34.1966682, 0.53], [24.8360787, -34.1966682, 0.53], [24.8360787, -34.1966682, 0.53], [24.8360788, -34.1966682, 0.53], [24.8360786, -34.1966682, 0.42], [24.8360786, -34.1966682, 0.42], [24.8360786, -34.1966682, 0.42], [24.8360786, -34.1966682, 0.42], [24.8360786, -34.1966682, 0.47], [24.8360786, -34.1966682, 0.47], [24.8360786, -34.1966682, 0.47], [24.8360786, -34.1966682, 0.47], [24.8360786, -34.1966679, 0.41], [24.8360786, -34.1966678, 0.41], [24.8360786, -34.1966678, 0.41], [24.8360786, -34.1966678, 0.41], [24.8360785, -34.1966677, 0.5], [24.8360785, -34.1966677, 0.5], [24.8360785, -34.1966677, 0.5], [24.8360785, -34.1966676, 0.5], [24.8360785, -34.1966676, 0.48], [24.8360785, -34.1966678, 0.48], [24.8360785, -34.1966678, 0.48], [24.8360785, -34.1966678, 0.48], [24.8360785, -34.1966678, 0.39], [24.8360784, -34.1966678, 0.39], [24.8360784, -34.1966678, 0.39], [24.8360784, -34.1966678, 0.39], [24.8360784, -34.1966677, 0.5], [24.8360784, -34.1966677, 0.5], [24.8360784, -34.1966677, 0.5], [24.8360784, -34.1966677, 0.5], [24.8360783, -34.1966677, 0.5], [24.8360783, -34.1966677, 0.5], [24.8360783, -34.1966677, 0.5], [24.8360783, -34.1966677, 0.5], [24.8360783, -34.1966676, 0.42], [24.8360782, -34.1966676, 0.42], [24.8360782, -34.1966676, 0.42], [24.8360782, -34.1966676, 0.42], [24.8360782, -34.1966676, 0.51], [24.8360782, -34.1966676, 0.51], [24.8360781, -34.1966676, 0.51], [24.8360781, -34.1966675, 0.51], [24.8360782, -34.1966679, 0.55], [24.8360782, -34.1966679, 0.55], [24.8360782, -34.1966679, 0.55], [24.8360782, -34.196668, 0.55], [24.8360782, -34.196668, 0.53], [24.8360782, -34.196668, 0.53], [24.8360782, -34.196668, 0.53], [24.8360782, -34.1966681, 0.53], [24.8360783, -34.1966678, 0.53], [24.8360784, -34.1966678, 0.53], [24.8360784, -34.1966678, 0.53], [24.8360784, -34.1966677, 0.53], [24.8360784, -34.1966677, 0.56], [24.8360784, -34.1966677, 0.56], [24.8360785, -34.1966677, 0.56], [24.8360785, -34.1966677, 0.56], [24.8360785, -34.1966677, 0.57], [24.8360784, -34.1966678, 0.57], [24.8360784, -34.1966679, 0.57], [24.8360784, -34.1966679, 0.57], [24.8360784, -34.1966679, 0.62], [24.8360784, -34.1966679, 0.62], [24.8360784, -34.1966679, 0.62], [24.8360784, -34.196668, 0.62], [24.8360782, -34.1966674, 0.6], [24.8360781, -34.1966674, 0.6], [24.8360781, -34.1966674, 0.6], [24.836078, -34.1966674, 0.6], [24.836078, -34.1966674, 0.64], [24.836078, -34.1966674, 0.64], [24.8360779, -34.1966674, 0.64], [24.8360779, -34.1966674, 0.64], [24.8360782, -34.1966672, 0.66], [24.8360781, -34.1966672, 0.66], [24.8360781, -34.1966672, 0.66], [24.8360781, -34.1966672, 0.66], [24.8360781, -34.1966672, 0.62], [24.8360781, -34.1966672, 0.62], [24.836078, -34.1966672, 0.62], [24.836078, -34.1966672, 0.62], [24.836078, -34.1966673, 0.55], [24.836078, -34.1966673, 0.55], [24.836078, -34.1966673, 0.55]]}, "properties": {"name": "EKF position drift, stationary unit", "samples": 6040, "duration_s": 150.02, "note": "Board did not move. This is EKF drift in CONST_POS_MODE."}}, {"type": "Feature", "geometry": {"type": "Point", "coordinates": [24.836077, -34.1966584, 0.59]}, "properties": {"t_s": 0.0, "roll_deg": -179.975, "pitch_deg": 1.331, "yaw_deg": -45.547, "vN": -0.01, "vE": 0.02, "vD": 0.2, "alt_msl_m": 0.59, "gps_fix": 3, "sats": 19, "eph_m": 0.76}}, {"type": "Feature", "geometry": {"type": "Point", "coordinates": [24.8360772, -34.1966564, -0.28]}, "properties": {"t_s": 1.0, "roll_deg": -179.958, "pitch_deg": 1.289, "yaw_deg": -45.556, "vN": -0.05, "vE": 0.01, "vD": -0.06, "alt_msl_m": -0.28, "gps_fix": 3, "sats": 19, "eph_m": 0.79}}, {"type": "Feature", "geometry": {"type": "Point", "coordinates": [24.8360771, -34.1966561, -0.33]}, "properties": {"t_s": 2.0, "roll_deg": -179.967, "pitch_deg": 1.299, "yaw_deg": -45.554, "vN": -0.07, "vE": -0.04, "vD": 0.12, "alt_msl_m": -0.33, "gps_fix": 3, "sats": 19, "eph_m": 0.76}}, {"type": "Feature", "geometry": {"type": "Point", "coordinates": [24.8360774, -34.1966555, -0.26]}, "properties": {"t_s": 3.0, "roll_deg": -179.842, "pitch_deg": 1.209, "yaw_deg": -45.541, "vN": 0.0, "vE": -0.07, "vD": 0.35, "alt_msl_m": -0.26, "gps_fix": 3, "sats": 18, "eph_m": 0.78}}, {"type": "Feature", "geometry": {"type": "Point", "coordinates": [24.8360773, -34.1966544, -0.32]}, "properties": {"t_s": 4.0, "roll_deg": -179.977, "pitch_deg": 1.246, "yaw_deg": -45.574, "vN": 0.0, "vE": -0.01, "vD": -0.02, "alt_msl_m": -0.32, "gps_fix": 3, "sats": 18, "eph_m": 0.82}}, {"type": "Feature", "geometry": {"type": "Point", "coordinates": [24.8360773, -34.1966539, -1.07]}, "properties": {"t_s": 5.0, "roll_deg": -179.993, "pitch_deg": 1.242, "yaw_deg": -45.576, "vN": -0.02, "vE": 0.03, "vD": 0.07, "alt_msl_m": -1.07, "gps_fix": 3, "sats": 19, "eph_m": 0.82}}, {"type": "Feature", "geometry": {"type": "Point", "coordinates": [24.8360775, -34.1966532, -1.15]}, "properties": {"t_s": 6.0, "roll_deg": 179.972, "pitch_deg": 1.278, "yaw_deg": -45.592, "vN": 0.11, "vE": -0.02, "vD": 0.07, "alt_msl_m": -1.15, "gps_fix": 3, "sats": 18, "eph_m": 0.81}}, {"type": "Feature", "geometry": {"type": "Point", "coordinates": [24.8360772, -34.1966523, -1.1]}, "properties": {"t_s": 7.0, "roll_deg": 179.995, "pitch_deg": 1.263, "yaw_deg": -45.578, "vN": 0.03, "vE": -0.01, "vD": 0.12, "alt_msl_m": -1.1, "gps_fix": 3, "sats": 19, "eph_m": 0.77}}, {"type": "Feature", "geometry": {"type": "Point", "coordinates": [24.8360774, -34.1966515, -1.05]}, "properties": {"t_s": 8.0, "roll_deg": -179.978, "pitch_deg": 1.366, "yaw_deg": -45.571, "vN": 0.0, "vE": -0.06, "vD": 0.05, "alt_msl_m": -1.05, "gps_fix": 3, "sats": 19, "eph_m": 0.76}}, {"type": "Feature", "geometry": {"type": "Point", "coordinates": [24.8360775, -34.1966509, -1.09]}, "properties": {"t_s": 9.0, "roll_deg": 179.964, "pitch_deg": 1.358, "yaw_deg": -45.54, "vN": -0.01, "vE": -0.05, "vD": -0.2, "alt_msl_m": -1.09, "gps_fix": 3, "sats": 18, "eph_m": 0.78}}, {"type": "Feature", "geometry": {"type": "Point", "coordinates": [24.8360774, -34.1966507, -1.17]}, "properties": {"t_s": 10.0, "roll_deg": 179.836, "pitch_deg": 1.393, "yaw_deg": -45.501, "vN": 0.0, "vE": 0.05, "vD": -0.01, "alt_msl_m": -1.17, "gps_fix": 3, "sats": 18, "eph_m": 0.78}}, {"type": "Feature", "geometry": {"type": "Point", "coordinates": [24.8360773, -34.1966506, -1.53]}, "properties": {"t_s": 11.0, "roll_deg": 179.837, "pitch_deg": 1.372, "yaw_deg": -45.482, "vN": -0.04, "vE": 0.0, "vD": -0.15, "alt_msl_m": -1.53, "gps_fix": 3, "sats": 18, "eph_m": 0.78}}, {"type": "Feature", "geometry": {"type": "Point", "coordinates": [24.8360771, -34.1966499, -1.48]}, "properties": {"t_s": 12.0, "roll_deg": 179.976, "pitch_deg": 1.371, "yaw_deg": -45.44, "vN": -0.09, "vE": -0.06, "vD": -0.31, "alt_msl_m": -1.48, "gps_fix": 3, "sats": 18, "eph_m": 0.78}}, {"type": "Feature", "geometry": {"type": "Point", "coordinates": [24.8360769, -34.1966496, -1.37]}, "properties": {"t_s": 13.0, "roll_deg": 179.977, "pitch_deg": 1.357, "yaw_deg": -45.398, "vN": 0.02, "vE": -0.02, "vD": 0.12, "alt_msl_m": -1.37, "gps_fix": 3, "sats": 19, "eph_m": 0.76}}, {"type": "Feature", "geometry": {"type": "Point", "coordinates": [24.8360769, -34.1966494, -1.41]}, "properties": {"t_s": 14.0, "roll_deg": -179.98, "pitch_deg": 1.284, "yaw_deg": -45.416, "vN": 0.05, "vE": 0.0, "vD": 0.02, "alt_msl_m": -1.41, "gps_fix": 3, "sats": 19, "eph_m": 0.76}}, {"type": "Feature", "geometry": {"type": "Point", "coordinates": [24.8360767, -34.1966495, -1.39]}, "properties": {"t_s": 15.0, "roll_deg": 179.878, "pitch_deg": 1.356, "yaw_deg": -45.385, "vN": 0.02, "vE": 0.03, "vD": -0.1, "alt_msl_m": -1.39, "gps_fix": 3, "sats": 20, "eph_m": 0.76}}, {"type": "Feature", "geometry": {"type": "Point", "coordinates": [24.8360765, -34.1966494, -1.4]}, "properties": {"t_s": 16.0, "roll_deg": 179.773, "pitch_deg": 1.423, "yaw_deg": -45.367, "vN": -0.03, "vE": -0.02, "vD": -0.31, "alt_msl_m": -1.4, "gps_fix": 3, "sats": 19, "eph_m": 0.79}}, {"type": "Feature", "geometry": {"type": "Point", "coordinates": [24.8360762, -34.1966494, -1.54]}, "properties": {"t_s": 17.0, "roll_deg": 179.854, "pitch_deg": 1.245, "yaw_deg": -45.313, "vN": -0.03, "vE": 0.04, "vD": 0.05, "alt_msl_m": -1.54, "gps_fix": 3, "sats": 20, "eph_m": 0.76}}, {"type": "Feature", "geometry": {"type": "Point", "coordinates": [24.8360761, -34.1966493, -1.6]}, "properties": {"t_s": 18.0, "roll_deg": 179.914, "pitch_deg": 1.236, "yaw_deg": -45.267, "vN": -0.05, "vE": 0.03, "vD": 0.07, "alt_msl_m": -1.6, "gps_fix": 3, "sats": 19, "eph_m": 0.76}}, {"type": "Feature", "geometry": {"type": "Point", "coordinates": [24.8360759, -34.196649, -1.7]}, "properties": {"t_s": 19.0, "roll_deg": 179.889, "pitch_deg": 1.289, "yaw_deg": -45.274, "vN": -0.03, "vE": -0.09, "vD": 0.0, "alt_msl_m": -1.7, "gps_fix": 3, "sats": 19, "eph_m": 0.76}}, {"type": "Feature", "geometry": {"type": "Point", "coordinates": [24.8360759, -34.1966488, -1.73]}, "properties": {"t_s": 20.0, "roll_deg": -179.978, "pitch_deg": 1.311, "yaw_deg": -45.265, "vN": -0.01, "vE": -0.07, "vD": -0.09, "alt_msl_m": -1.73, "gps_fix": 3, "sats": 19, "eph_m": 0.76}}, {"type": "Feature", "geometry": {"type": "Point", "coordinates": [24.8360761, -34.1966485, -1.69]}, "properties": {"t_s": 21.0, "roll_deg": 179.983, "pitch_deg": 1.308, "yaw_deg": -45.29, "vN": 0.01, "vE": 0.07, "vD": 0.05, "alt_msl_m": -1.69, "gps_fix": 3, "sats": 19, "eph_m": 0.76}}, {"type": "Feature", "geometry": {"type": "Point", "coordinates": [24.836076, -34.1966486, -1.64]}, "properties": {"t_s": 22.0, "roll_deg": -179.94, "pitch_deg": 1.245, "yaw_deg": -45.317, "vN": -0.02, "vE": 0.01, "vD": 0.05, "alt_msl_m": -1.64, "gps_fix": 3, "sats": 19, "eph_m": 0.76}}, {"type": "Feature", "geometry": {"type": "Point", "coordinates": [24.8360761, -34.1966485, -2.21]}, "properties": {"t_s": 23.0, "roll_deg": -179.991, "pitch_deg": 1.296, "yaw_deg": -45.344, "vN": 0.07, "vE": -0.02, "vD": 0.34, "alt_msl_m": -2.21, "gps_fix": 3, "sats": 19, "eph_m": 0.76}}, {"type": "Feature", "geometry": {"type": "Point", "coordinates": [24.8360763, -34.1966484, -2.17]}, "properties": {"t_s": 24.0, "roll_deg": -179.919, "pitch_deg": 1.289, "yaw_deg": -45.381, "vN": 0.06, "vE": -0.01, "vD": 0.0, "alt_msl_m": -2.17, "gps_fix": 3, "sats": 18, "eph_m": 0.78}}, {"type": "Feature", "geometry": {"type": "Point", "coordinates": [24.8360763, -34.1966478, -2.21]}, "properties": {"t_s": 25.0, "roll_deg": -179.921, "pitch_deg": 1.286, "yaw_deg": -45.409, "vN": 0.07, "vE": 0.01, "vD": -0.23, "alt_msl_m": -2.21, "gps_fix": 3, "sats": 19, "eph_m": 0.76}}, {"type": "Feature", "geometry": {"type": "Point", "coordinates": [24.8360762, -34.1966481, -2.17]}, "properties": {"t_s": 26.0, "roll_deg": 179.93, "pitch_deg": 1.323, "yaw_deg": -45.404, "vN": -0.08, "vE": -0.01, "vD": -0.12, "alt_msl_m": -2.17, "gps_fix": 3, "sats": 19, "eph_m": 0.76}}, {"type": "Feature", "geometry": {"type": "Point", "coordinates": [24.8360762, -34.1966479, -2.26]}, "properties": {"t_s": 27.0, "roll_deg": -179.932, "pitch_deg": 1.186, "yaw_deg": -45.453, "vN": -0.09, "vE": 0.02, "vD": -0.23, "alt_msl_m": -2.26, "gps_fix": 3, "sats": 19, "eph_m": 0.76}}, {"type": "Feature", "geometry": {"type": "Point", "coordinates": [24.8360766, -34.196648, -2.16]}, "properties": {"t_s": 28.0, "roll_deg": -179.89, "pitch_deg": 1.222, "yaw_deg": -45.494, "vN": -0.01, "vE": -0.04, "vD": 0.22, "alt_msl_m": -2.16, "gps_fix": 3, "sats": 19, "eph_m": 0.76}}, {"type": "Feature", "geometry": {"type": "Point", "coordinates": [24.8360766, -34.1966479, -2.77]}, "properties": {"t_s": 29.0, "roll_deg": -179.952, "pitch_deg": 1.185, "yaw_deg": -45.505, "vN": -0.02, "vE": 0.03, "vD": -0.02, "alt_msl_m": -2.77, "gps_fix": 3, "sats": 19, "eph_m": 0.76}}, {"type": "Feature", "geometry": {"type": "Point", "coordinates": [24.8360764, -34.1966481, -2.75]}, "properties": {"t_s": 30.0, "roll_deg": -180.0, "pitch_deg": 1.179, "yaw_deg": -45.513, "vN": -0.11, "vE": -0.02, "vD": -0.07, "alt_msl_m": -2.75, "gps_fix": 3, "sats": 19, "eph_m": 0.76}}, {"type": "Feature", "geometry": {"type": "Point", "coordinates": [24.8360758, -34.1966482, -2.68]}, "properties": {"t_s": 31.0, "roll_deg": -179.96, "pitch_deg": 1.231, "yaw_deg": -45.496, "vN": 0.06, "vE": -0.04, "vD": -0.13, "alt_msl_m": -2.68, "gps_fix": 3, "sats": 19, "eph_m": 0.76}}, {"type": "Feature", "geometry": {"type": "Point", "coordinates": [24.8360755, -34.1966485, -2.59]}, "properties": {"t_s": 32.0, "roll_deg": -179.91, "pitch_deg": 1.276, "yaw_deg": -45.492, "vN": 0.0, "vE": -0.03, "vD": -0.03, "alt_msl_m": -2.59, "gps_fix": 3, "sats": 19, "eph_m": 0.76}}, {"type": "Feature", "geometry": {"type": "Point", "coordinates": [24.8360752, -34.1966493, -2.78]}, "properties": {"t_s": 33.0, "roll_deg": 179.903, "pitch_deg": 1.307, "yaw_deg": -45.504, "vN": -0.1, "vE": -0.01, "vD": -0.16, "alt_msl_m": -2.78, "gps_fix": 3, "sats": 17, "eph_m": 0.81}}, {"type": "Feature", "geometry": {"type": "Point", "coordinates": [24.8360751, -34.196649, -2.59]}, "properties": {"t_s": 34.0, "roll_deg": -179.955, "pitch_deg": 1.211, "yaw_deg": -45.475, "vN": 0.0, "vE": 0.01, "vD": -0.14, "alt_msl_m": -2.59, "gps_fix": 3, "sats": 17, "eph_m": 0.81}}, {"type": "Feature", "geometry": {"type": "Point", "coordinates": [24.8360751, -34.1966496, -2.49]}, "properties": {"t_s": 35.0, "roll_deg": 179.956, "pitch_deg": 1.358, "yaw_deg": -45.491, "vN": 0.0, "vE": 0.01, "vD": 0.18, "alt_msl_m": -2.49, "gps_fix": 3, "sats": 19, "eph_m": 0.76}}, {"type": "Feature", "geometry": {"type": "Point", "coordinates": [24.8360748, -34.1966498, -2.53]}, "properties": {"t_s": 36.0, "roll_deg": 179.982, "pitch_deg": 1.256, "yaw_deg": -45.518, "vN": -0.04, "vE": 0.03, "vD": 0.11, "alt_msl_m": -2.53, "gps_fix": 3, "sats": 19, "eph_m": 0.76}}, {"type": "Feature", "geometry": {"type": "Point", "coordinates": [24.8360746, -34.1966498, -2.54]}, "properties": {"t_s": 37.0, "roll_deg": 179.979, "pitch_deg": 1.188, "yaw_deg": -45.525, "vN": 0.01, "vE": 0.03, "vD": 0.08, "alt_msl_m": -2.54, "gps_fix": 3, "sats": 19, "eph_m": 0.76}}, {"type": "Feature", "geometry": {"type": "Point", "coordinates": [24.8360745, -34.1966496, -2.5]}, "properties": {"t_s": 38.0, "roll_deg": -179.974, "pitch_deg": 1.207, "yaw_deg": -45.536, "vN": 0.0, "vE": -0.01, "vD": 0.02, "alt_msl_m": -2.5, "gps_fix": 3, "sats": 19, "eph_m": 0.76}}, {"type": "Feature", "geometry": {"type": "Point", "coordinates": [24.8360745, -34.1966499, -2.53]}, "properties": {"t_s": 39.0, "roll_deg": -179.934, "pitch_deg": 1.226, "yaw_deg": -45.541, "vN": 0.0, "vE": 0.06, "vD": 0.22, "alt_msl_m": -2.53, "gps_fix": 3, "sats": 19, "eph_m": 0.8}}, {"type": "Feature", "geometry": {"type": "Point", "coordinates": [24.8360749, -34.1966499, -2.55]}, "properties": {"t_s": 40.0, "roll_deg": -179.938, "pitch_deg": 1.227, "yaw_deg": -45.581, "vN": 0.03, "vE": 0.0, "vD": -0.15, "alt_msl_m": -2.55, "gps_fix": 3, "sats": 19, "eph_m": 0.76}}, {"type": "Feature", "geometry": {"type": "Point", "coordinates": [24.8360752, -34.19665, -2.6]}, "properties": {"t_s": 41.0, "roll_deg": -179.966, "pitch_deg": 1.268, "yaw_deg": -45.593, "vN": -0.05, "vE": -0.07, "vD": 0.04, "alt_msl_m": -2.6, "gps_fix": 3, "sats": 19, "eph_m": 0.76}}, {"type": "Feature", "geometry": {"type": "Point", "coordinates": [24.8360754, -34.1966501, -2.52]}, "properties": {"t_s": 42.0, "roll_deg": -179.97, "pitch_deg": 1.159, "yaw_deg": -45.598, "vN": -0.02, "vE": -0.02, "vD": -0.06, "alt_msl_m": -2.52, "gps_fix": 3, "sats": 17, "eph_m": 0.82}}, {"type": "Feature", "geometry": {"type": "Point", "coordinates": [24.8360754, -34.1966502, -2.44]}, "properties": {"t_s": 43.0, "roll_deg": 179.955, "pitch_deg": 1.249, "yaw_deg": -45.568, "vN": -0.01, "vE": -0.01, "vD": -0.1, "alt_msl_m": -2.44, "gps_fix": 3, "sats": 19, "eph_m": 0.94}}, {"type": "Feature", "geometry": {"type": "Point", "coordinates": [24.8360751, -34.19665, -2.67]}, "properties": {"t_s": 44.0, "roll_deg": 179.883, "pitch_deg": 1.286, "yaw_deg": -45.538, "vN": 0.0, "vE": 0.02, "vD": 0.0, "alt_msl_m": -2.67, "gps_fix": 3, "sats": 19, "eph_m": 0.77}}, {"type": "Feature", "geometry": {"type": "Point", "coordinates": [24.8360748, -34.1966497, -2.59]}, "properties": {"t_s": 45.0, "roll_deg": 179.929, "pitch_deg": 1.271, "yaw_deg": -45.53, "vN": -0.04, "vE": -0.01, "vD": -0.16, "alt_msl_m": -2.59, "gps_fix": 3, "sats": 19, "eph_m": 0.94}}, {"type": "Feature", "geometry": {"type": "Point", "coordinates": [24.836075, -34.1966496, -2.58]}, "properties": {"t_s": 46.0, "roll_deg": 179.958, "pitch_deg": 1.279, "yaw_deg": -45.497, "vN": 0.01, "vE": -0.02, "vD": -0.32, "alt_msl_m": -2.58, "gps_fix": 3, "sats": 19, "eph_m": 0.77}}, {"type": "Feature", "geometry": {"type": "Point", "coordinates": [24.836075, -34.1966496, -2.12]}, "properties": {"t_s": 47.0, "roll_deg": 179.962, "pitch_deg": 1.302, "yaw_deg": -45.462, "vN": 0.0, "vE": -0.02, "vD": -0.12, "alt_msl_m": -2.12, "gps_fix": 3, "sats": 19, "eph_m": 0.76}}, {"type": "Feature", "geometry": {"type": "Point", "coordinates": [24.8360756, -34.1966498, -2.2]}, "properties": {"t_s": 48.0, "roll_deg": -179.987, "pitch_deg": 1.421, "yaw_deg": -45.451, "vN": -0.04, "vE": 0.05, "vD": 0.12, "alt_msl_m": -2.2, "gps_fix": 3, "sats": 20, "eph_m": 0.76}}, {"type": "Feature", "geometry": {"type": "Point", "coordinates": [24.8360761, -34.1966497, -2.15]}, "properties": {"t_s": 49.0, "roll_deg": -179.907, "pitch_deg": 1.409, "yaw_deg": -45.46, "vN": -0.04, "vE": -0.01, "vD": 0.02, "alt_msl_m": -2.15, "gps_fix": 3, "sats": 20, "eph_m": 0.76}}, {"type": "Feature", "geometry": {"type": "Point", "coordinates": [24.8360763, -34.1966496, -2.21]}, "properties": {"t_s": 50.0, "roll_deg": -179.843, "pitch_deg": 1.322, "yaw_deg": -45.506, "vN": -0.05, "vE": -0.06, "vD": 0.02, "alt_msl_m": -2.21, "gps_fix": 3, "sats": 20, "eph_m": 0.76}}, {"type": "Feature", "geometry": {"type": "Point", "coordinates": [24.8360763, -34.1966501, -2.12]}, "properties": {"t_s": 51.0, "roll_deg": -179.966, "pitch_deg": 1.364, "yaw_deg": -45.538, "vN": -0.14, "vE": -0.05, "vD": 0.08, "alt_msl_m": -2.12, "gps_fix": 3, "sats": 20, "eph_m": 0.76}}, {"type": "Feature", "geometry": {"type": "Point", "coordinates": [24.8360763, -34.1966499, -2.12]}, "properties": {"t_s": 52.0, "roll_deg": -179.892, "pitch_deg": 1.286, "yaw_deg": -45.561, "vN": 0.05, "vE": -0.02, "vD": 0.13, "alt_msl_m": -2.12, "gps_fix": 3, "sats": 20, "eph_m": 0.77}}, {"type": "Feature", "geometry": {"type": "Point", "coordinates": [24.8360762, -34.19665, -1.86]}, "properties": {"t_s": 53.0, "roll_deg": -179.911, "pitch_deg": 1.273, "yaw_deg": -45.559, "vN": -0.06, "vE": 0.06, "vD": -0.01, "alt_msl_m": -1.86, "gps_fix": 3, "sats": 20, "eph_m": 0.76}}, {"type": "Feature", "geometry": {"type": "Point", "coordinates": [24.836076, -34.1966496, -1.78]}, "properties": {"t_s": 54.0, "roll_deg": -179.843, "pitch_deg": 1.183, "yaw_deg": -45.582, "vN": 0.06, "vE": -0.02, "vD": 0.33, "alt_msl_m": -1.78, "gps_fix": 3, "sats": 19, "eph_m": 0.76}}, {"type": "Feature", "geometry": {"type": "Point", "coordinates": [24.8360757, -34.1966498, -1.83]}, "properties": {"t_s": 55.0, "roll_deg": 179.963, "pitch_deg": 1.376, "yaw_deg": -45.634, "vN": -0.09, "vE": 0.01, "vD": -0.04, "alt_msl_m": -1.83, "gps_fix": 3, "sats": 20, "eph_m": 0.77}}, {"type": "Feature", "geometry": {"type": "Point", "coordinates": [24.8360756, -34.1966496, -1.82]}, "properties": {"t_s": 56.0, "roll_deg": -179.989, "pitch_deg": 1.313, "yaw_deg": -45.674, "vN": -0.02, "vE": 0.01, "vD": 0.01, "alt_msl_m": -1.82, "gps_fix": 3, "sats": 20, "eph_m": 0.77}}, {"type": "Feature", "geometry": {"type": "Point", "coordinates": [24.8360755, -34.1966497, -1.91]}, "properties": {"t_s": 57.0, "roll_deg": 179.979, "pitch_deg": 1.299, "yaw_deg": -45.612, "vN": 0.02, "vE": 0.0, "vD": -0.09, "alt_msl_m": -1.91, "gps_fix": 3, "sats": 20, "eph_m": 0.8}}, {"type": "Feature", "geometry": {"type": "Point", "coordinates": [24.8360753, -34.1966494, -1.86]}, "properties": {"t_s": 58.0, "roll_deg": -179.922, "pitch_deg": 1.343, "yaw_deg": -45.598, "vN": 0.04, "vE": 0.0, "vD": -0.16, "alt_msl_m": -1.86, "gps_fix": 3, "sats": 20, "eph_m": 0.77}}, {"type": "Feature", "geometry": {"type": "Point", "coordinates": [24.8360753, -34.1966491, -1.44]}, "properties": {"t_s": 59.0, "roll_deg": -179.979, "pitch_deg": 1.343, "yaw_deg": -45.628, "vN": 0.07, "vE": 0.04, "vD": 0.09, "alt_msl_m": -1.44, "gps_fix": 3, "sats": 20, "eph_m": 0.77}}, {"type": "Feature", "geometry": {"type": "Point", "coordinates": [24.8360747, -34.1966497, -1.52]}, "properties": {"t_s": 60.0, "roll_deg": 179.95, "pitch_deg": 1.284, "yaw_deg": -45.656, "vN": -0.12, "vE": -0.04, "vD": -0.1, "alt_msl_m": -1.52, "gps_fix": 3, "sats": 20, "eph_m": 0.91}}, {"type": "Feature", "geometry": {"type": "Point", "coordinates": [24.8360746, -34.1966492, -1.47]}, "properties": {"t_s": 61.0, "roll_deg": -179.81, "pitch_deg": 1.253, "yaw_deg": -45.659, "vN": 0.0, "vE": 0.0, "vD": 0.27, "alt_msl_m": -1.47, "gps_fix": 3, "sats": 20, "eph_m": 0.8}}, {"type": "Feature", "geometry": {"type": "Point", "coordinates": [24.8360745, -34.1966489, -1.53]}, "properties": {"t_s": 62.0, "roll_deg": -179.891, "pitch_deg": 1.25, "yaw_deg": -45.719, "vN": 0.01, "vE": 0.03, "vD": -0.05, "alt_msl_m": -1.53, "gps_fix": 3, "sats": 20, "eph_m": 0.8}}, {"type": "Feature", "geometry": {"type": "Point", "coordinates": [24.8360745, -34.1966477, -1.51]}, "properties": {"t_s": 63.0, "roll_deg": -179.87, "pitch_deg": 1.201, "yaw_deg": -45.728, "vN": -0.04, "vE": -0.05, "vD": 0.01, "alt_msl_m": -1.51, "gps_fix": 3, "sats": 20, "eph_m": 0.96}}, {"type": "Feature", "geometry": {"type": "Point", "coordinates": [24.8360742, -34.1966478, -1.52]}, "properties": {"t_s": 64.0, "roll_deg": 179.987, "pitch_deg": 1.298, "yaw_deg": -45.687, "vN": 0.0, "vE": -0.01, "vD": 0.23, "alt_msl_m": -1.52, "gps_fix": 3, "sats": 19, "eph_m": 0.91}}, {"type": "Feature", "geometry": {"type": "Point", "coordinates": [24.8360742, -34.1966475, -1.83]}, "properties": {"t_s": 65.0, "roll_deg": 179.935, "pitch_deg": 1.4, "yaw_deg": -45.66, "vN": 0.09, "vE": -0.04, "vD": 0.03, "alt_msl_m": -1.83, "gps_fix": 3, "sats": 20, "eph_m": 0.76}}, {"type": "Feature", "geometry": {"type": "Point", "coordinates": [24.836074, -34.1966475, -1.86]}, "properties": {"t_s": 66.0, "roll_deg": 179.997, "pitch_deg": 1.205, "yaw_deg": -45.643, "vN": 0.01, "vE": -0.04, "vD": 0.01, "alt_msl_m": -1.86, "gps_fix": 3, "sats": 20, "eph_m": 0.76}}, {"type": "Feature", "geometry": {"type": "Point", "coordinates": [24.8360739, -34.1966473, -1.72]}, "properties": {"t_s": 67.0, "roll_deg": 179.949, "pitch_deg": 1.389, "yaw_deg": -45.614, "vN": 0.03, "vE": -0.04, "vD": -0.06, "alt_msl_m": -1.72, "gps_fix": 3, "sats": 20, "eph_m": 0.91}}, {"type": "Feature", "geometry": {"type": "Point", "coordinates": [24.8360735, -34.1966479, -1.77]}, "properties": {"t_s": 68.0, "roll_deg": 179.944, "pitch_deg": 1.371, "yaw_deg": -45.597, "vN": -0.09, "vE": 0.0, "vD": 0.0, "alt_msl_m": -1.77, "gps_fix": 3, "sats": 18, "eph_m": 0.91}}, {"type": "Feature", "geometry": {"type": "Point", "coordinates": [24.8360728, -34.1966483, -1.7]}, "properties": {"t_s": 69.0, "roll_deg": -179.99, "pitch_deg": 1.354, "yaw_deg": -45.576, "vN": -0.04, "vE": -0.08, "vD": 0.14, "alt_msl_m": -1.7, "gps_fix": 3, "sats": 19, "eph_m": 0.91}}, {"type": "Feature", "geometry": {"type": "Point", "coordinates": [24.8360726, -34.1966491, -1.79]}, "properties": {"t_s": 70.0, "roll_deg": -179.989, "pitch_deg": 1.38, "yaw_deg": -45.552, "vN": -0.06, "vE": -0.03, "vD": 0.06, "alt_msl_m": -1.79, "gps_fix": 3, "sats": 19, "eph_m": 0.77}}, {"type": "Feature", "geometry": {"type": "Point", "coordinates": [24.8360728, -34.1966494, -1.67]}, "properties": {"t_s": 71.0, "roll_deg": -179.926, "pitch_deg": 1.343, "yaw_deg": -45.584, "vN": 0.03, "vE": 0.1, "vD": 0.01, "alt_msl_m": -1.67, "gps_fix": 3, "sats": 19, "eph_m": 0.77}}, {"type": "Feature", "geometry": {"type": "Point", "coordinates": [24.8360723, -34.19665, -1.6]}, "properties": {"t_s": 72.0, "roll_deg": -179.95, "pitch_deg": 1.291, "yaw_deg": -45.557, "vN": 0.0, "vE": 0.0, "vD": 0.19, "alt_msl_m": -1.6, "gps_fix": 3, "sats": 19, "eph_m": 0.77}}, {"type": "Feature", "geometry": {"type": "Point", "coordinates": [24.8360721, -34.1966508, -1.62]}, "properties": {"t_s": 73.0, "roll_deg": -179.925, "pitch_deg": 1.359, "yaw_deg": -45.555, "vN": -0.09, "vE": 0.02, "vD": -0.23, "alt_msl_m": -1.62, "gps_fix": 3, "sats": 19, "eph_m": 0.77}}, {"type": "Feature", "geometry": {"type": "Point", "coordinates": [24.8360717, -34.196651, -1.61]}, "properties": {"t_s": 74.0, "roll_deg": 179.882, "pitch_deg": 1.22, "yaw_deg": -45.551, "vN": 0.15, "vE": -0.04, "vD": 0.24, "alt_msl_m": -1.61, "gps_fix": 3, "sats": 19, "eph_m": 0.8}}, {"type": "Feature", "geometry": {"type": "Point", "coordinates": [24.8360714, -34.1966512, -1.68]}, "properties": {"t_s": 75.0, "roll_deg": 179.821, "pitch_deg": 1.251, "yaw_deg": -45.505, "vN": 0.0, "vE": -0.01, "vD": 0.14, "alt_msl_m": -1.68, "gps_fix": 3, "sats": 20, "eph_m": 0.79}}, {"type": "Feature", "geometry": {"type": "Point", "coordinates": [24.8360715, -34.1966518, -1.66]}, "properties": {"t_s": 76.0, "roll_deg": 179.898, "pitch_deg": 1.369, "yaw_deg": -45.464, "vN": -0.02, "vE": -0.02, "vD": -0.29, "alt_msl_m": -1.66, "gps_fix": 3, "sats": 20, "eph_m": 0.8}}, {"type": "Feature", "geometry": {"type": "Point", "coordinates": [24.8360719, -34.1966522, -1.72]}, "properties": {"t_s": 77.0, "roll_deg": -179.995, "pitch_deg": 1.293, "yaw_deg": -45.444, "vN": -0.08, "vE": -0.02, "vD": 0.09, "alt_msl_m": -1.72, "gps_fix": 3, "sats": 20, "eph_m": 0.77}}, {"type": "Feature", "geometry": {"type": "Point", "coordinates": [24.836072, -34.1966522, -1.72]}, "properties": {"t_s": 78.0, "roll_deg": -179.996, "pitch_deg": 1.293, "yaw_deg": -45.407, "vN": 0.1, "vE": 0.0, "vD": 0.02, "alt_msl_m": -1.72, "gps_fix": 3, "sats": 19, "eph_m": 0.8}}, {"type": "Feature", "geometry": {"type": "Point", "coordinates": [24.8360724, -34.1966526, -1.71]}, "properties": {"t_s": 79.0, "roll_deg": 179.966, "pitch_deg": 1.301, "yaw_deg": -45.421, "vN": 0.04, "vE": 0.05, "vD": 0.09, "alt_msl_m": -1.71, "gps_fix": 3, "sats": 20, "eph_m": 0.8}}, {"type": "Feature", "geometry": {"type": "Point", "coordinates": [24.8360729, -34.1966529, -1.71]}, "properties": {"t_s": 80.0, "roll_deg": -179.918, "pitch_deg": 1.24, "yaw_deg": -45.426, "vN": 0.0, "vE": -0.06, "vD": 0.17, "alt_msl_m": -1.71, "gps_fix": 3, "sats": 19, "eph_m": 0.8}}, {"type": "Feature", "geometry": {"type": "Point", "coordinates": [24.8360732, -34.1966528, -1.79]}, "properties": {"t_s": 81.0, "roll_deg": -179.874, "pitch_deg": 1.184, "yaw_deg": -45.433, "vN": -0.04, "vE": 0.0, "vD": -0.16, "alt_msl_m": -1.79, "gps_fix": 3, "sats": 20, "eph_m": 0.77}}, {"type": "Feature", "geometry": {"type": "Point", "coordinates": [24.8360736, -34.1966533, -1.76]}, "properties": {"t_s": 82.0, "roll_deg": -179.918, "pitch_deg": 1.166, "yaw_deg": -45.441, "vN": -0.08, "vE": 0.02, "vD": 0.16, "alt_msl_m": -1.76, "gps_fix": 3, "sats": 20, "eph_m": 0.77}}, {"type": "Feature", "geometry": {"type": "Point", "coordinates": [24.8360743, -34.1966535, -1.72]}, "properties": {"t_s": 83.0, "roll_deg": -179.817, "pitch_deg": 1.226, "yaw_deg": -45.446, "vN": -0.08, "vE": -0.04, "vD": 0.04, "alt_msl_m": -1.72, "gps_fix": 3, "sats": 20, "eph_m": 0.78}}, {"type": "Feature", "geometry": {"type": "Point", "coordinates": [24.8360749, -34.1966536, -1.63]}, "properties": {"t_s": 84.0, "roll_deg": -179.939, "pitch_deg": 1.176, "yaw_deg": -45.481, "vN": 0.01, "vE": -0.02, "vD": -0.05, "alt_msl_m": -1.63, "gps_fix": 3, "sats": 20, "eph_m": 0.78}}, {"type": "Feature", "geometry": {"type": "Point", "coordinates": [24.8360757, -34.1966537, -1.61]}, "properties": {"t_s": 85.0, "roll_deg": -179.933, "pitch_deg": 1.23, "yaw_deg": -45.491, "vN": 0.03, "vE": -0.03, "vD": 0.12, "alt_msl_m": -1.61, "gps_fix": 3, "sats": 20, "eph_m": 0.77}}, {"type": "Feature", "geometry": {"type": "Point", "coordinates": [24.8360764, -34.196654, -1.57]}, "properties": {"t_s": 86.0, "roll_deg": -179.944, "pitch_deg": 1.303, "yaw_deg": -45.507, "vN": -0.07, "vE": 0.02, "vD": -0.13, "alt_msl_m": -1.57, "gps_fix": 3, "sats": 20, "eph_m": 0.77}}, {"type": "Feature", "geometry": {"type": "Point", "coordinates": [24.836077, -34.1966541, -1.64]}, "properties": {"t_s": 87.0, "roll_deg": -179.957, "pitch_deg": 1.33, "yaw_deg": -45.548, "vN": 0.01, "vE": 0.0, "vD": -0.17, "alt_msl_m": -1.64, "gps_fix": 3, "sats": 20, "eph_m": 0.77}}, {"type": "Feature", "geometry": {"type": "Point", "coordinates": [24.8360774, -34.1966543, -1.59]}, "properties": {"t_s": 88.0, "roll_deg": 179.936, "pitch_deg": 1.337, "yaw_deg": -45.546, "vN": 0.03, "vE": 0.04, "vD": -0.42, "alt_msl_m": -1.59, "gps_fix": 3, "sats": 20, "eph_m": 0.77}}, {"type": "Feature", "geometry": {"type": "Point", "coordinates": [24.8360777, -34.1966549, -0.97]}, "properties": {"t_s": 89.0, "roll_deg": 179.938, "pitch_deg": 1.233, "yaw_deg": -45.562, "vN": 0.0, "vE": 0.01, "vD": -0.14, "alt_msl_m": -0.97, "gps_fix": 3, "sats": 19, "eph_m": 0.77}}, {"type": "Feature", "geometry": {"type": "Point", "coordinates": [24.836078, -34.1966553, -0.96]}, "properties": {"t_s": 90.0, "roll_deg": 179.919, "pitch_deg": 1.226, "yaw_deg": -45.557, "vN": 0.03, "vE": 0.08, "vD": 0.3, "alt_msl_m": -0.96, "gps_fix": 3, "sats": 20, "eph_m": 0.77}}, {"type": "Feature", "geometry": {"type": "Point", "coordinates": [24.8360778, -34.1966556, -1.02]}, "properties": {"t_s": 91.0, "roll_deg": 179.873, "pitch_deg": 1.377, "yaw_deg": -45.495, "vN": -0.04, "vE": -0.1, "vD": 0.07, "alt_msl_m": -1.02, "gps_fix": 3, "sats": 19, "eph_m": 0.77}}, {"type": "Feature", "geometry": {"type": "Point", "coordinates": [24.8360777, -34.196656, -0.93]}, "properties": {"t_s": 92.0, "roll_deg": 179.806, "pitch_deg": 1.376, "yaw_deg": -45.465, "vN": 0.04, "vE": -0.01, "vD": -0.1, "alt_msl_m": -0.93, "gps_fix": 3, "sats": 19, "eph_m": 0.77}}, {"type": "Feature", "geometry": {"type": "Point", "coordinates": [24.8360779, -34.1966562, -0.9]}, "properties": {"t_s": 93.0, "roll_deg": 179.901, "pitch_deg": 1.374, "yaw_deg": -45.452, "vN": 0.07, "vE": 0.07, "vD": -0.12, "alt_msl_m": -0.9, "gps_fix": 3, "sats": 20, "eph_m": 0.77}}, {"type": "Feature", "geometry": {"type": "Point", "coordinates": [24.836078, -34.1966567, -0.92]}, "properties": {"t_s": 94.0, "roll_deg": 179.936, "pitch_deg": 1.415, "yaw_deg": -45.482, "vN": -0.06, "vE": 0.0, "vD": -0.25, "alt_msl_m": -0.92, "gps_fix": 3, "sats": 20, "eph_m": 0.76}}, {"type": "Feature", "geometry": {"type": "Point", "coordinates": [24.8360783, -34.1966565, -0.29]}, "properties": {"t_s": 95.0, "roll_deg": -179.993, "pitch_deg": 1.273, "yaw_deg": -45.469, "vN": 0.01, "vE": 0.03, "vD": -0.11, "alt_msl_m": -0.29, "gps_fix": 3, "sats": 19, "eph_m": 0.76}}, {"type": "Feature", "geometry": {"type": "Point", "coordinates": [24.8360781, -34.1966561, -0.27]}, "properties": {"t_s": 96.0, "roll_deg": 179.96, "pitch_deg": 1.292, "yaw_deg": -45.499, "vN": 0.09, "vE": -0.03, "vD": 0.21, "alt_msl_m": -0.27, "gps_fix": 3, "sats": 19, "eph_m": 0.76}}, {"type": "Feature", "geometry": {"type": "Point", "coordinates": [24.8360781, -34.1966562, -0.25]}, "properties": {"t_s": 97.0, "roll_deg": 179.91, "pitch_deg": 1.356, "yaw_deg": -45.472, "vN": -0.06, "vE": -0.1, "vD": 0.07, "alt_msl_m": -0.25, "gps_fix": 3, "sats": 20, "eph_m": 0.77}}, {"type": "Feature", "geometry": {"type": "Point", "coordinates": [24.8360784, -34.1966564, -0.45]}, "properties": {"t_s": 98.0, "roll_deg": -179.93, "pitch_deg": 1.28, "yaw_deg": -45.468, "vN": 0.0, "vE": -0.03, "vD": 0.33, "alt_msl_m": -0.45, "gps_fix": 3, "sats": 19, "eph_m": 0.76}}, {"type": "Feature", "geometry": {"type": "Point", "coordinates": [24.8360787, -34.1966567, -0.28]}, "properties": {"t_s": 99.0, "roll_deg": -179.891, "pitch_deg": 1.297, "yaw_deg": -45.505, "vN": -0.15, "vE": -0.04, "vD": 0.04, "alt_msl_m": -0.28, "gps_fix": 3, "sats": 20, "eph_m": 0.79}}, {"type": "Feature", "geometry": {"type": "Point", "coordinates": [24.8360786, -34.1966571, -0.29]}, "properties": {"t_s": 100.0, "roll_deg": -179.975, "pitch_deg": 1.26, "yaw_deg": -45.514, "vN": -0.06, "vE": 0.05, "vD": -0.16, "alt_msl_m": -0.29, "gps_fix": 3, "sats": 20, "eph_m": 0.79}}, {"type": "Feature", "geometry": {"type": "Point", "coordinates": [24.8360786, -34.1966579, -0.83]}, "properties": {"t_s": 101.0, "roll_deg": -179.941, "pitch_deg": 1.231, "yaw_deg": -45.511, "vN": -0.1, "vE": 0.02, "vD": -0.05, "alt_msl_m": -0.83, "gps_fix": 3, "sats": 19, "eph_m": 0.8}}, {"type": "Feature", "geometry": {"type": "Point", "coordinates": [24.8360787, -34.1966582, -0.83]}, "properties": {"t_s": 102.0, "roll_deg": 179.92, "pitch_deg": 1.372, "yaw_deg": -45.5, "vN": 0.08, "vE": 0.03, "vD": 0.02, "alt_msl_m": -0.83, "gps_fix": 3, "sats": 20, "eph_m": 0.77}}, {"type": "Feature", "geometry": {"type": "Point", "coordinates": [24.8360783, -34.1966586, -0.81]}, "properties": {"t_s": 103.0, "roll_deg": 179.919, "pitch_deg": 1.274, "yaw_deg": -45.511, "vN": -0.01, "vE": 0.01, "vD": -0.11, "alt_msl_m": -0.81, "gps_fix": 3, "sats": 20, "eph_m": 0.77}}, {"type": "Feature", "geometry": {"type": "Point", "coordinates": [24.836078, -34.1966587, -0.76]}, "properties": {"t_s": 104.0, "roll_deg": -179.998, "pitch_deg": 1.329, "yaw_deg": -45.509, "vN": -0.03, "vE": 0.0, "vD": -0.03, "alt_msl_m": -0.76, "gps_fix": 3, "sats": 20, "eph_m": 0.77}}, {"type": "Feature", "geometry": {"type": "Point", "coordinates": [24.8360775, -34.1966586, -0.81]}, "properties": {"t_s": 105.0, "roll_deg": 179.947, "pitch_deg": 1.328, "yaw_deg": -45.509, "vN": 0.0, "vE": 0.03, "vD": -0.33, "alt_msl_m": -0.81, "gps_fix": 3, "sats": 20, "eph_m": 0.77}}, {"type": "Feature", "geometry": {"type": "Point", "coordinates": [24.8360771, -34.1966584, -0.85]}, "properties": {"t_s": 106.0, "roll_deg": 179.966, "pitch_deg": 1.344, "yaw_deg": -45.526, "vN": 0.1, "vE": 0.02, "vD": 0.12, "alt_msl_m": -0.85, "gps_fix": 3, "sats": 20, "eph_m": 0.77}}, {"type": "Feature", "geometry": {"type": "Point", "coordinates": [24.8360766, -34.1966585, -0.88]}, "properties": {"t_s": 107.0, "roll_deg": 179.984, "pitch_deg": 1.253, "yaw_deg": -45.528, "vN": 0.03, "vE": 0.02, "vD": 0.21, "alt_msl_m": -0.88, "gps_fix": 3, "sats": 20, "eph_m": 0.77}}, {"type": "Feature", "geometry": {"type": "Point", "coordinates": [24.8360758, -34.1966589, -0.93]}, "properties": {"t_s": 108.0, "roll_deg": 179.928, "pitch_deg": 1.255, "yaw_deg": -45.524, "vN": -0.09, "vE": -0.02, "vD": 0.13, "alt_msl_m": -0.93, "gps_fix": 3, "sats": 20, "eph_m": 0.76}}, {"type": "Feature", "geometry": {"type": "Point", "coordinates": [24.8360757, -34.1966594, -0.86]}, "properties": {"t_s": 109.0, "roll_deg": 179.839, "pitch_deg": 1.341, "yaw_deg": -45.506, "vN": -0.04, "vE": 0.0, "vD": -0.11, "alt_msl_m": -0.86, "gps_fix": 3, "sats": 20, "eph_m": 0.76}}, {"type": "Feature", "geometry": {"type": "Point", "coordinates": [24.8360757, -34.1966601, -0.81]}, "properties": {"t_s": 110.0, "roll_deg": 179.819, "pitch_deg": 1.406, "yaw_deg": -45.505, "vN": -0.06, "vE": 0.02, "vD": -0.11, "alt_msl_m": -0.81, "gps_fix": 3, "sats": 20, "eph_m": 0.76}}, {"type": "Feature", "geometry": {"type": "Point", "coordinates": [24.8360755, -34.1966605, -0.86]}, "properties": {"t_s": 111.0, "roll_deg": -179.998, "pitch_deg": 1.38, "yaw_deg": -45.474, "vN": 0.0, "vE": 0.0, "vD": -0.07, "alt_msl_m": -0.86, "gps_fix": 3, "sats": 20, "eph_m": 0.77}}, {"type": "Feature", "geometry": {"type": "Point", "coordinates": [24.8360752, -34.1966608, -0.82]}, "properties": {"t_s": 112.0, "roll_deg": -179.99, "pitch_deg": 1.376, "yaw_deg": -45.525, "vN": -0.07, "vE": -0.11, "vD": 0.11, "alt_msl_m": -0.82, "gps_fix": 3, "sats": 20, "eph_m": 0.76}}, {"type": "Feature", "geometry": {"type": "Point", "coordinates": [24.8360749, -34.1966612, -0.75]}, "properties": {"t_s": 113.0, "roll_deg": -179.931, "pitch_deg": 1.424, "yaw_deg": -45.499, "vN": 0.0, "vE": -0.03, "vD": 0.21, "alt_msl_m": -0.75, "gps_fix": 3, "sats": 19, "eph_m": 0.76}}, {"type": "Feature", "geometry": {"type": "Point", "coordinates": [24.8360746, -34.1966612, -0.7]}, "properties": {"t_s": 114.0, "roll_deg": -179.986, "pitch_deg": 1.406, "yaw_deg": -45.51, "vN": 0.02, "vE": 0.02, "vD": -0.05, "alt_msl_m": -0.7, "gps_fix": 3, "sats": 19, "eph_m": 0.76}}, {"type": "Feature", "geometry": {"type": "Point", "coordinates": [24.8360747, -34.1966613, -0.73]}, "properties": {"t_s": 115.0, "roll_deg": -179.966, "pitch_deg": 1.426, "yaw_deg": -45.537, "vN": -0.11, "vE": 0.04, "vD": -0.27, "alt_msl_m": -0.73, "gps_fix": 3, "sats": 19, "eph_m": 0.77}}, {"type": "Feature", "geometry": {"type": "Point", "coordinates": [24.836075, -34.1966613, -0.82]}, "properties": {"t_s": 116.0, "roll_deg": -179.845, "pitch_deg": 1.32, "yaw_deg": -45.544, "vN": -0.11, "vE": -0.02, "vD": 0.16, "alt_msl_m": -0.82, "gps_fix": 3, "sats": 20, "eph_m": 0.8}}, {"type": "Feature", "geometry": {"type": "Point", "coordinates": [24.8360749, -34.1966613, -0.75]}, "properties": {"t_s": 117.0, "roll_deg": -179.91, "pitch_deg": 1.186, "yaw_deg": -45.583, "vN": -0.02, "vE": 0.05, "vD": -0.02, "alt_msl_m": -0.75, "gps_fix": 3, "sats": 20, "eph_m": 0.8}}, {"type": "Feature", "geometry": {"type": "Point", "coordinates": [24.8360746, -34.1966609, -0.74]}, "properties": {"t_s": 118.0, "roll_deg": -179.908, "pitch_deg": 1.202, "yaw_deg": -45.597, "vN": 0.04, "vE": -0.03, "vD": 0.22, "alt_msl_m": -0.74, "gps_fix": 3, "sats": 19, "eph_m": 0.77}}, {"type": "Feature", "geometry": {"type": "Point", "coordinates": [24.8360744, -34.196661, -1.13]}, "properties": {"t_s": 119.0, "roll_deg": -179.879, "pitch_deg": 1.25, "yaw_deg": -45.622, "vN": 0.01, "vE": 0.0, "vD": 0.06, "alt_msl_m": -1.13, "gps_fix": 3, "sats": 20, "eph_m": 0.77}}, {"type": "Feature", "geometry": {"type": "Point", "coordinates": [24.8360744, -34.1966612, -1.11]}, "properties": {"t_s": 120.0, "roll_deg": -179.981, "pitch_deg": 1.313, "yaw_deg": -45.669, "vN": 0.04, "vE": 0.02, "vD": -0.05, "alt_msl_m": -1.11, "gps_fix": 3, "sats": 20, "eph_m": 0.77}}, {"type": "Feature", "geometry": {"type": "Point", "coordinates": [24.8360739, -34.1966611, -1.17]}, "properties": {"t_s": 121.0, "roll_deg": -179.943, "pitch_deg": 1.273, "yaw_deg": -45.665, "vN": -0.02, "vE": 0.04, "vD": -0.15, "alt_msl_m": -1.17, "gps_fix": 3, "sats": 20, "eph_m": 0.77}}, {"type": "Feature", "geometry": {"type": "Point", "coordinates": [24.8360735, -34.1966613, -1.1]}, "properties": {"t_s": 122.0, "roll_deg": 179.984, "pitch_deg": 1.299, "yaw_deg": -45.693, "vN": -0.1, "vE": -0.02, "vD": -0.07, "alt_msl_m": -1.1, "gps_fix": 3, "sats": 19, "eph_m": 0.76}}, {"type": "Feature", "geometry": {"type": "Point", "coordinates": [24.8360738, -34.1966614, -1.15]}, "properties": {"t_s": 123.0, "roll_deg": -179.829, "pitch_deg": 1.227, "yaw_deg": -45.635, "vN": -0.07, "vE": -0.05, "vD": -0.09, "alt_msl_m": -1.15, "gps_fix": 3, "sats": 20, "eph_m": 0.76}}, {"type": "Feature", "geometry": {"type": "Point", "coordinates": [24.836074, -34.1966618, -1.19]}, "properties": {"t_s": 124.0, "roll_deg": -179.91, "pitch_deg": 1.253, "yaw_deg": -45.614, "vN": -0.16, "vE": 0.03, "vD": -0.58, "alt_msl_m": -1.19, "gps_fix": 3, "sats": 20, "eph_m": 0.76}}, {"type": "Feature", "geometry": {"type": "Point", "coordinates": [24.836074, -34.1966617, -1.1]}, "properties": {"t_s": 125.0, "roll_deg": -179.896, "pitch_deg": 1.285, "yaw_deg": -45.637, "vN": 0.0, "vE": -0.08, "vD": 0.04, "alt_msl_m": -1.1, "gps_fix": 3, "sats": 20, "eph_m": 0.77}}, {"type": "Feature", "geometry": {"type": "Point", "coordinates": [24.8360743, -34.1966618, -1.16]}, "properties": {"t_s": 126.0, "roll_deg": -179.7, "pitch_deg": 1.074, "yaw_deg": -45.676, "vN": 0.0, "vE": -0.09, "vD": 0.07, "alt_msl_m": -1.16, "gps_fix": 3, "sats": 19, "eph_m": 0.77}}, {"type": "Feature", "geometry": {"type": "Point", "coordinates": [24.8360744, -34.1966623, -1.09]}, "properties": {"t_s": 127.0, "roll_deg": -179.878, "pitch_deg": 1.159, "yaw_deg": -45.705, "vN": 0.1, "vE": -0.04, "vD": 0.15, "alt_msl_m": -1.09, "gps_fix": 3, "sats": 19, "eph_m": 0.77}}, {"type": "Feature", "geometry": {"type": "Point", "coordinates": [24.8360744, -34.1966622, -1.03]}, "properties": {"t_s": 128.0, "roll_deg": -179.873, "pitch_deg": 1.081, "yaw_deg": -45.726, "vN": -0.02, "vE": -0.04, "vD": -0.08, "alt_msl_m": -1.03, "gps_fix": 3, "sats": 19, "eph_m": 0.77}}, {"type": "Feature", "geometry": {"type": "Point", "coordinates": [24.8360744, -34.1966628, -1.1]}, "properties": {"t_s": 129.0, "roll_deg": -179.876, "pitch_deg": 1.079, "yaw_deg": -45.704, "vN": 0.08, "vE": -0.02, "vD": 0.28, "alt_msl_m": -1.1, "gps_fix": 3, "sats": 19, "eph_m": 0.8}}, {"type": "Feature", "geometry": {"type": "Point", "coordinates": [24.8360747, -34.1966629, -1.03]}, "properties": {"t_s": 130.0, "roll_deg": -179.942, "pitch_deg": 1.145, "yaw_deg": -45.743, "vN": 0.02, "vE": 0.01, "vD": -0.09, "alt_msl_m": -1.03, "gps_fix": 3, "sats": 19, "eph_m": 0.77}}, {"type": "Feature", "geometry": {"type": "Point", "coordinates": [24.8360747, -34.196663, -1.4]}, "properties": {"t_s": 131.0, "roll_deg": -179.938, "pitch_deg": 1.168, "yaw_deg": -45.73, "vN": -0.03, "vE": -0.07, "vD": -0.11, "alt_msl_m": -1.4, "gps_fix": 3, "sats": 19, "eph_m": 0.77}}, {"type": "Feature", "geometry": {"type": "Point", "coordinates": [24.8360752, -34.1966634, -1.34]}, "properties": {"t_s": 132.0, "roll_deg": 179.94, "pitch_deg": 1.245, "yaw_deg": -45.747, "vN": 0.02, "vE": -0.03, "vD": -0.07, "alt_msl_m": -1.34, "gps_fix": 3, "sats": 18, "eph_m": 0.78}}, {"type": "Feature", "geometry": {"type": "Point", "coordinates": [24.8360754, -34.1966637, -1.29]}, "properties": {"t_s": 133.0, "roll_deg": 179.981, "pitch_deg": 1.209, "yaw_deg": -45.724, "vN": -0.03, "vE": -0.06, "vD": 0.0, "alt_msl_m": -1.29, "gps_fix": 3, "sats": 19, "eph_m": 0.78}}, {"type": "Feature", "geometry": {"type": "Point", "coordinates": [24.8360764, -34.1966642, -1.35]}, "properties": {"t_s": 134.0, "roll_deg": -179.997, "pitch_deg": 1.243, "yaw_deg": -45.69, "vN": -0.07, "vE": 0.1, "vD": -0.17, "alt_msl_m": -1.35, "gps_fix": 3, "sats": 19, "eph_m": 0.78}}, {"type": "Feature", "geometry": {"type": "Point", "coordinates": [24.8360767, -34.1966649, -1.39]}, "properties": {"t_s": 135.0, "roll_deg": 179.921, "pitch_deg": 1.174, "yaw_deg": -45.667, "vN": -0.15, "vE": 0.02, "vD": -0.11, "alt_msl_m": -1.39, "gps_fix": 3, "sats": 19, "eph_m": 0.78}}, {"type": "Feature", "geometry": {"type": "Point", "coordinates": [24.836077, -34.1966652, -1.42]}, "properties": {"t_s": 136.0, "roll_deg": -179.98, "pitch_deg": 1.266, "yaw_deg": -45.626, "vN": -0.05, "vE": -0.07, "vD": -0.16, "alt_msl_m": -1.42, "gps_fix": 3, "sats": 19, "eph_m": 0.78}}, {"type": "Feature", "geometry": {"type": "Point", "coordinates": [24.8360773, -34.1966652, -0.44]}, "properties": {"t_s": 137.0, "roll_deg": -179.894, "pitch_deg": 1.171, "yaw_deg": -45.62, "vN": 0.04, "vE": 0.02, "vD": 0.04, "alt_msl_m": -0.44, "gps_fix": 3, "sats": 18, "eph_m": 0.81}}, {"type": "Feature", "geometry": {"type": "Point", "coordinates": [24.8360771, -34.1966653, -0.29]}, "properties": {"t_s": 138.0, "roll_deg": -179.923, "pitch_deg": 1.178, "yaw_deg": -45.646, "vN": 0.03, "vE": -0.06, "vD": 0.13, "alt_msl_m": -0.29, "gps_fix": 3, "sats": 19, "eph_m": 0.81}}, {"type": "Feature", "geometry": {"type": "Point", "coordinates": [24.8360774, -34.1966657, -0.44]}, "properties": {"t_s": 139.0, "roll_deg": 179.842, "pitch_deg": 1.259, "yaw_deg": -45.625, "vN": 0.07, "vE": 0.0, "vD": 0.06, "alt_msl_m": -0.44, "gps_fix": 3, "sats": 20, "eph_m": 0.78}}, {"type": "Feature", "geometry": {"type": "Point", "coordinates": [24.8360777, -34.1966661, -0.44]}, "properties": {"t_s": 140.0, "roll_deg": 179.99, "pitch_deg": 1.317, "yaw_deg": -45.584, "vN": 0.04, "vE": 0.03, "vD": 0.06, "alt_msl_m": -0.44, "gps_fix": 3, "sats": 20, "eph_m": 0.8}}, {"type": "Feature", "geometry": {"type": "Point", "coordinates": [24.8360783, -34.1966669, -0.57]}, "properties": {"t_s": 141.0, "roll_deg": 179.982, "pitch_deg": 1.219, "yaw_deg": -45.55, "vN": -0.01, "vE": 0.02, "vD": -0.05, "alt_msl_m": -0.57, "gps_fix": 3, "sats": 19, "eph_m": 0.78}}, {"type": "Feature", "geometry": {"type": "Point", "coordinates": [24.8360784, -34.1966675, -0.37]}, "properties": {"t_s": 142.0, "roll_deg": 179.898, "pitch_deg": 1.241, "yaw_deg": -45.517, "vN": -0.05, "vE": -0.03, "vD": -0.16, "alt_msl_m": -0.37, "gps_fix": 3, "sats": 20, "eph_m": 0.77}}, {"type": "Feature", "geometry": {"type": "Point", "coordinates": [24.8360785, -34.1966679, 0.42]}, "properties": {"t_s": 143.0, "roll_deg": 179.894, "pitch_deg": 1.176, "yaw_deg": -45.52, "vN": -0.07, "vE": -0.02, "vD": -0.05, "alt_msl_m": 0.42, "gps_fix": 3, "sats": 20, "eph_m": 0.77}}, {"type": "Feature", "geometry": {"type": "Point", "coordinates": [24.8360784, -34.1966677, 0.46]}, "properties": {"t_s": 144.0, "roll_deg": 179.878, "pitch_deg": 1.185, "yaw_deg": -45.451, "vN": 0.06, "vE": 0.02, "vD": 0.12, "alt_msl_m": 0.46, "gps_fix": 3, "sats": 20, "eph_m": 0.8}}, {"type": "Feature", "geometry": {"type": "Point", "coordinates": [24.8360784, -34.1966676, 0.43]}, "properties": {"t_s": 145.0, "roll_deg": 179.918, "pitch_deg": 1.228, "yaw_deg": -45.448, "vN": 0.02, "vE": 0.02, "vD": -0.01, "alt_msl_m": 0.43, "gps_fix": 3, "sats": 20, "eph_m": 0.77}}, {"type": "Feature", "geometry": {"type": "Point", "coordinates": [24.8360782, -34.196668, 0.43]}, "properties": {"t_s": 146.0, "roll_deg": 179.861, "pitch_deg": 1.248, "yaw_deg": -45.418, "vN": -0.04, "vE": 0.06, "vD": -0.33, "alt_msl_m": 0.43, "gps_fix": 3, "sats": 20, "eph_m": 0.77}}, {"type": "Feature", "geometry": {"type": "Point", "coordinates": [24.8360781, -34.196668, 0.47]}, "properties": {"t_s": 147.0, "roll_deg": 179.89, "pitch_deg": 1.182, "yaw_deg": -45.382, "vN": -0.01, "vE": -0.01, "vD": 0.14, "alt_msl_m": 0.47, "gps_fix": 3, "sats": 20, "eph_m": 0.77}}, {"type": "Feature", "geometry": {"type": "Point", "coordinates": [24.8360786, -34.1966682, 0.42]}, "properties": {"t_s": 148.0, "roll_deg": -179.929, "pitch_deg": 1.25, "yaw_deg": -45.366, "vN": 0.02, "vE": -0.02, "vD": 0.08, "alt_msl_m": 0.42, "gps_fix": 3, "sats": 20, "eph_m": 0.77}}, {"type": "Feature", "geometry": {"type": "Point", "coordinates": [24.8360782, -34.1966679, 0.55]}, "properties": {"t_s": 149.0, "roll_deg": 179.986, "pitch_deg": 1.134, "yaw_deg": -45.378, "vN": -0.12, "vE": -0.01, "vD": -0.07, "alt_msl_m": 0.55, "gps_fix": 3, "sats": 19, "eph_m": 0.77}}, {"type": "Feature", "geometry": {"type": "Point", "coordinates": [24.836078, -34.1966673, 0.55]}, "properties": {"t_s": 150.0, "roll_deg": -179.999, "pitch_deg": 1.089, "yaw_deg": -45.364, "vN": -0.05, "vE": -0.09, "vD": -0.19, "alt_msl_m": 0.55, "gps_fix": 3, "sats": 21, "eph_m": 0.73}}]}